split,method,metric,mean,ci95,n
authority_churn_shift,authority_boundary_v4,task_success,0.309896,0.025017,10
authority_churn_shift,authority_boundary_v4,safety_violation,0.216667,0.012750,10
authority_churn_shift,authority_boundary_v4,authority_regret,0.345654,0.000233,10
authority_churn_shift,authority_boundary_v4,human_burden,0.829892,0.000755,10
authority_churn_shift,authority_boundary_v4,late_handoff,0.308544,0.000817,10
authority_churn_shift,authority_boundary_v4,handoff_churn,0.489009,0.000542,10
authority_churn_shift,authority_boundary_v4,recovery_success,0.557243,0.000795,10
authority_churn_shift,authority_boundary_v4,intervention_cost,0.382795,0.000355,10
authority_churn_shift,authority_boundary_v4,boundary_calibration_error,0.263458,0.000486,10
authority_churn_shift,authority_boundary_v4,override_precision,0.503375,0.001010,10
authority_churn_shift,authority_boundary_v4,unsafe_autonomy,0.046764,0.000114,10
authority_churn_shift,authority_boundary_v4,robust_utility,-0.211773,0.029058,10
authority_churn_shift,authority_boundary_v5,task_success,0.376563,0.021089,10
authority_churn_shift,authority_boundary_v5,safety_violation,0.213542,0.009744,10
authority_churn_shift,authority_boundary_v5,authority_regret,0.310111,0.000669,10
authority_churn_shift,authority_boundary_v5,human_burden,0.676194,0.000877,10
authority_churn_shift,authority_boundary_v5,late_handoff,0.293823,0.000824,10
authority_churn_shift,authority_boundary_v5,handoff_churn,0.469821,0.000718,10
authority_churn_shift,authority_boundary_v5,recovery_success,0.624742,0.000601,10
authority_churn_shift,authority_boundary_v5,intervention_cost,0.368212,0.000573,10
authority_churn_shift,authority_boundary_v5,boundary_calibration_error,0.253658,0.000512,10
authority_churn_shift,authority_boundary_v5,override_precision,0.533726,0.000655,10
authority_churn_shift,authority_boundary_v5,unsafe_autonomy,0.067612,0.000241,10
authority_churn_shift,authority_boundary_v5,robust_utility,-0.085880,0.022699,10
authority_churn_shift,bayesian_authority_allocation,task_success,0.345833,0.022427,10
authority_churn_shift,bayesian_authority_allocation,safety_violation,0.251042,0.023119,10
authority_churn_shift,bayesian_authority_allocation,authority_regret,0.330062,0.000479,10
authority_churn_shift,bayesian_authority_allocation,human_burden,0.699392,0.001063,10
authority_churn_shift,bayesian_authority_allocation,late_handoff,0.329078,0.000794,10
authority_churn_shift,bayesian_authority_allocation,handoff_churn,0.459951,0.001065,10
authority_churn_shift,bayesian_authority_allocation,recovery_success,0.545361,0.000580,10
authority_churn_shift,bayesian_authority_allocation,intervention_cost,0.361349,0.000480,10
authority_churn_shift,bayesian_authority_allocation,boundary_calibration_error,0.253244,0.000388,10
authority_churn_shift,bayesian_authority_allocation,override_precision,0.493506,0.000606,10
authority_churn_shift,bayesian_authority_allocation,unsafe_autonomy,0.068750,0.000241,10
authority_churn_shift,bayesian_authority_allocation,robust_utility,-0.160535,0.028293,10
authority_churn_shift,cbf_safety_filter,task_success,0.454167,0.021294,10
authority_churn_shift,cbf_safety_filter,safety_violation,0.142708,0.019795,10
authority_churn_shift,cbf_safety_filter,authority_regret,0.262202,0.000670,10
authority_churn_shift,cbf_safety_filter,human_burden,0.295032,0.001229,10
authority_churn_shift,cbf_safety_filter,late_handoff,0.281868,0.000821,10
authority_churn_shift,cbf_safety_filter,handoff_churn,0.389090,0.000656,10
authority_churn_shift,cbf_safety_filter,recovery_success,0.660958,0.000497,10
authority_churn_shift,cbf_safety_filter,intervention_cost,0.215078,0.000309,10
authority_churn_shift,cbf_safety_filter,boundary_calibration_error,0.243595,0.000621,10
authority_churn_shift,cbf_safety_filter,override_precision,0.564302,0.000518,10
authority_churn_shift,cbf_safety_filter,unsafe_autonomy,0.105741,0.000377,10
authority_churn_shift,cbf_safety_filter,robust_utility,0.168909,0.025106,10
authority_churn_shift,confidence_threshold_shared_control,task_success,0.160417,0.015946,10
authority_churn_shift,confidence_threshold_shared_control,safety_violation,0.276563,0.018728,10
authority_churn_shift,confidence_threshold_shared_control,authority_regret,0.436527,0.000394,10
authority_churn_shift,confidence_threshold_shared_control,human_burden,0.849919,0.000937,10
authority_churn_shift,confidence_threshold_shared_control,late_handoff,0.382228,0.000709,10
authority_churn_shift,confidence_threshold_shared_control,handoff_churn,0.519643,0.000710,10
authority_churn_shift,confidence_threshold_shared_control,recovery_success,0.352731,0.001119,10
authority_churn_shift,confidence_threshold_shared_control,intervention_cost,0.368218,0.000419,10
authority_churn_shift,confidence_threshold_shared_control,boundary_calibration_error,0.314078,0.000350,10
authority_churn_shift,confidence_threshold_shared_control,override_precision,0.373557,0.000499,10
authority_churn_shift,confidence_threshold_shared_control,unsafe_autonomy,0.055958,0.000123,10
authority_churn_shift,confidence_threshold_shared_control,robust_utility,-0.456281,0.025051,10
authority_churn_shift,controller_fusion_prior,task_success,0.100000,0.018248,10
authority_churn_shift,controller_fusion_prior,safety_violation,0.337500,0.021618,10
authority_churn_shift,controller_fusion_prior,authority_regret,0.556124,0.000680,10
authority_churn_shift,controller_fusion_prior,human_burden,0.438631,0.000716,10
authority_churn_shift,controller_fusion_prior,late_handoff,0.383684,0.000931,10
authority_churn_shift,controller_fusion_prior,handoff_churn,0.489492,0.000806,10
authority_churn_shift,controller_fusion_prior,recovery_success,0.207765,0.000814,10
authority_churn_shift,controller_fusion_prior,intervention_cost,0.224866,0.000457,10
authority_churn_shift,controller_fusion_prior,boundary_calibration_error,0.323614,0.000316,10
authority_churn_shift,controller_fusion_prior,override_precision,0.273908,0.000726,10
authority_churn_shift,controller_fusion_prior,unsafe_autonomy,0.239224,0.000355,10
authority_churn_shift,controller_fusion_prior,robust_utility,-0.479546,0.024924,10
authority_churn_shift,fixed_human_teleoperation,task_success,0.161979,0.011229,10
authority_churn_shift,fixed_human_teleoperation,safety_violation,0.247917,0.020314,10
authority_churn_shift,fixed_human_teleoperation,authority_regret,0.399634,0.000546,10
authority_churn_shift,fixed_human_teleoperation,human_burden,1.000000,0.000000,10
authority_churn_shift,fixed_human_teleoperation,late_handoff,0.399708,0.000922,10
authority_churn_shift,fixed_human_teleoperation,handoff_churn,0.359818,0.000672,10
authority_churn_shift,fixed_human_teleoperation,recovery_success,0.404586,0.000794,10
authority_churn_shift,fixed_human_teleoperation,intervention_cost,0.458311,0.000427,10
authority_churn_shift,fixed_human_teleoperation,boundary_calibration_error,0.293393,0.000502,10
authority_churn_shift,fixed_human_teleoperation,override_precision,0.453798,0.000837,10
authority_churn_shift,fixed_human_teleoperation,unsafe_autonomy,0.049730,0.000105,10
authority_churn_shift,fixed_human_teleoperation,robust_utility,-0.452233,0.016817,10
authority_churn_shift,fixed_policy_authority,task_success,0.020313,0.005581,10
authority_churn_shift,fixed_policy_authority,safety_violation,0.394271,0.019372,10
authority_churn_shift,fixed_policy_authority,authority_regret,0.630417,0.000603,10
authority_churn_shift,fixed_policy_authority,human_burden,0.269693,0.000628,10
authority_churn_shift,fixed_policy_authority,late_handoff,0.538343,0.000913,10
authority_churn_shift,fixed_policy_authority,handoff_churn,0.369268,0.000815,10
authority_churn_shift,fixed_policy_authority,recovery_success,0.007042,0.000466,10
authority_churn_shift,fixed_policy_authority,intervention_cost,0.139388,0.000539,10
authority_churn_shift,fixed_policy_authority,boundary_calibration_error,0.383729,0.000454,10
authority_churn_shift,fixed_policy_authority,override_precision,0.053753,0.000793,10
authority_churn_shift,fixed_policy_authority,unsafe_autonomy,0.382702,0.000395,10
authority_churn_shift,fixed_policy_authority,robust_utility,-0.590289,0.015915,10
authority_churn_shift,mpc_risk_arbitration,task_success,0.470833,0.016614,10
authority_churn_shift,mpc_risk_arbitration,safety_violation,0.183333,0.021348,10
authority_churn_shift,mpc_risk_arbitration,authority_regret,0.240967,0.000577,10
authority_churn_shift,mpc_risk_arbitration,human_burden,0.339976,0.001181,10
authority_churn_shift,mpc_risk_arbitration,late_handoff,0.266646,0.001009,10
authority_churn_shift,mpc_risk_arbitration,handoff_churn,0.399823,0.000713,10
authority_churn_shift,mpc_risk_arbitration,recovery_success,0.730009,0.000606,10
authority_churn_shift,mpc_risk_arbitration,intervention_cost,0.282621,0.000287,10
authority_churn_shift,mpc_risk_arbitration,boundary_calibration_error,0.223672,0.000568,10
authority_churn_shift,mpc_risk_arbitration,override_precision,0.594144,0.000606,10
authority_churn_shift,mpc_risk_arbitration,unsafe_autonomy,0.118658,0.000319,10
authority_churn_shift,mpc_risk_arbitration,robust_utility,0.154827,0.017026,10
authority_churn_shift,oracle_authority_assignment,task_success,0.564063,0.026535,10
authority_churn_shift,oracle_authority_assignment,safety_violation,0.119792,0.016319,10
authority_churn_shift,oracle_authority_assignment,authority_regret,0.187039,0.000591,10
authority_churn_shift,oracle_authority_assignment,human_burden,0.384216,0.000505,10
authority_churn_shift,oracle_authority_assignment,late_handoff,0.247951,0.001153,10
authority_churn_shift,oracle_authority_assignment,handoff_churn,0.379485,0.000640,10
authority_churn_shift,oracle_authority_assignment,recovery_success,0.852532,0.000644,10
authority_churn_shift,oracle_authority_assignment,intervention_cost,0.307528,0.000487,10
authority_churn_shift,oracle_authority_assignment,boundary_calibration_error,0.173381,0.000427,10
authority_churn_shift,oracle_authority_assignment,override_precision,0.714045,0.000576,10
authority_churn_shift,oracle_authority_assignment,unsafe_autonomy,0.074089,0.000204,10
authority_churn_shift,oracle_authority_assignment,robust_utility,0.303059,0.032647,10
authority_churn_shift,pomdp_handoff_policy,task_success,0.418229,0.022055,10
authority_churn_shift,pomdp_handoff_policy,safety_violation,0.223438,0.013306,10
authority_churn_shift,pomdp_handoff_policy,authority_regret,0.278242,0.000526,10
authority_churn_shift,pomdp_handoff_policy,human_burden,0.523321,0.000453,10
authority_churn_shift,pomdp_handoff_policy,late_handoff,0.291109,0.001206,10
authority_churn_shift,pomdp_handoff_policy,handoff_churn,0.439285,0.000931,10
authority_churn_shift,pomdp_handoff_policy,recovery_success,0.658380,0.000702,10
authority_churn_shift,pomdp_handoff_policy,intervention_cost,0.343225,0.000496,10
authority_churn_shift,pomdp_handoff_policy,boundary_calibration_error,0.233503,0.000572,10
authority_churn_shift,pomdp_handoff_policy,override_precision,0.554360,0.000840,10
authority_churn_shift,pomdp_handoff_policy,unsafe_autonomy,0.095100,0.000300,10
authority_churn_shift,pomdp_handoff_policy,robust_utility,0.003597,0.024030,10
authority_churn_shift,recovery_aware_mpc,task_success,0.477604,0.016180,10
authority_churn_shift,recovery_aware_mpc,safety_violation,0.193229,0.015701,10
authority_churn_shift,recovery_aware_mpc,authority_regret,0.254781,0.000592,10
authority_churn_shift,recovery_aware_mpc,human_burden,0.386851,0.000582,10
authority_churn_shift,recovery_aware_mpc,late_handoff,0.262067,0.000907,10
authority_churn_shift,recovery_aware_mpc,handoff_churn,0.409575,0.000944,10
authority_churn_shift,recovery_aware_mpc,recovery_success,0.778382,0.000682,10
authority_churn_shift,recovery_aware_mpc,intervention_cost,0.330610,0.000383,10
authority_churn_shift,recovery_aware_mpc,boundary_calibration_error,0.233734,0.000403,10
authority_churn_shift,recovery_aware_mpc,override_precision,0.583798,0.000636,10
authority_churn_shift,recovery_aware_mpc,unsafe_autonomy,0.116472,0.000223,10
authority_churn_shift,recovery_aware_mpc,robust_utility,0.139393,0.014818,10
authority_churn_shift,uncertainty_triggered_handoff,task_success,0.294792,0.024167,10
authority_churn_shift,uncertainty_triggered_handoff,safety_violation,0.214583,0.017270,10
authority_churn_shift,uncertainty_triggered_handoff,authority_regret,0.351629,0.000575,10
authority_churn_shift,uncertainty_triggered_handoff,human_burden,0.772852,0.001049,10
authority_churn_shift,uncertainty_triggered_handoff,late_handoff,0.322534,0.001165,10
authority_churn_shift,uncertainty_triggered_handoff,handoff_churn,0.549326,0.000552,10
authority_churn_shift,uncertainty_triggered_handoff,recovery_success,0.500750,0.000617,10
authority_churn_shift,uncertainty_triggered_handoff,intervention_cost,0.369253,0.000381,10
authority_churn_shift,uncertainty_triggered_handoff,boundary_calibration_error,0.283452,0.000574,10
authority_churn_shift,uncertainty_triggered_handoff,override_precision,0.473863,0.000455,10
authority_churn_shift,uncertainty_triggered_handoff,unsafe_autonomy,0.050596,0.000284,10
authority_churn_shift,uncertainty_triggered_handoff,robust_utility,-0.226031,0.030842,10
combined_authority_stress,authority_boundary_v4,task_success,0.261979,0.020645,10
combined_authority_stress,authority_boundary_v4,safety_violation,0.256771,0.026316,10
combined_authority_stress,authority_boundary_v4,authority_regret,0.369268,0.000540,10
combined_authority_stress,authority_boundary_v4,human_burden,0.863553,0.000928,10
combined_authority_stress,authority_boundary_v4,late_handoff,0.356612,0.000605,10
combined_authority_stress,authority_boundary_v4,handoff_churn,0.478250,0.000923,10
combined_authority_stress,authority_boundary_v4,recovery_success,0.536981,0.000642,10
combined_authority_stress,authority_boundary_v4,intervention_cost,0.395108,0.000348,10
combined_authority_stress,authority_boundary_v4,boundary_calibration_error,0.292758,0.000389,10
combined_authority_stress,authority_boundary_v4,override_precision,0.474167,0.000813,10
combined_authority_stress,authority_boundary_v4,unsafe_autonomy,0.052009,0.000117,10
combined_authority_stress,authority_boundary_v4,robust_utility,-0.307789,0.032303,10
combined_authority_stress,authority_boundary_v5,task_success,0.326042,0.016891,10
combined_authority_stress,authority_boundary_v5,safety_violation,0.259896,0.026465,10
combined_authority_stress,authority_boundary_v5,authority_regret,0.333520,0.000349,10
combined_authority_stress,authority_boundary_v5,human_burden,0.709213,0.001085,10
combined_authority_stress,authority_boundary_v5,late_handoff,0.341406,0.000773,10
combined_authority_stress,authority_boundary_v5,handoff_churn,0.458126,0.001077,10
combined_authority_stress,authority_boundary_v5,recovery_success,0.604480,0.000627,10
combined_authority_stress,authority_boundary_v5,intervention_cost,0.380986,0.000419,10
combined_authority_stress,authority_boundary_v5,boundary_calibration_error,0.282550,0.000620,10
combined_authority_stress,authority_boundary_v5,override_precision,0.504030,0.000732,10
combined_authority_stress,authority_boundary_v5,unsafe_autonomy,0.068934,0.000189,10
combined_authority_stress,authority_boundary_v5,robust_utility,-0.188026,0.023052,10
combined_authority_stress,bayesian_authority_allocation,task_success,0.259896,0.017381,10
combined_authority_stress,bayesian_authority_allocation,safety_violation,0.260937,0.026290,10
combined_authority_stress,bayesian_authority_allocation,authority_regret,0.354152,0.000553,10
combined_authority_stress,bayesian_authority_allocation,human_burden,0.734061,0.000868,10
combined_authority_stress,bayesian_authority_allocation,late_handoff,0.377137,0.000952,10
combined_authority_stress,bayesian_authority_allocation,handoff_churn,0.447903,0.000929,10
combined_authority_stress,bayesian_authority_allocation,recovery_success,0.524175,0.000579,10
combined_authority_stress,bayesian_authority_allocation,intervention_cost,0.373458,0.000388,10
combined_authority_stress,bayesian_authority_allocation,boundary_calibration_error,0.282359,0.000484,10
combined_authority_stress,bayesian_authority_allocation,override_precision,0.464144,0.000699,10
combined_authority_stress,bayesian_authority_allocation,unsafe_autonomy,0.069054,0.000218,10
combined_authority_stress,bayesian_authority_allocation,robust_utility,-0.276100,0.016121,10
combined_authority_stress,cbf_safety_filter,task_success,0.411458,0.026750,10
combined_authority_stress,cbf_safety_filter,safety_violation,0.167188,0.013985,10
combined_authority_stress,cbf_safety_filter,authority_regret,0.284663,0.000367,10
combined_authority_stress,cbf_safety_filter,human_burden,0.328609,0.000694,10
combined_authority_stress,cbf_safety_filter,late_handoff,0.330176,0.001200,10
combined_authority_stress,cbf_safety_filter,handoff_churn,0.378613,0.000908,10
combined_authority_stress,cbf_safety_filter,recovery_success,0.641311,0.000683,10
combined_authority_stress,cbf_safety_filter,intervention_cost,0.227219,0.000420,10
combined_authority_stress,cbf_safety_filter,boundary_calibration_error,0.273121,0.000406,10
combined_authority_stress,cbf_safety_filter,override_precision,0.533830,0.000681,10
combined_authority_stress,cbf_safety_filter,unsafe_autonomy,0.114121,0.000414,10
combined_authority_stress,cbf_safety_filter,robust_utility,0.088091,0.027756,10
combined_authority_stress,confidence_threshold_shared_control,task_success,0.119271,0.015252,10
combined_authority_stress,confidence_threshold_shared_control,safety_violation,0.306250,0.022612,10
combined_authority_stress,confidence_threshold_shared_control,authority_regret,0.461369,0.000495,10
combined_authority_stress,confidence_threshold_shared_control,human_burden,0.883459,0.001515,10
combined_authority_stress,confidence_threshold_shared_control,late_handoff,0.430836,0.000700,10
combined_authority_stress,confidence_threshold_shared_control,handoff_churn,0.509208,0.000796,10
combined_authority_stress,confidence_threshold_shared_control,recovery_success,0.331177,0.000528,10
combined_authority_stress,confidence_threshold_shared_control,intervention_cost,0.381087,0.000327,10
combined_authority_stress,confidence_threshold_shared_control,boundary_calibration_error,0.342204,0.000521,10
combined_authority_stress,confidence_threshold_shared_control,override_precision,0.344022,0.000815,10
combined_authority_stress,confidence_threshold_shared_control,unsafe_autonomy,0.063130,0.000104,10
combined_authority_stress,confidence_threshold_shared_control,robust_utility,-0.539630,0.024384,10
combined_authority_stress,controller_fusion_prior,task_success,0.036979,0.011929,10
combined_authority_stress,controller_fusion_prior,safety_violation,0.398438,0.026804,10
combined_authority_stress,controller_fusion_prior,authority_regret,0.581928,0.000311,10
combined_authority_stress,controller_fusion_prior,human_burden,0.472389,0.000920,10
combined_authority_stress,controller_fusion_prior,late_handoff,0.431503,0.001056,10
combined_authority_stress,controller_fusion_prior,handoff_churn,0.478195,0.000709,10
combined_authority_stress,controller_fusion_prior,recovery_success,0.185120,0.000639,10
combined_authority_stress,controller_fusion_prior,intervention_cost,0.236567,0.000300,10
combined_authority_stress,controller_fusion_prior,boundary_calibration_error,0.352194,0.000453,10
combined_authority_stress,controller_fusion_prior,override_precision,0.243570,0.000819,10
combined_authority_stress,controller_fusion_prior,unsafe_autonomy,0.251809,0.000424,10
combined_authority_stress,controller_fusion_prior,robust_utility,-0.604178,0.020551,10
combined_authority_stress,fixed_human_teleoperation,task_success,0.084375,0.010071,10
combined_authority_stress,fixed_human_teleoperation,safety_violation,0.276563,0.017776,10
combined_authority_stress,fixed_human_teleoperation,authority_regret,0.424320,0.000706,10
combined_authority_stress,fixed_human_teleoperation,human_burden,1.000000,0.000000,10
combined_authority_stress,fixed_human_teleoperation,late_handoff,0.447669,0.000763,10
combined_authority_stress,fixed_human_teleoperation,handoff_churn,0.348054,0.000880,10
combined_authority_stress,fixed_human_teleoperation,recovery_success,0.384584,0.000839,10
combined_authority_stress,fixed_human_teleoperation,intervention_cost,0.464984,0.000421,10
combined_authority_stress,fixed_human_teleoperation,boundary_calibration_error,0.322564,0.000629,10
combined_authority_stress,fixed_human_teleoperation,override_precision,0.424125,0.000611,10
combined_authority_stress,fixed_human_teleoperation,unsafe_autonomy,0.056355,0.000115,10
combined_authority_stress,fixed_human_teleoperation,robust_utility,-0.562299,0.015790,10
combined_authority_stress,fixed_policy_authority,task_success,0.003646,0.002179,10
combined_authority_stress,fixed_policy_authority,safety_violation,0.451042,0.029240,10
combined_authority_stress,fixed_policy_authority,authority_regret,0.647395,0.000506,10
combined_authority_stress,fixed_policy_authority,human_burden,0.302626,0.001071,10
combined_authority_stress,fixed_policy_authority,late_handoff,0.586720,0.000930,10
combined_authority_stress,fixed_policy_authority,handoff_churn,0.358317,0.001056,10
combined_authority_stress,fixed_policy_authority,recovery_success,0.001089,0.000142,10
combined_authority_stress,fixed_policy_authority,intervention_cost,0.151563,0.000444,10
combined_authority_stress,fixed_policy_authority,boundary_calibration_error,0.412859,0.000362,10
combined_authority_stress,fixed_policy_authority,override_precision,0.024810,0.000794,10
combined_authority_stress,fixed_policy_authority,unsafe_autonomy,0.405854,0.000521,10
combined_authority_stress,fixed_policy_authority,robust_utility,-0.662421,0.018952,10
combined_authority_stress,mpc_risk_arbitration,task_success,0.429687,0.009891,10
combined_authority_stress,mpc_risk_arbitration,safety_violation,0.192187,0.018666,10
combined_authority_stress,mpc_risk_arbitration,authority_regret,0.263184,0.000563,10
combined_authority_stress,mpc_risk_arbitration,human_burden,0.373539,0.000484,10
combined_authority_stress,mpc_risk_arbitration,late_handoff,0.314767,0.000869,10
combined_authority_stress,mpc_risk_arbitration,handoff_churn,0.388857,0.000614,10
combined_authority_stress,mpc_risk_arbitration,recovery_success,0.709657,0.000638,10
combined_authority_stress,mpc_risk_arbitration,intervention_cost,0.294670,0.000406,10
combined_authority_stress,mpc_risk_arbitration,boundary_calibration_error,0.252046,0.000843,10
combined_authority_stress,mpc_risk_arbitration,override_precision,0.563926,0.000768,10
combined_authority_stress,mpc_risk_arbitration,unsafe_autonomy,0.127652,0.000272,10
combined_authority_stress,mpc_risk_arbitration,robust_utility,0.085366,0.012420,10
combined_authority_stress,oracle_authority_assignment,task_success,0.494792,0.025327,10
combined_authority_stress,oracle_authority_assignment,safety_violation,0.138542,0.011408,10
combined_authority_stress,oracle_authority_assignment,authority_regret,0.208536,0.000505,10
combined_authority_stress,oracle_authority_assignment,human_burden,0.416706,0.001194,10
combined_authority_stress,oracle_authority_assignment,late_handoff,0.295368,0.000960,10
combined_authority_stress,oracle_authority_assignment,handoff_churn,0.368592,0.000600,10
combined_authority_stress,oracle_authority_assignment,recovery_success,0.833982,0.000365,10
combined_authority_stress,oracle_authority_assignment,intervention_cost,0.319652,0.000617,10
combined_authority_stress,oracle_authority_assignment,boundary_calibration_error,0.202206,0.000492,10
combined_authority_stress,oracle_authority_assignment,override_precision,0.683671,0.000559,10
combined_authority_stress,oracle_authority_assignment,unsafe_autonomy,0.079602,0.000314,10
combined_authority_stress,oracle_authority_assignment,robust_utility,0.200016,0.024732,10
combined_authority_stress,pomdp_handoff_policy,task_success,0.364583,0.029469,10
combined_authority_stress,pomdp_handoff_policy,safety_violation,0.223958,0.014754,10
combined_authority_stress,pomdp_handoff_policy,authority_regret,0.301142,0.000556,10
combined_authority_stress,pomdp_handoff_policy,human_burden,0.558678,0.000979,10
combined_authority_stress,pomdp_handoff_policy,late_handoff,0.339071,0.000624,10
combined_authority_stress,pomdp_handoff_policy,handoff_churn,0.428348,0.000650,10
combined_authority_stress,pomdp_handoff_policy,recovery_success,0.638418,0.000735,10
combined_authority_stress,pomdp_handoff_policy,intervention_cost,0.355538,0.000413,10
combined_authority_stress,pomdp_handoff_policy,boundary_calibration_error,0.262173,0.000702,10
combined_authority_stress,pomdp_handoff_policy,override_precision,0.524093,0.000647,10
combined_authority_stress,pomdp_handoff_policy,unsafe_autonomy,0.099560,0.000273,10
combined_authority_stress,pomdp_handoff_policy,robust_utility,-0.073772,0.027949,10
combined_authority_stress,recovery_aware_mpc,task_success,0.430208,0.025968,10
combined_authority_stress,recovery_aware_mpc,safety_violation,0.228646,0.013479,10
combined_authority_stress,recovery_aware_mpc,authority_regret,0.277485,0.000678,10
combined_authority_stress,recovery_aware_mpc,human_burden,0.421150,0.000851,10
combined_authority_stress,recovery_aware_mpc,late_handoff,0.310502,0.001428,10
combined_authority_stress,recovery_aware_mpc,handoff_churn,0.398115,0.000518,10
combined_authority_stress,recovery_aware_mpc,recovery_success,0.757997,0.000586,10
combined_authority_stress,recovery_aware_mpc,intervention_cost,0.342594,0.000501,10
combined_authority_stress,recovery_aware_mpc,boundary_calibration_error,0.262752,0.000681,10
combined_authority_stress,recovery_aware_mpc,override_precision,0.553675,0.000551,10
combined_authority_stress,recovery_aware_mpc,unsafe_autonomy,0.124210,0.000171,10
combined_authority_stress,recovery_aware_mpc,robust_utility,0.046927,0.026959,10
combined_authority_stress,uncertainty_triggered_handoff,task_success,0.227604,0.017619,10
combined_authority_stress,uncertainty_triggered_handoff,safety_violation,0.258333,0.015157,10
combined_authority_stress,uncertainty_triggered_handoff,authority_regret,0.375195,0.000550,10
combined_authority_stress,uncertainty_triggered_handoff,human_burden,0.806515,0.001080,10
combined_authority_stress,uncertainty_triggered_handoff,late_handoff,0.370270,0.000915,10
combined_authority_stress,uncertainty_triggered_handoff,handoff_churn,0.538197,0.000593,10
combined_authority_stress,uncertainty_triggered_handoff,recovery_success,0.480032,0.000493,10
combined_authority_stress,uncertainty_triggered_handoff,intervention_cost,0.381708,0.000425,10
combined_authority_stress,uncertainty_triggered_handoff,boundary_calibration_error,0.312478,0.000889,10
combined_authority_stress,uncertainty_triggered_handoff,override_precision,0.444199,0.000705,10
combined_authority_stress,uncertainty_triggered_handoff,unsafe_autonomy,0.052522,0.000227,10
combined_authority_stress,uncertainty_triggered_handoff,robust_utility,-0.343520,0.023367,10
contact_mode_shift,authority_boundary_v4,task_success,0.367188,0.025702,10
contact_mode_shift,authority_boundary_v4,safety_violation,0.225000,0.017734,10
contact_mode_shift,authority_boundary_v4,authority_regret,0.311608,0.000624,10
contact_mode_shift,authority_boundary_v4,human_burden,0.757689,0.001022,10
contact_mode_shift,authority_boundary_v4,late_handoff,0.220544,0.000763,10
contact_mode_shift,authority_boundary_v4,handoff_churn,0.348423,0.000834,10
contact_mode_shift,authority_boundary_v4,recovery_success,0.590200,0.000669,10
contact_mode_shift,authority_boundary_v4,intervention_cost,0.349840,0.000660,10
contact_mode_shift,authority_boundary_v4,boundary_calibration_error,0.221302,0.000558,10
contact_mode_shift,authority_boundary_v4,override_precision,0.550027,0.000851,10
contact_mode_shift,authority_boundary_v4,unsafe_autonomy,0.054044,0.000248,10
contact_mode_shift,authority_boundary_v4,robust_utility,-0.096926,0.022047,10
contact_mode_shift,authority_boundary_v5,task_success,0.440104,0.031857,10
contact_mode_shift,authority_boundary_v5,safety_violation,0.196354,0.022212,10
contact_mode_shift,authority_boundary_v5,authority_regret,0.276121,0.000462,10
contact_mode_shift,authority_boundary_v5,human_burden,0.604121,0.000993,10
contact_mode_shift,authority_boundary_v5,late_handoff,0.205122,0.000455,10
contact_mode_shift,authority_boundary_v5,handoff_churn,0.328734,0.001112,10
contact_mode_shift,authority_boundary_v5,recovery_success,0.658396,0.000951,10
contact_mode_shift,authority_boundary_v5,intervention_cost,0.335314,0.000241,10
contact_mode_shift,authority_boundary_v5,boundary_calibration_error,0.210932,0.000775,10
contact_mode_shift,authority_boundary_v5,override_precision,0.580030,0.000592,10
contact_mode_shift,authority_boundary_v5,unsafe_autonomy,0.079714,0.000267,10
contact_mode_shift,authority_boundary_v5,robust_utility,0.051218,0.029215,10
contact_mode_shift,bayesian_authority_allocation,task_success,0.395312,0.021652,10
contact_mode_shift,bayesian_authority_allocation,safety_violation,0.202083,0.013509,10
contact_mode_shift,bayesian_authority_allocation,authority_regret,0.296394,0.000762,10
contact_mode_shift,bayesian_authority_allocation,human_burden,0.627663,0.000894,10
contact_mode_shift,bayesian_authority_allocation,late_handoff,0.241591,0.000887,10
contact_mode_shift,bayesian_authority_allocation,handoff_churn,0.318523,0.000982,10
contact_mode_shift,bayesian_authority_allocation,recovery_success,0.578282,0.000723,10
contact_mode_shift,bayesian_authority_allocation,intervention_cost,0.328614,0.000515,10
contact_mode_shift,bayesian_authority_allocation,boundary_calibration_error,0.211210,0.000492,10
contact_mode_shift,bayesian_authority_allocation,override_precision,0.539867,0.000739,10
contact_mode_shift,bayesian_authority_allocation,unsafe_autonomy,0.082577,0.000267,10
contact_mode_shift,bayesian_authority_allocation,robust_utility,-0.018193,0.022036,10
contact_mode_shift,cbf_safety_filter,task_success,0.519792,0.016726,10
contact_mode_shift,cbf_safety_filter,safety_violation,0.145313,0.023351,10
contact_mode_shift,cbf_safety_filter,authority_regret,0.228264,0.000520,10
contact_mode_shift,cbf_safety_filter,human_burden,0.223058,0.000858,10
contact_mode_shift,cbf_safety_filter,late_handoff,0.194147,0.000344,10
contact_mode_shift,cbf_safety_filter,handoff_churn,0.247656,0.000923,10
contact_mode_shift,cbf_safety_filter,recovery_success,0.693933,0.000520,10
contact_mode_shift,cbf_safety_filter,intervention_cost,0.181329,0.000554,10
contact_mode_shift,cbf_safety_filter,boundary_calibration_error,0.201461,0.000375,10
contact_mode_shift,cbf_safety_filter,override_precision,0.609782,0.000684,10
contact_mode_shift,cbf_safety_filter,unsafe_autonomy,0.108578,0.000405,10
contact_mode_shift,cbf_safety_filter,robust_utility,0.295697,0.022607,10
contact_mode_shift,confidence_threshold_shared_control,task_success,0.247917,0.020821,10
contact_mode_shift,confidence_threshold_shared_control,safety_violation,0.272396,0.021897,10
contact_mode_shift,confidence_threshold_shared_control,authority_regret,0.403346,0.000608,10
contact_mode_shift,confidence_threshold_shared_control,human_burden,0.778589,0.000831,10
contact_mode_shift,confidence_threshold_shared_control,late_handoff,0.295111,0.000567,10
contact_mode_shift,confidence_threshold_shared_control,handoff_churn,0.377643,0.000829,10
contact_mode_shift,confidence_threshold_shared_control,recovery_success,0.385525,0.000785,10
contact_mode_shift,confidence_threshold_shared_control,intervention_cost,0.335757,0.000456,10
contact_mode_shift,confidence_threshold_shared_control,boundary_calibration_error,0.270855,0.000632,10
contact_mode_shift,confidence_threshold_shared_control,override_precision,0.419857,0.000270,10
contact_mode_shift,confidence_threshold_shared_control,unsafe_autonomy,0.061958,0.000165,10
contact_mode_shift,confidence_threshold_shared_control,robust_utility,-0.303935,0.031020,10
contact_mode_shift,controller_fusion_prior,task_success,0.164583,0.013797,10
contact_mode_shift,controller_fusion_prior,safety_violation,0.322396,0.020385,10
contact_mode_shift,controller_fusion_prior,authority_regret,0.523945,0.000479,10
contact_mode_shift,controller_fusion_prior,human_burden,0.366811,0.000661,10
contact_mode_shift,controller_fusion_prior,late_handoff,0.296254,0.000705,10
contact_mode_shift,controller_fusion_prior,handoff_churn,0.348008,0.000647,10
contact_mode_shift,controller_fusion_prior,recovery_success,0.240645,0.001011,10
contact_mode_shift,controller_fusion_prior,intervention_cost,0.191279,0.000517,10
contact_mode_shift,controller_fusion_prior,boundary_calibration_error,0.280871,0.000887,10
contact_mode_shift,controller_fusion_prior,override_precision,0.319413,0.000638,10
contact_mode_shift,controller_fusion_prior,unsafe_autonomy,0.261859,0.000512,10
contact_mode_shift,controller_fusion_prior,robust_utility,-0.343361,0.013868,10
contact_mode_shift,fixed_human_teleoperation,task_success,0.215625,0.017497,10
contact_mode_shift,fixed_human_teleoperation,safety_violation,0.245833,0.020348,10
contact_mode_shift,fixed_human_teleoperation,authority_regret,0.366569,0.000453,10
contact_mode_shift,fixed_human_teleoperation,human_burden,0.997266,0.000220,10
contact_mode_shift,fixed_human_teleoperation,late_handoff,0.311731,0.000754,10
contact_mode_shift,fixed_human_teleoperation,handoff_churn,0.218193,0.000863,10
contact_mode_shift,fixed_human_teleoperation,recovery_success,0.438236,0.000576,10
contact_mode_shift,fixed_human_teleoperation,intervention_cost,0.435284,0.000390,10
contact_mode_shift,fixed_human_teleoperation,boundary_calibration_error,0.251143,0.000506,10
contact_mode_shift,fixed_human_teleoperation,override_precision,0.499910,0.000722,10
contact_mode_shift,fixed_human_teleoperation,unsafe_autonomy,0.048489,0.000074,10
contact_mode_shift,fixed_human_teleoperation,robust_utility,-0.352307,0.017988,10
contact_mode_shift,fixed_policy_authority,task_success,0.066667,0.008977,10
contact_mode_shift,fixed_policy_authority,safety_violation,0.382292,0.021693,10
contact_mode_shift,fixed_policy_authority,authority_regret,0.604309,0.000391,10
contact_mode_shift,fixed_policy_authority,human_burden,0.197490,0.000912,10
contact_mode_shift,fixed_policy_authority,late_handoff,0.450685,0.000673,10
contact_mode_shift,fixed_policy_authority,handoff_churn,0.228045,0.000727,10
contact_mode_shift,fixed_policy_authority,recovery_success,0.029926,0.000719,10
contact_mode_shift,fixed_policy_authority,intervention_cost,0.106237,0.000561,10
contact_mode_shift,fixed_policy_authority,boundary_calibration_error,0.341130,0.000704,10
contact_mode_shift,fixed_policy_authority,override_precision,0.099630,0.000973,10
contact_mode_shift,fixed_policy_authority,unsafe_autonomy,0.409619,0.000495,10
contact_mode_shift,fixed_policy_authority,robust_utility,-0.476534,0.013858,10
contact_mode_shift,mpc_risk_arbitration,task_success,0.537500,0.019713,10
contact_mode_shift,mpc_risk_arbitration,safety_violation,0.178646,0.017354,10
contact_mode_shift,mpc_risk_arbitration,authority_regret,0.206539,0.000483,10
contact_mode_shift,mpc_risk_arbitration,human_burden,0.268926,0.001198,10
contact_mode_shift,mpc_risk_arbitration,late_handoff,0.178049,0.000759,10
contact_mode_shift,mpc_risk_arbitration,handoff_churn,0.258002,0.000774,10
contact_mode_shift,mpc_risk_arbitration,recovery_success,0.763163,0.000562,10
contact_mode_shift,mpc_risk_arbitration,intervention_cost,0.249329,0.000372,10
contact_mode_shift,mpc_risk_arbitration,boundary_calibration_error,0.181174,0.000391,10
contact_mode_shift,mpc_risk_arbitration,override_precision,0.640039,0.000942,10
contact_mode_shift,mpc_risk_arbitration,unsafe_autonomy,0.124635,0.000332,10
contact_mode_shift,mpc_risk_arbitration,robust_utility,0.287235,0.017613,10
contact_mode_shift,oracle_authority_assignment,task_success,0.628646,0.017880,10
contact_mode_shift,oracle_authority_assignment,safety_violation,0.122917,0.013108,10
contact_mode_shift,oracle_authority_assignment,authority_regret,0.153428,0.000803,10
contact_mode_shift,oracle_authority_assignment,human_burden,0.312026,0.000928,10
contact_mode_shift,oracle_authority_assignment,late_handoff,0.159965,0.000754,10
contact_mode_shift,oracle_authority_assignment,handoff_churn,0.237888,0.000711,10
contact_mode_shift,oracle_authority_assignment,recovery_success,0.886222,0.000563,10
contact_mode_shift,oracle_authority_assignment,intervention_cost,0.273654,0.000562,10
contact_mode_shift,oracle_authority_assignment,boundary_calibration_error,0.131040,0.000653,10
contact_mode_shift,oracle_authority_assignment,override_precision,0.759555,0.000465,10
contact_mode_shift,oracle_authority_assignment,unsafe_autonomy,0.075351,0.000161,10
contact_mode_shift,oracle_authority_assignment,robust_utility,0.428586,0.022864,10
contact_mode_shift,pomdp_handoff_policy,task_success,0.478646,0.026856,10
contact_mode_shift,pomdp_handoff_policy,safety_violation,0.209375,0.021239,10
contact_mode_shift,pomdp_handoff_policy,authority_regret,0.244755,0.000515,10
contact_mode_shift,pomdp_handoff_policy,human_burden,0.451845,0.001365,10
contact_mode_shift,pomdp_handoff_policy,late_handoff,0.203166,0.000619,10
contact_mode_shift,pomdp_handoff_policy,handoff_churn,0.297575,0.000694,10
contact_mode_shift,pomdp_handoff_policy,recovery_success,0.691966,0.000396,10
contact_mode_shift,pomdp_handoff_policy,intervention_cost,0.310179,0.000350,10
contact_mode_shift,pomdp_handoff_policy,boundary_calibration_error,0.191129,0.000501,10
contact_mode_shift,pomdp_handoff_policy,override_precision,0.600159,0.000507,10
contact_mode_shift,pomdp_handoff_policy,unsafe_autonomy,0.105040,0.000287,10
contact_mode_shift,pomdp_handoff_policy,robust_utility,0.135326,0.035553,10
contact_mode_shift,recovery_aware_mpc,task_success,0.556771,0.020271,10
contact_mode_shift,recovery_aware_mpc,safety_violation,0.182812,0.018290,10
contact_mode_shift,recovery_aware_mpc,authority_regret,0.220583,0.000530,10
contact_mode_shift,recovery_aware_mpc,human_burden,0.315789,0.000868,10
contact_mode_shift,recovery_aware_mpc,late_handoff,0.174299,0.000882,10
contact_mode_shift,recovery_aware_mpc,handoff_churn,0.268136,0.000530,10
contact_mode_shift,recovery_aware_mpc,recovery_success,0.811961,0.000770,10
contact_mode_shift,recovery_aware_mpc,intervention_cost,0.297217,0.000593,10
contact_mode_shift,recovery_aware_mpc,boundary_calibration_error,0.190904,0.000445,10
contact_mode_shift,recovery_aware_mpc,override_precision,0.629322,0.000874,10
contact_mode_shift,recovery_aware_mpc,unsafe_autonomy,0.123625,0.000360,10
contact_mode_shift,recovery_aware_mpc,robust_utility,0.287662,0.024638,10
contact_mode_shift,uncertainty_triggered_handoff,task_success,0.368229,0.023479,10
contact_mode_shift,uncertainty_triggered_handoff,safety_violation,0.207292,0.016090,10
contact_mode_shift,uncertainty_triggered_handoff,authority_regret,0.317608,0.000930,10
contact_mode_shift,uncertainty_triggered_handoff,human_burden,0.700973,0.000594,10
contact_mode_shift,uncertainty_triggered_handoff,late_handoff,0.234667,0.000884,10
contact_mode_shift,uncertainty_triggered_handoff,handoff_churn,0.408175,0.000861,10
contact_mode_shift,uncertainty_triggered_handoff,recovery_success,0.533545,0.000656,10
contact_mode_shift,uncertainty_triggered_handoff,intervention_cost,0.336136,0.000435,10
contact_mode_shift,uncertainty_triggered_handoff,boundary_calibration_error,0.240710,0.000427,10
contact_mode_shift,uncertainty_triggered_handoff,override_precision,0.519696,0.000588,10
contact_mode_shift,uncertainty_triggered_handoff,unsafe_autonomy,0.063300,0.000135,10
contact_mode_shift,uncertainty_triggered_handoff,robust_utility,-0.085385,0.029015,10
fragile_object_shift,authority_boundary_v4,task_success,0.364063,0.014553,10
fragile_object_shift,authority_boundary_v4,safety_violation,0.241146,0.020249,10
fragile_object_shift,authority_boundary_v4,authority_regret,0.320663,0.000622,10
fragile_object_shift,authority_boundary_v4,human_burden,0.775102,0.000670,10
fragile_object_shift,authority_boundary_v4,late_handoff,0.242766,0.000908,10
fragile_object_shift,authority_boundary_v4,handoff_churn,0.356936,0.001061,10
fragile_object_shift,authority_boundary_v4,recovery_success,0.582068,0.000893,10
fragile_object_shift,authority_boundary_v4,intervention_cost,0.356275,0.000399,10
fragile_object_shift,authority_boundary_v4,boundary_calibration_error,0.230452,0.000502,10
fragile_object_shift,authority_boundary_v4,override_precision,0.539465,0.000423,10
fragile_object_shift,authority_boundary_v4,unsafe_autonomy,0.052480,0.000186,10
fragile_object_shift,authority_boundary_v4,robust_utility,-0.122375,0.018219,10
fragile_object_shift,authority_boundary_v5,task_success,0.427604,0.016492,10
fragile_object_shift,authority_boundary_v5,safety_violation,0.188542,0.020004,10
fragile_object_shift,authority_boundary_v5,authority_regret,0.284847,0.000364,10
fragile_object_shift,authority_boundary_v5,human_burden,0.621084,0.001193,10
fragile_object_shift,authority_boundary_v5,late_handoff,0.227861,0.000664,10
fragile_object_shift,authority_boundary_v5,handoff_churn,0.336533,0.000893,10
fragile_object_shift,authority_boundary_v5,recovery_success,0.650012,0.000563,10
fragile_object_shift,authority_boundary_v5,intervention_cost,0.342054,0.000626,10
fragile_object_shift,authority_boundary_v5,boundary_calibration_error,0.220805,0.000724,10
fragile_object_shift,authority_boundary_v5,override_precision,0.569346,0.000557,10
fragile_object_shift,authority_boundary_v5,unsafe_autonomy,0.078427,0.000341,10
fragile_object_shift,authority_boundary_v5,robust_utility,0.031390,0.020705,10
fragile_object_shift,bayesian_authority_allocation,task_success,0.361458,0.033520,10
fragile_object_shift,bayesian_authority_allocation,safety_violation,0.228125,0.028175,10
fragile_object_shift,bayesian_authority_allocation,authority_regret,0.304823,0.000613,10
fragile_object_shift,bayesian_authority_allocation,human_burden,0.645824,0.000703,10
fragile_object_shift,bayesian_authority_allocation,late_handoff,0.263467,0.000929,10
fragile_object_shift,bayesian_authority_allocation,handoff_churn,0.326075,0.001031,10
fragile_object_shift,bayesian_authority_allocation,recovery_success,0.570152,0.000907,10
fragile_object_shift,bayesian_authority_allocation,intervention_cost,0.334192,0.000479,10
fragile_object_shift,bayesian_authority_allocation,boundary_calibration_error,0.220430,0.000362,10
fragile_object_shift,bayesian_authority_allocation,override_precision,0.529048,0.000444,10
fragile_object_shift,bayesian_authority_allocation,unsafe_autonomy,0.080694,0.000291,10
fragile_object_shift,bayesian_authority_allocation,robust_utility,-0.080274,0.044016,10
fragile_object_shift,cbf_safety_filter,task_success,0.498958,0.023614,10
fragile_object_shift,cbf_safety_filter,safety_violation,0.153646,0.020030,10
fragile_object_shift,cbf_safety_filter,authority_regret,0.236445,0.000556,10
fragile_object_shift,cbf_safety_filter,human_burden,0.240138,0.001193,10
fragile_object_shift,cbf_safety_filter,late_handoff,0.215933,0.000715,10
fragile_object_shift,cbf_safety_filter,handoff_churn,0.256631,0.000787,10
fragile_object_shift,cbf_safety_filter,recovery_success,0.686269,0.000826,10
fragile_object_shift,cbf_safety_filter,intervention_cost,0.187893,0.000580,10
fragile_object_shift,cbf_safety_filter,boundary_calibration_error,0.210924,0.000371,10
fragile_object_shift,cbf_safety_filter,override_precision,0.599057,0.000720,10
fragile_object_shift,cbf_safety_filter,unsafe_autonomy,0.109991,0.000269,10
fragile_object_shift,cbf_safety_filter,robust_utility,0.257721,0.018696,10
fragile_object_shift,confidence_threshold_shared_control,task_success,0.225521,0.013358,10
fragile_object_shift,confidence_threshold_shared_control,safety_violation,0.288021,0.026272,10
fragile_object_shift,confidence_threshold_shared_control,authority_regret,0.412172,0.000872,10
fragile_object_shift,confidence_threshold_shared_control,human_burden,0.795244,0.001249,10
fragile_object_shift,confidence_threshold_shared_control,late_handoff,0.317094,0.001196,10
fragile_object_shift,confidence_threshold_shared_control,handoff_churn,0.386230,0.000779,10
fragile_object_shift,confidence_threshold_shared_control,recovery_success,0.376949,0.000603,10
fragile_object_shift,confidence_threshold_shared_control,intervention_cost,0.342192,0.000627,10
fragile_object_shift,confidence_threshold_shared_control,boundary_calibration_error,0.280180,0.000607,10
fragile_object_shift,confidence_threshold_shared_control,override_precision,0.409337,0.000918,10
fragile_object_shift,confidence_threshold_shared_control,unsafe_autonomy,0.060716,0.000242,10
fragile_object_shift,confidence_threshold_shared_control,robust_utility,-0.348099,0.017048,10
fragile_object_shift,controller_fusion_prior,task_success,0.142188,0.012274,10
fragile_object_shift,controller_fusion_prior,safety_violation,0.356250,0.023038,10
fragile_object_shift,controller_fusion_prior,authority_regret,0.532536,0.000647,10
fragile_object_shift,controller_fusion_prior,human_burden,0.383536,0.000804,10
fragile_object_shift,controller_fusion_prior,late_handoff,0.318319,0.000749,10
fragile_object_shift,controller_fusion_prior,handoff_churn,0.355984,0.000827,10
fragile_object_shift,controller_fusion_prior,recovery_success,0.232182,0.000588,10
fragile_object_shift,controller_fusion_prior,intervention_cost,0.198095,0.000556,10
fragile_object_shift,controller_fusion_prior,boundary_calibration_error,0.290454,0.000421,10
fragile_object_shift,controller_fusion_prior,override_precision,0.309294,0.000521,10
fragile_object_shift,controller_fusion_prior,unsafe_autonomy,0.261951,0.000475,10
fragile_object_shift,controller_fusion_prior,robust_utility,-0.398754,0.016048,10
fragile_object_shift,fixed_human_teleoperation,task_success,0.196875,0.012622,10
fragile_object_shift,fixed_human_teleoperation,safety_violation,0.253125,0.020821,10
fragile_object_shift,fixed_human_teleoperation,authority_regret,0.375223,0.000420,10
fragile_object_shift,fixed_human_teleoperation,human_burden,0.999190,0.000139,10
fragile_object_shift,fixed_human_teleoperation,late_handoff,0.333583,0.000654,10
fragile_object_shift,fixed_human_teleoperation,handoff_churn,0.226228,0.000974,10
fragile_object_shift,fixed_human_teleoperation,recovery_success,0.430410,0.000533,10
fragile_object_shift,fixed_human_teleoperation,intervention_cost,0.439403,0.000337,10
fragile_object_shift,fixed_human_teleoperation,boundary_calibration_error,0.260723,0.000704,10
fragile_object_shift,fixed_human_teleoperation,override_precision,0.489579,0.000660,10
fragile_object_shift,fixed_human_teleoperation,unsafe_autonomy,0.049924,0.000081,10
fragile_object_shift,fixed_human_teleoperation,robust_utility,-0.383702,0.020690,10
fragile_object_shift,fixed_policy_authority,task_success,0.044792,0.007789,10
fragile_object_shift,fixed_policy_authority,safety_violation,0.392188,0.019669,10
fragile_object_shift,fixed_policy_authority,authority_regret,0.612273,0.000544,10
fragile_object_shift,fixed_policy_authority,human_burden,0.214309,0.001274,10
fragile_object_shift,fixed_policy_authority,late_handoff,0.472290,0.000861,10
fragile_object_shift,fixed_policy_authority,handoff_churn,0.236555,0.000848,10
fragile_object_shift,fixed_policy_authority,recovery_success,0.022888,0.000416,10
fragile_object_shift,fixed_policy_authority,intervention_cost,0.112652,0.000487,10
fragile_object_shift,fixed_policy_authority,boundary_calibration_error,0.350343,0.000369,10
fragile_object_shift,fixed_policy_authority,override_precision,0.089281,0.000956,10
fragile_object_shift,fixed_policy_authority,unsafe_autonomy,0.411613,0.000681,10
fragile_object_shift,fixed_policy_authority,robust_utility,-0.516254,0.015138,10
fragile_object_shift,mpc_risk_arbitration,task_success,0.527083,0.027886,10
fragile_object_shift,mpc_risk_arbitration,safety_violation,0.185938,0.015671,10
fragile_object_shift,mpc_risk_arbitration,authority_regret,0.215601,0.000720,10
fragile_object_shift,mpc_risk_arbitration,human_burden,0.286526,0.001169,10
fragile_object_shift,mpc_risk_arbitration,late_handoff,0.200167,0.000505,10
fragile_object_shift,mpc_risk_arbitration,handoff_churn,0.266659,0.001124,10
fragile_object_shift,mpc_risk_arbitration,recovery_success,0.755147,0.000588,10
fragile_object_shift,mpc_risk_arbitration,intervention_cost,0.256017,0.000605,10
fragile_object_shift,mpc_risk_arbitration,boundary_calibration_error,0.190097,0.000483,10
fragile_object_shift,mpc_risk_arbitration,override_precision,0.628727,0.000814,10
fragile_object_shift,mpc_risk_arbitration,unsafe_autonomy,0.125509,0.000290,10
fragile_object_shift,mpc_risk_arbitration,robust_utility,0.259920,0.024947,10
fragile_object_shift,oracle_authority_assignment,task_success,0.611979,0.015686,10
fragile_object_shift,oracle_authority_assignment,safety_violation,0.114583,0.012363,10
fragile_object_shift,oracle_authority_assignment,authority_regret,0.161091,0.000437,10
fragile_object_shift,oracle_authority_assignment,human_burden,0.329263,0.001262,10
fragile_object_shift,oracle_authority_assignment,late_handoff,0.182328,0.000777,10
fragile_object_shift,oracle_authority_assignment,handoff_churn,0.246467,0.000915,10
fragile_object_shift,oracle_authority_assignment,recovery_success,0.878064,0.000618,10
fragile_object_shift,oracle_authority_assignment,intervention_cost,0.280366,0.000248,10
fragile_object_shift,oracle_authority_assignment,boundary_calibration_error,0.140806,0.000524,10
fragile_object_shift,oracle_authority_assignment,override_precision,0.749153,0.000838,10
fragile_object_shift,oracle_authority_assignment,unsafe_autonomy,0.075806,0.000373,10
fragile_object_shift,oracle_authority_assignment,robust_utility,0.405102,0.016630,10
fragile_object_shift,pomdp_handoff_policy,task_success,0.444792,0.017694,10
fragile_object_shift,pomdp_handoff_policy,safety_violation,0.185417,0.014372,10
fragile_object_shift,pomdp_handoff_policy,authority_regret,0.252709,0.000390,10
fragile_object_shift,pomdp_handoff_policy,human_burden,0.470163,0.000944,10
fragile_object_shift,pomdp_handoff_policy,late_handoff,0.225520,0.000834,10
fragile_object_shift,pomdp_handoff_policy,handoff_churn,0.306763,0.000637,10
fragile_object_shift,pomdp_handoff_policy,recovery_success,0.683756,0.000684,10
fragile_object_shift,pomdp_handoff_policy,intervention_cost,0.316109,0.000488,10
fragile_object_shift,pomdp_handoff_policy,boundary_calibration_error,0.200877,0.000670,10
fragile_object_shift,pomdp_handoff_policy,override_precision,0.589469,0.000700,10
fragile_object_shift,pomdp_handoff_policy,unsafe_autonomy,0.104122,0.000179,10
fragile_object_shift,pomdp_handoff_policy,robust_utility,0.104012,0.020930,10
fragile_object_shift,recovery_aware_mpc,task_success,0.536979,0.015848,10
fragile_object_shift,recovery_aware_mpc,safety_violation,0.176563,0.022697,10
fragile_object_shift,recovery_aware_mpc,authority_regret,0.229132,0.000791,10
fragile_object_shift,recovery_aware_mpc,human_burden,0.333072,0.001000,10
fragile_object_shift,recovery_aware_mpc,late_handoff,0.196929,0.000529,10
fragile_object_shift,recovery_aware_mpc,handoff_churn,0.276307,0.000760,10
fragile_object_shift,recovery_aware_mpc,recovery_success,0.803635,0.000711,10
fragile_object_shift,recovery_aware_mpc,intervention_cost,0.303544,0.000522,10
fragile_object_shift,recovery_aware_mpc,boundary_calibration_error,0.200459,0.000566,10
fragile_object_shift,recovery_aware_mpc,override_precision,0.618815,0.001004,10
fragile_object_shift,recovery_aware_mpc,unsafe_autonomy,0.124400,0.000421,10
fragile_object_shift,recovery_aware_mpc,robust_utility,0.259561,0.022936,10
fragile_object_shift,uncertainty_triggered_handoff,task_success,0.326563,0.017553,10
fragile_object_shift,uncertainty_triggered_handoff,safety_violation,0.196354,0.012083,10
fragile_object_shift,uncertainty_triggered_handoff,authority_regret,0.326714,0.000813,10
fragile_object_shift,uncertainty_triggered_handoff,human_burden,0.717684,0.000610,10
fragile_object_shift,uncertainty_triggered_handoff,late_handoff,0.255948,0.000861,10
fragile_object_shift,uncertainty_triggered_handoff,handoff_churn,0.416847,0.000829,10
fragile_object_shift,uncertainty_triggered_handoff,recovery_success,0.525883,0.000375,10
fragile_object_shift,uncertainty_triggered_handoff,intervention_cost,0.342715,0.000458,10
fragile_object_shift,uncertainty_triggered_handoff,boundary_calibration_error,0.250955,0.000514,10
fragile_object_shift,uncertainty_triggered_handoff,override_precision,0.509700,0.000842,10
fragile_object_shift,uncertainty_triggered_handoff,unsafe_autonomy,0.061383,0.000196,10
fragile_object_shift,uncertainty_triggered_handoff,robust_utility,-0.132274,0.016783,10
human_delay_shift,authority_boundary_v4,task_success,0.309375,0.023388,10
human_delay_shift,authority_boundary_v4,safety_violation,0.190104,0.014930,10
human_delay_shift,authority_boundary_v4,authority_regret,0.333282,0.000785,10
human_delay_shift,authority_boundary_v4,human_burden,0.830395,0.000726,10
human_delay_shift,authority_boundary_v4,late_handoff,0.328986,0.000470,10
human_delay_shift,authority_boundary_v4,handoff_churn,0.379909,0.001118,10
human_delay_shift,authority_boundary_v4,recovery_success,0.566270,0.000600,10
human_delay_shift,authority_boundary_v4,intervention_cost,0.387189,0.000516,10
human_delay_shift,authority_boundary_v4,boundary_calibration_error,0.234810,0.000582,10
human_delay_shift,authority_boundary_v4,override_precision,0.533781,0.000638,10
human_delay_shift,authority_boundary_v4,unsafe_autonomy,0.042521,0.000089,10
human_delay_shift,authority_boundary_v4,robust_utility,-0.182749,0.028055,10
human_delay_shift,authority_boundary_v5,task_success,0.394792,0.012805,10
human_delay_shift,authority_boundary_v5,safety_violation,0.200521,0.021749,10
human_delay_shift,authority_boundary_v5,authority_regret,0.298113,0.000683,10
human_delay_shift,authority_boundary_v5,human_burden,0.676876,0.000945,10
human_delay_shift,authority_boundary_v5,late_handoff,0.313975,0.000818,10
human_delay_shift,authority_boundary_v5,handoff_churn,0.359542,0.000729,10
human_delay_shift,authority_boundary_v5,recovery_success,0.633706,0.000699,10
human_delay_shift,authority_boundary_v5,intervention_cost,0.372242,0.000323,10
human_delay_shift,authority_boundary_v5,boundary_calibration_error,0.225029,0.000464,10
human_delay_shift,authority_boundary_v5,override_precision,0.563135,0.000697,10
human_delay_shift,authority_boundary_v5,unsafe_autonomy,0.061207,0.000159,10
human_delay_shift,authority_boundary_v5,robust_utility,-0.046418,0.016694,10
human_delay_shift,bayesian_authority_allocation,task_success,0.332292,0.022199,10
human_delay_shift,bayesian_authority_allocation,safety_violation,0.187500,0.012269,10
human_delay_shift,bayesian_authority_allocation,authority_regret,0.318440,0.000557,10
human_delay_shift,bayesian_authority_allocation,human_burden,0.701178,0.000895,10
human_delay_shift,bayesian_authority_allocation,late_handoff,0.349808,0.000766,10
human_delay_shift,bayesian_authority_allocation,handoff_churn,0.350249,0.000557,10
human_delay_shift,bayesian_authority_allocation,recovery_success,0.554043,0.000781,10
human_delay_shift,bayesian_authority_allocation,intervention_cost,0.365486,0.000457,10
human_delay_shift,bayesian_authority_allocation,boundary_calibration_error,0.224383,0.000517,10
human_delay_shift,bayesian_authority_allocation,override_precision,0.523838,0.000715,10
human_delay_shift,bayesian_authority_allocation,unsafe_autonomy,0.062233,0.000282,10
human_delay_shift,bayesian_authority_allocation,robust_utility,-0.122075,0.025181,10
human_delay_shift,cbf_safety_filter,task_success,0.488021,0.021308,10
human_delay_shift,cbf_safety_filter,safety_violation,0.139063,0.016674,10
human_delay_shift,cbf_safety_filter,authority_regret,0.251261,0.000533,10
human_delay_shift,cbf_safety_filter,human_burden,0.295397,0.000578,10
human_delay_shift,cbf_safety_filter,late_handoff,0.302543,0.000868,10
human_delay_shift,cbf_safety_filter,handoff_churn,0.279463,0.000997,10
human_delay_shift,cbf_safety_filter,recovery_success,0.668710,0.000798,10
human_delay_shift,cbf_safety_filter,intervention_cost,0.219215,0.000439,10
human_delay_shift,cbf_safety_filter,boundary_calibration_error,0.215100,0.000586,10
human_delay_shift,cbf_safety_filter,override_precision,0.593722,0.000634,10
human_delay_shift,cbf_safety_filter,unsafe_autonomy,0.094076,0.000196,10
human_delay_shift,cbf_safety_filter,robust_utility,0.217725,0.026506,10
human_delay_shift,confidence_threshold_shared_control,task_success,0.190625,0.027820,10
human_delay_shift,confidence_threshold_shared_control,safety_violation,0.252604,0.018591,10
human_delay_shift,confidence_threshold_shared_control,authority_regret,0.424177,0.000446,10
human_delay_shift,confidence_threshold_shared_control,human_burden,0.852063,0.001320,10
human_delay_shift,confidence_threshold_shared_control,late_handoff,0.403116,0.000462,10
human_delay_shift,confidence_threshold_shared_control,handoff_churn,0.409316,0.000933,10
human_delay_shift,confidence_threshold_shared_control,recovery_success,0.362200,0.000455,10
human_delay_shift,confidence_threshold_shared_control,intervention_cost,0.373126,0.000764,10
human_delay_shift,confidence_threshold_shared_control,boundary_calibration_error,0.284654,0.000441,10
human_delay_shift,confidence_threshold_shared_control,override_precision,0.403597,0.000719,10
human_delay_shift,confidence_threshold_shared_control,unsafe_autonomy,0.051312,0.000118,10
human_delay_shift,confidence_threshold_shared_control,robust_utility,-0.398482,0.034053,10
human_delay_shift,controller_fusion_prior,task_success,0.110937,0.012179,10
human_delay_shift,controller_fusion_prior,safety_violation,0.306771,0.019515,10
human_delay_shift,controller_fusion_prior,authority_regret,0.543625,0.000486,10
human_delay_shift,controller_fusion_prior,human_burden,0.439896,0.000923,10
human_delay_shift,controller_fusion_prior,late_handoff,0.404434,0.000986,10
human_delay_shift,controller_fusion_prior,handoff_churn,0.379590,0.001052,10
human_delay_shift,controller_fusion_prior,recovery_success,0.217130,0.000345,10
human_delay_shift,controller_fusion_prior,intervention_cost,0.228951,0.000393,10
human_delay_shift,controller_fusion_prior,boundary_calibration_error,0.294745,0.000598,10
human_delay_shift,controller_fusion_prior,override_precision,0.304004,0.000728,10
human_delay_shift,controller_fusion_prior,unsafe_autonomy,0.224550,0.000305,10
human_delay_shift,controller_fusion_prior,robust_utility,-0.436526,0.017478,10
human_delay_shift,fixed_human_teleoperation,task_success,0.152083,0.014340,10
human_delay_shift,fixed_human_teleoperation,safety_violation,0.218229,0.017970,10
human_delay_shift,fixed_human_teleoperation,authority_regret,0.387820,0.000617,10
human_delay_shift,fixed_human_teleoperation,human_burden,1.000000,0.000000,10
human_delay_shift,fixed_human_teleoperation,late_handoff,0.420324,0.000973,10
human_delay_shift,fixed_human_teleoperation,handoff_churn,0.249744,0.000803,10
human_delay_shift,fixed_human_teleoperation,recovery_success,0.414178,0.000638,10
human_delay_shift,fixed_human_teleoperation,intervention_cost,0.462115,0.000308,10
human_delay_shift,fixed_human_teleoperation,boundary_calibration_error,0.264801,0.000557,10
human_delay_shift,fixed_human_teleoperation,override_precision,0.484262,0.000536,10
human_delay_shift,fixed_human_teleoperation,unsafe_autonomy,0.045449,0.000102,10
human_delay_shift,fixed_human_teleoperation,robust_utility,-0.430472,0.022336,10
human_delay_shift,fixed_policy_authority,task_success,0.027604,0.006097,10
human_delay_shift,fixed_policy_authority,safety_violation,0.344792,0.016517,10
human_delay_shift,fixed_policy_authority,authority_regret,0.619093,0.000309,10
human_delay_shift,fixed_policy_authority,human_burden,0.270178,0.001052,10
human_delay_shift,fixed_policy_authority,late_handoff,0.559409,0.000607,10
human_delay_shift,fixed_policy_authority,handoff_churn,0.259548,0.000815,10
human_delay_shift,fixed_policy_authority,recovery_success,0.011900,0.000508,10
human_delay_shift,fixed_policy_authority,intervention_cost,0.143748,0.000450,10
human_delay_shift,fixed_policy_authority,boundary_calibration_error,0.354731,0.000571,10
human_delay_shift,fixed_policy_authority,override_precision,0.083709,0.000687,10
human_delay_shift,fixed_policy_authority,unsafe_autonomy,0.361630,0.000526,10
human_delay_shift,fixed_policy_authority,robust_utility,-0.539857,0.014751,10
human_delay_shift,mpc_risk_arbitration,task_success,0.501042,0.019771,10
human_delay_shift,mpc_risk_arbitration,safety_violation,0.144792,0.018375,10
human_delay_shift,mpc_risk_arbitration,authority_regret,0.229725,0.000417,10
human_delay_shift,mpc_risk_arbitration,human_burden,0.341359,0.000748,10
human_delay_shift,mpc_risk_arbitration,late_handoff,0.286459,0.000757,10
human_delay_shift,mpc_risk_arbitration,handoff_churn,0.289365,0.001168,10
human_delay_shift,mpc_risk_arbitration,recovery_success,0.738396,0.000518,10
human_delay_shift,mpc_risk_arbitration,intervention_cost,0.286662,0.000566,10
human_delay_shift,mpc_risk_arbitration,boundary_calibration_error,0.194793,0.000625,10
human_delay_shift,mpc_risk_arbitration,override_precision,0.623397,0.000712,10
human_delay_shift,mpc_risk_arbitration,unsafe_autonomy,0.106188,0.000481,10
human_delay_shift,mpc_risk_arbitration,robust_utility,0.221762,0.022424,10
human_delay_shift,oracle_authority_assignment,task_success,0.569792,0.031637,10
human_delay_shift,oracle_authority_assignment,safety_violation,0.099479,0.014067,10
human_delay_shift,oracle_authority_assignment,authority_regret,0.175850,0.000519,10
human_delay_shift,oracle_authority_assignment,human_burden,0.384596,0.000896,10
human_delay_shift,oracle_authority_assignment,late_handoff,0.268373,0.000626,10
human_delay_shift,oracle_authority_assignment,handoff_churn,0.269019,0.000968,10
human_delay_shift,oracle_authority_assignment,recovery_success,0.860348,0.000791,10
human_delay_shift,oracle_authority_assignment,intervention_cost,0.311919,0.000516,10
human_delay_shift,oracle_authority_assignment,boundary_calibration_error,0.144979,0.000529,10
human_delay_shift,oracle_authority_assignment,override_precision,0.743406,0.000933,10
human_delay_shift,oracle_authority_assignment,unsafe_autonomy,0.064769,0.000374,10
human_delay_shift,oracle_authority_assignment,robust_utility,0.334263,0.026877,10
human_delay_shift,pomdp_handoff_policy,task_success,0.440104,0.017099,10
human_delay_shift,pomdp_handoff_policy,safety_violation,0.188021,0.014945,10
human_delay_shift,pomdp_handoff_policy,authority_regret,0.266233,0.000540,10
human_delay_shift,pomdp_handoff_policy,human_burden,0.525510,0.000778,10
human_delay_shift,pomdp_handoff_policy,late_handoff,0.311871,0.000956,10
human_delay_shift,pomdp_handoff_policy,handoff_churn,0.329835,0.001093,10
human_delay_shift,pomdp_handoff_policy,recovery_success,0.667161,0.000619,10
human_delay_shift,pomdp_handoff_policy,intervention_cost,0.347483,0.000545,10
human_delay_shift,pomdp_handoff_policy,boundary_calibration_error,0.205004,0.000520,10
human_delay_shift,pomdp_handoff_policy,override_precision,0.584026,0.000719,10
human_delay_shift,pomdp_handoff_policy,unsafe_autonomy,0.085402,0.000370,10
human_delay_shift,pomdp_handoff_policy,robust_utility,0.059996,0.022550,10
human_delay_shift,recovery_aware_mpc,task_success,0.506771,0.016180,10
human_delay_shift,recovery_aware_mpc,safety_violation,0.173437,0.015373,10
human_delay_shift,recovery_aware_mpc,authority_regret,0.242718,0.000459,10
human_delay_shift,recovery_aware_mpc,human_burden,0.388626,0.001018,10
human_delay_shift,recovery_aware_mpc,late_handoff,0.282652,0.001069,10
human_delay_shift,recovery_aware_mpc,handoff_churn,0.299392,0.000950,10
human_delay_shift,recovery_aware_mpc,recovery_success,0.787655,0.000526,10
human_delay_shift,recovery_aware_mpc,intervention_cost,0.334427,0.000467,10
human_delay_shift,recovery_aware_mpc,boundary_calibration_error,0.204636,0.000597,10
human_delay_shift,recovery_aware_mpc,override_precision,0.613920,0.000764,10
human_delay_shift,recovery_aware_mpc,unsafe_autonomy,0.104280,0.000330,10
human_delay_shift,recovery_aware_mpc,robust_utility,0.193708,0.020276,10
human_delay_shift,uncertainty_triggered_handoff,task_success,0.314583,0.028761,10
human_delay_shift,uncertainty_triggered_handoff,safety_violation,0.214583,0.016090,10
human_delay_shift,uncertainty_triggered_handoff,authority_regret,0.339855,0.000622,10
human_delay_shift,uncertainty_triggered_handoff,human_burden,0.774616,0.000920,10
human_delay_shift,uncertainty_triggered_handoff,late_handoff,0.342751,0.000646,10
human_delay_shift,uncertainty_triggered_handoff,handoff_churn,0.440031,0.000757,10
human_delay_shift,uncertainty_triggered_handoff,recovery_success,0.509488,0.001076,10
human_delay_shift,uncertainty_triggered_handoff,intervention_cost,0.373653,0.000465,10
human_delay_shift,uncertainty_triggered_handoff,boundary_calibration_error,0.254864,0.000380,10
human_delay_shift,uncertainty_triggered_handoff,override_precision,0.503984,0.000766,10
human_delay_shift,uncertainty_triggered_handoff,unsafe_autonomy,0.045679,0.000222,10
human_delay_shift,uncertainty_triggered_handoff,robust_utility,-0.193580,0.030337,10
intent_ambiguity_shift,authority_boundary_v4,task_success,0.368229,0.016949,10
intent_ambiguity_shift,authority_boundary_v4,safety_violation,0.200000,0.018774,10
intent_ambiguity_shift,authority_boundary_v4,authority_regret,0.321139,0.000573,10
intent_ambiguity_shift,authority_boundary_v4,human_burden,0.813705,0.001174,10
intent_ambiguity_shift,authority_boundary_v4,late_handoff,0.277560,0.001097,10
intent_ambiguity_shift,authority_boundary_v4,handoff_churn,0.411507,0.001078,10
intent_ambiguity_shift,authority_boundary_v4,recovery_success,0.577984,0.000688,10
intent_ambiguity_shift,authority_boundary_v4,intervention_cost,0.365207,0.000377,10
intent_ambiguity_shift,authority_boundary_v4,boundary_calibration_error,0.254941,0.000681,10
intent_ambiguity_shift,authority_boundary_v4,override_precision,0.508122,0.000764,10
intent_ambiguity_shift,authority_boundary_v4,unsafe_autonomy,0.042685,0.000078,10
intent_ambiguity_shift,authority_boundary_v4,robust_utility,-0.115417,0.021474,10
intent_ambiguity_shift,authority_boundary_v5,task_success,0.435938,0.030399,10
intent_ambiguity_shift,authority_boundary_v5,safety_violation,0.168229,0.011188,10
intent_ambiguity_shift,authority_boundary_v5,authority_regret,0.286093,0.000560,10
intent_ambiguity_shift,authority_boundary_v5,human_burden,0.659950,0.001076,10
intent_ambiguity_shift,authority_boundary_v5,late_handoff,0.261863,0.001032,10
intent_ambiguity_shift,authority_boundary_v5,handoff_churn,0.392150,0.001200,10
intent_ambiguity_shift,authority_boundary_v5,recovery_success,0.645298,0.000644,10
intent_ambiguity_shift,authority_boundary_v5,intervention_cost,0.350746,0.000468,10
intent_ambiguity_shift,authority_boundary_v5,boundary_calibration_error,0.244925,0.000722,10
intent_ambiguity_shift,authority_boundary_v5,override_precision,0.538234,0.001008,10
intent_ambiguity_shift,authority_boundary_v5,unsafe_autonomy,0.063470,0.000193,10
intent_ambiguity_shift,authority_boundary_v5,robust_utility,0.029317,0.031877,10
intent_ambiguity_shift,bayesian_authority_allocation,task_success,0.390104,0.013734,10
intent_ambiguity_shift,bayesian_authority_allocation,safety_violation,0.200000,0.013797,10
intent_ambiguity_shift,bayesian_authority_allocation,authority_regret,0.306099,0.000466,10
intent_ambiguity_shift,bayesian_authority_allocation,human_burden,0.683981,0.001262,10
intent_ambiguity_shift,bayesian_authority_allocation,late_handoff,0.297504,0.000891,10
intent_ambiguity_shift,bayesian_authority_allocation,handoff_churn,0.382050,0.001291,10
intent_ambiguity_shift,bayesian_authority_allocation,recovery_success,0.565803,0.000593,10
intent_ambiguity_shift,bayesian_authority_allocation,intervention_cost,0.343199,0.000840,10
intent_ambiguity_shift,bayesian_authority_allocation,boundary_calibration_error,0.245286,0.000523,10
intent_ambiguity_shift,bayesian_authority_allocation,override_precision,0.498130,0.000666,10
intent_ambiguity_shift,bayesian_authority_allocation,unsafe_autonomy,0.064733,0.000384,10
intent_ambiguity_shift,bayesian_authority_allocation,robust_utility,-0.057078,0.015020,10
intent_ambiguity_shift,cbf_safety_filter,task_success,0.498958,0.023565,10
intent_ambiguity_shift,cbf_safety_filter,safety_violation,0.127604,0.015538,10
intent_ambiguity_shift,cbf_safety_filter,authority_regret,0.240082,0.000410,10
intent_ambiguity_shift,cbf_safety_filter,human_burden,0.279064,0.001164,10
intent_ambiguity_shift,cbf_safety_filter,late_handoff,0.249949,0.000857,10
intent_ambiguity_shift,cbf_safety_filter,handoff_churn,0.312315,0.000663,10
intent_ambiguity_shift,cbf_safety_filter,recovery_success,0.680973,0.000552,10
intent_ambiguity_shift,cbf_safety_filter,intervention_cost,0.197440,0.000453,10
intent_ambiguity_shift,cbf_safety_filter,boundary_calibration_error,0.235093,0.000678,10
intent_ambiguity_shift,cbf_safety_filter,override_precision,0.568870,0.000690,10
intent_ambiguity_shift,cbf_safety_filter,unsafe_autonomy,0.095301,0.000347,10
intent_ambiguity_shift,cbf_safety_filter,robust_utility,0.250112,0.020745,10
intent_ambiguity_shift,confidence_threshold_shared_control,task_success,0.230208,0.009479,10
intent_ambiguity_shift,confidence_threshold_shared_control,safety_violation,0.246875,0.024263,10
intent_ambiguity_shift,confidence_threshold_shared_control,authority_regret,0.412170,0.000473,10
intent_ambiguity_shift,confidence_threshold_shared_control,human_burden,0.833949,0.001247,10
intent_ambiguity_shift,confidence_threshold_shared_control,late_handoff,0.351438,0.001009,10
intent_ambiguity_shift,confidence_threshold_shared_control,handoff_churn,0.441845,0.000956,10
intent_ambiguity_shift,confidence_threshold_shared_control,recovery_success,0.374193,0.000571,10
intent_ambiguity_shift,confidence_threshold_shared_control,intervention_cost,0.350685,0.000288,10
intent_ambiguity_shift,confidence_threshold_shared_control,boundary_calibration_error,0.305426,0.000493,10
intent_ambiguity_shift,confidence_threshold_shared_control,override_precision,0.378738,0.000612,10
intent_ambiguity_shift,confidence_threshold_shared_control,unsafe_autonomy,0.050847,0.000176,10
intent_ambiguity_shift,confidence_threshold_shared_control,robust_utility,-0.340429,0.018295,10
intent_ambiguity_shift,controller_fusion_prior,task_success,0.138542,0.020541,10
intent_ambiguity_shift,controller_fusion_prior,safety_violation,0.315625,0.016684,10
intent_ambiguity_shift,controller_fusion_prior,authority_regret,0.530521,0.000575,10
intent_ambiguity_shift,controller_fusion_prior,human_burden,0.422401,0.001061,10
intent_ambiguity_shift,controller_fusion_prior,late_handoff,0.352259,0.000994,10
intent_ambiguity_shift,controller_fusion_prior,handoff_churn,0.412075,0.000847,10
intent_ambiguity_shift,controller_fusion_prior,recovery_success,0.229423,0.000786,10
intent_ambiguity_shift,controller_fusion_prior,intervention_cost,0.206313,0.000536,10
intent_ambiguity_shift,controller_fusion_prior,boundary_calibration_error,0.314985,0.000495,10
intent_ambiguity_shift,controller_fusion_prior,override_precision,0.278678,0.000798,10
intent_ambiguity_shift,controller_fusion_prior,unsafe_autonomy,0.226215,0.000403,10
intent_ambiguity_shift,controller_fusion_prior,robust_utility,-0.399240,0.019342,10
intent_ambiguity_shift,fixed_human_teleoperation,task_success,0.188021,0.016351,10
intent_ambiguity_shift,fixed_human_teleoperation,safety_violation,0.203125,0.018070,10
intent_ambiguity_shift,fixed_human_teleoperation,authority_regret,0.375849,0.000649,10
intent_ambiguity_shift,fixed_human_teleoperation,human_burden,0.999996,0.000005,10
intent_ambiguity_shift,fixed_human_teleoperation,late_handoff,0.368277,0.001046,10
intent_ambiguity_shift,fixed_human_teleoperation,handoff_churn,0.281957,0.000904,10
intent_ambiguity_shift,fixed_human_teleoperation,recovery_success,0.426038,0.000440,10
intent_ambiguity_shift,fixed_human_teleoperation,intervention_cost,0.442637,0.000351,10
intent_ambiguity_shift,fixed_human_teleoperation,boundary_calibration_error,0.284897,0.000880,10
intent_ambiguity_shift,fixed_human_teleoperation,override_precision,0.458625,0.000486,10
intent_ambiguity_shift,fixed_human_teleoperation,unsafe_autonomy,0.044568,0.000122,10
intent_ambiguity_shift,fixed_human_teleoperation,robust_utility,-0.374818,0.017864,10
intent_ambiguity_shift,fixed_policy_authority,task_success,0.041667,0.010543,10
intent_ambiguity_shift,fixed_policy_authority,safety_violation,0.347396,0.020701,10
intent_ambiguity_shift,fixed_policy_authority,authority_regret,0.609850,0.000574,10
intent_ambiguity_shift,fixed_policy_authority,human_burden,0.253501,0.000860,10
intent_ambiguity_shift,fixed_policy_authority,late_handoff,0.507426,0.001140,10
intent_ambiguity_shift,fixed_policy_authority,handoff_churn,0.292027,0.001250,10
intent_ambiguity_shift,fixed_policy_authority,recovery_success,0.020878,0.000744,10
intent_ambiguity_shift,fixed_policy_authority,intervention_cost,0.120968,0.000516,10
intent_ambiguity_shift,fixed_policy_authority,boundary_calibration_error,0.375505,0.000449,10
intent_ambiguity_shift,fixed_policy_authority,override_precision,0.058849,0.000703,10
intent_ambiguity_shift,fixed_policy_authority,unsafe_autonomy,0.360706,0.000440,10
intent_ambiguity_shift,fixed_policy_authority,robust_utility,-0.513679,0.021280,10
intent_ambiguity_shift,mpc_risk_arbitration,task_success,0.539062,0.017763,10
intent_ambiguity_shift,mpc_risk_arbitration,safety_violation,0.153646,0.011714,10
intent_ambiguity_shift,mpc_risk_arbitration,authority_regret,0.217602,0.000766,10
intent_ambiguity_shift,mpc_risk_arbitration,human_burden,0.324069,0.001183,10
intent_ambiguity_shift,mpc_risk_arbitration,late_handoff,0.235061,0.001235,10
intent_ambiguity_shift,mpc_risk_arbitration,handoff_churn,0.321590,0.000718,10
intent_ambiguity_shift,mpc_risk_arbitration,recovery_success,0.749250,0.000467,10
intent_ambiguity_shift,mpc_risk_arbitration,intervention_cost,0.264395,0.000656,10
intent_ambiguity_shift,mpc_risk_arbitration,boundary_calibration_error,0.215206,0.000432,10
intent_ambiguity_shift,mpc_risk_arbitration,override_precision,0.597858,0.000610,10
intent_ambiguity_shift,mpc_risk_arbitration,unsafe_autonomy,0.108129,0.000385,10
intent_ambiguity_shift,mpc_risk_arbitration,robust_utility,0.268925,0.018309,10
intent_ambiguity_shift,oracle_authority_assignment,task_success,0.603646,0.018099,10
intent_ambiguity_shift,oracle_authority_assignment,safety_violation,0.114062,0.012773,10
intent_ambiguity_shift,oracle_authority_assignment,authority_regret,0.164776,0.000654,10
intent_ambiguity_shift,oracle_authority_assignment,human_burden,0.368151,0.001352,10
intent_ambiguity_shift,oracle_authority_assignment,late_handoff,0.216118,0.001164,10
intent_ambiguity_shift,oracle_authority_assignment,handoff_churn,0.302681,0.001245,10
intent_ambiguity_shift,oracle_authority_assignment,recovery_success,0.872615,0.000760,10
intent_ambiguity_shift,oracle_authority_assignment,intervention_cost,0.289579,0.000793,10
intent_ambiguity_shift,oracle_authority_assignment,boundary_calibration_error,0.165356,0.000589,10
intent_ambiguity_shift,oracle_authority_assignment,override_precision,0.717731,0.000842,10
intent_ambiguity_shift,oracle_authority_assignment,unsafe_autonomy,0.066389,0.000307,10
intent_ambiguity_shift,oracle_authority_assignment,robust_utility,0.373327,0.016332,10
intent_ambiguity_shift,pomdp_handoff_policy,task_success,0.460937,0.017632,10
intent_ambiguity_shift,pomdp_handoff_policy,safety_violation,0.176042,0.021937,10
intent_ambiguity_shift,pomdp_handoff_policy,authority_regret,0.254864,0.000647,10
intent_ambiguity_shift,pomdp_handoff_policy,human_burden,0.508454,0.000990,10
intent_ambiguity_shift,pomdp_handoff_policy,late_handoff,0.259827,0.001264,10
intent_ambiguity_shift,pomdp_handoff_policy,handoff_churn,0.361809,0.001182,10
intent_ambiguity_shift,pomdp_handoff_policy,recovery_success,0.678767,0.000731,10
intent_ambiguity_shift,pomdp_handoff_policy,intervention_cost,0.325492,0.000739,10
intent_ambiguity_shift,pomdp_handoff_policy,boundary_calibration_error,0.225406,0.000432,10
intent_ambiguity_shift,pomdp_handoff_policy,override_precision,0.557974,0.000897,10
intent_ambiguity_shift,pomdp_handoff_policy,unsafe_autonomy,0.087336,0.000240,10
intent_ambiguity_shift,pomdp_handoff_policy,robust_utility,0.102809,0.022991,10
intent_ambiguity_shift,recovery_aware_mpc,task_success,0.553125,0.022766,10
intent_ambiguity_shift,recovery_aware_mpc,safety_violation,0.168229,0.015891,10
intent_ambiguity_shift,recovery_aware_mpc,authority_regret,0.231231,0.000745,10
intent_ambiguity_shift,recovery_aware_mpc,human_burden,0.371479,0.001365,10
intent_ambiguity_shift,recovery_aware_mpc,late_handoff,0.231068,0.001064,10
intent_ambiguity_shift,recovery_aware_mpc,handoff_churn,0.332248,0.000765,10
intent_ambiguity_shift,recovery_aware_mpc,recovery_success,0.798584,0.000697,10
intent_ambiguity_shift,recovery_aware_mpc,intervention_cost,0.312407,0.000932,10
intent_ambiguity_shift,recovery_aware_mpc,boundary_calibration_error,0.225284,0.000470,10
intent_ambiguity_shift,recovery_aware_mpc,override_precision,0.588595,0.000992,10
intent_ambiguity_shift,recovery_aware_mpc,unsafe_autonomy,0.106064,0.000378,10
intent_ambiguity_shift,recovery_aware_mpc,robust_utility,0.257665,0.022937,10
intent_ambiguity_shift,uncertainty_triggered_handoff,task_success,0.322396,0.021812,10
intent_ambiguity_shift,uncertainty_triggered_handoff,safety_violation,0.200000,0.017163,10
intent_ambiguity_shift,uncertainty_triggered_handoff,authority_regret,0.328320,0.000363,10
intent_ambiguity_shift,uncertainty_triggered_handoff,human_burden,0.756950,0.001359,10
intent_ambiguity_shift,uncertainty_triggered_handoff,late_handoff,0.290827,0.001250,10
intent_ambiguity_shift,uncertainty_triggered_handoff,handoff_churn,0.471953,0.000909,10
intent_ambiguity_shift,uncertainty_triggered_handoff,recovery_success,0.521925,0.000712,10
intent_ambiguity_shift,uncertainty_triggered_handoff,intervention_cost,0.351063,0.000652,10
intent_ambiguity_shift,uncertainty_triggered_handoff,boundary_calibration_error,0.275099,0.000581,10
intent_ambiguity_shift,uncertainty_triggered_handoff,override_precision,0.478241,0.000773,10
intent_ambiguity_shift,uncertainty_triggered_handoff,unsafe_autonomy,0.047832,0.000288,10
intent_ambiguity_shift,uncertainty_triggered_handoff,robust_utility,-0.161871,0.019410,10
low_signal_high_risk_shift,authority_boundary_v4,task_success,0.278646,0.010680,10
low_signal_high_risk_shift,authority_boundary_v4,safety_violation,0.257812,0.019324,10
low_signal_high_risk_shift,authority_boundary_v4,authority_regret,0.357388,0.000490,10
low_signal_high_risk_shift,authority_boundary_v4,human_burden,0.846817,0.000944,10
low_signal_high_risk_shift,authority_boundary_v4,late_handoff,0.329935,0.000508,10
low_signal_high_risk_shift,authority_boundary_v4,handoff_churn,0.435004,0.001012,10
low_signal_high_risk_shift,authority_boundary_v4,recovery_success,0.547764,0.000591,10
low_signal_high_risk_shift,authority_boundary_v4,intervention_cost,0.381211,0.000614,10
low_signal_high_risk_shift,authority_boundary_v4,boundary_calibration_error,0.302785,0.000532,10
low_signal_high_risk_shift,authority_boundary_v4,override_precision,0.462089,0.000562,10
low_signal_high_risk_shift,authority_boundary_v4,unsafe_autonomy,0.051699,0.000087,10
low_signal_high_risk_shift,authority_boundary_v4,robust_utility,-0.273071,0.015097,10
low_signal_high_risk_shift,authority_boundary_v5,task_success,0.353646,0.019336,10
low_signal_high_risk_shift,authority_boundary_v5,safety_violation,0.247396,0.018150,10
low_signal_high_risk_shift,authority_boundary_v5,authority_regret,0.321486,0.000585,10
low_signal_high_risk_shift,authority_boundary_v5,human_burden,0.693913,0.000572,10
low_signal_high_risk_shift,authority_boundary_v5,late_handoff,0.314951,0.000659,10
low_signal_high_risk_shift,authority_boundary_v5,handoff_churn,0.415327,0.000541,10
low_signal_high_risk_shift,authority_boundary_v5,recovery_success,0.614881,0.000624,10
low_signal_high_risk_shift,authority_boundary_v5,intervention_cost,0.367091,0.000537,10
low_signal_high_risk_shift,authority_boundary_v5,boundary_calibration_error,0.293154,0.000552,10
low_signal_high_risk_shift,authority_boundary_v5,override_precision,0.491858,0.000862,10
low_signal_high_risk_shift,authority_boundary_v5,unsafe_autonomy,0.071818,0.000186,10
low_signal_high_risk_shift,authority_boundary_v5,robust_utility,-0.134400,0.021190,10
low_signal_high_risk_shift,bayesian_authority_allocation,task_success,0.298958,0.025519,10
low_signal_high_risk_shift,bayesian_authority_allocation,safety_violation,0.259375,0.018749,10
low_signal_high_risk_shift,bayesian_authority_allocation,authority_regret,0.342267,0.000606,10
low_signal_high_risk_shift,bayesian_authority_allocation,human_burden,0.717632,0.001028,10
low_signal_high_risk_shift,bayesian_authority_allocation,late_handoff,0.350885,0.001024,10
low_signal_high_risk_shift,bayesian_authority_allocation,handoff_churn,0.404861,0.000580,10
low_signal_high_risk_shift,bayesian_authority_allocation,recovery_success,0.535788,0.000838,10
low_signal_high_risk_shift,bayesian_authority_allocation,intervention_cost,0.359340,0.000523,10
low_signal_high_risk_shift,bayesian_authority_allocation,boundary_calibration_error,0.292601,0.000486,10
low_signal_high_risk_shift,bayesian_authority_allocation,override_precision,0.452553,0.000541,10
low_signal_high_risk_shift,bayesian_authority_allocation,unsafe_autonomy,0.072471,0.000302,10
low_signal_high_risk_shift,bayesian_authority_allocation,robust_utility,-0.217448,0.031922,10
low_signal_high_risk_shift,cbf_safety_filter,task_success,0.421354,0.023793,10
low_signal_high_risk_shift,cbf_safety_filter,safety_violation,0.152604,0.020924,10
low_signal_high_risk_shift,cbf_safety_filter,authority_regret,0.273152,0.000544,10
low_signal_high_risk_shift,cbf_safety_filter,human_burden,0.312143,0.001203,10
low_signal_high_risk_shift,cbf_safety_filter,late_handoff,0.303423,0.000685,10
low_signal_high_risk_shift,cbf_safety_filter,handoff_churn,0.335275,0.000844,10
low_signal_high_risk_shift,cbf_safety_filter,recovery_success,0.652534,0.000672,10
low_signal_high_risk_shift,cbf_safety_filter,intervention_cost,0.213049,0.000748,10
low_signal_high_risk_shift,cbf_safety_filter,boundary_calibration_error,0.282874,0.000531,10
low_signal_high_risk_shift,cbf_safety_filter,override_precision,0.521673,0.000543,10
low_signal_high_risk_shift,cbf_safety_filter,unsafe_autonomy,0.115263,0.000255,10
low_signal_high_risk_shift,cbf_safety_filter,robust_utility,0.125654,0.031565,10
low_signal_high_risk_shift,confidence_threshold_shared_control,task_success,0.144792,0.013931,10
low_signal_high_risk_shift,confidence_threshold_shared_control,safety_violation,0.314583,0.022988,10
low_signal_high_risk_shift,confidence_threshold_shared_control,authority_regret,0.449107,0.000687,10
low_signal_high_risk_shift,confidence_threshold_shared_control,human_burden,0.867695,0.000627,10
low_signal_high_risk_shift,confidence_threshold_shared_control,late_handoff,0.404098,0.000858,10
low_signal_high_risk_shift,confidence_threshold_shared_control,handoff_churn,0.464405,0.000693,10
low_signal_high_risk_shift,confidence_threshold_shared_control,recovery_success,0.342069,0.000716,10
low_signal_high_risk_shift,confidence_threshold_shared_control,intervention_cost,0.366536,0.000580,10
low_signal_high_risk_shift,confidence_threshold_shared_control,boundary_calibration_error,0.352455,0.000755,10
low_signal_high_risk_shift,confidence_threshold_shared_control,override_precision,0.332252,0.000750,10
low_signal_high_risk_shift,confidence_threshold_shared_control,unsafe_autonomy,0.062497,0.000105,10
low_signal_high_risk_shift,confidence_threshold_shared_control,robust_utility,-0.500446,0.024745,10
low_signal_high_risk_shift,controller_fusion_prior,task_success,0.065104,0.012292,10
low_signal_high_risk_shift,controller_fusion_prior,safety_violation,0.389063,0.025375,10
low_signal_high_risk_shift,controller_fusion_prior,authority_regret,0.570787,0.000408,10
low_signal_high_risk_shift,controller_fusion_prior,human_burden,0.455938,0.001091,10
low_signal_high_risk_shift,controller_fusion_prior,late_handoff,0.405733,0.000749,10
low_signal_high_risk_shift,controller_fusion_prior,handoff_churn,0.435427,0.000702,10
low_signal_high_risk_shift,controller_fusion_prior,recovery_success,0.196651,0.000402,10
low_signal_high_risk_shift,controller_fusion_prior,intervention_cost,0.222307,0.000431,10
low_signal_high_risk_shift,controller_fusion_prior,boundary_calibration_error,0.362858,0.000611,10
low_signal_high_risk_shift,controller_fusion_prior,override_precision,0.232331,0.000626,10
low_signal_high_risk_shift,controller_fusion_prior,unsafe_autonomy,0.256228,0.000638,10
low_signal_high_risk_shift,controller_fusion_prior,robust_utility,-0.551903,0.020095,10
low_signal_high_risk_shift,fixed_human_teleoperation,task_success,0.116667,0.022633,10
low_signal_high_risk_shift,fixed_human_teleoperation,safety_violation,0.288542,0.012098,10
low_signal_high_risk_shift,fixed_human_teleoperation,authority_regret,0.412046,0.000552,10
low_signal_high_risk_shift,fixed_human_teleoperation,human_burden,1.000000,0.000000,10
low_signal_high_risk_shift,fixed_human_teleoperation,late_handoff,0.421554,0.001017,10
low_signal_high_risk_shift,fixed_human_teleoperation,handoff_churn,0.305190,0.000561,10
low_signal_high_risk_shift,fixed_human_teleoperation,recovery_success,0.395229,0.000747,10
low_signal_high_risk_shift,fixed_human_teleoperation,intervention_cost,0.453920,0.000466,10
low_signal_high_risk_shift,fixed_human_teleoperation,boundary_calibration_error,0.333266,0.000506,10
low_signal_high_risk_shift,fixed_human_teleoperation,override_precision,0.412270,0.000800,10
low_signal_high_risk_shift,fixed_human_teleoperation,unsafe_autonomy,0.055777,0.000095,10
low_signal_high_risk_shift,fixed_human_teleoperation,robust_utility,-0.523086,0.025611,10
low_signal_high_risk_shift,fixed_policy_authority,task_success,0.004167,0.003334,10
low_signal_high_risk_shift,fixed_policy_authority,safety_violation,0.436979,0.018479,10
low_signal_high_risk_shift,fixed_policy_authority,authority_regret,0.640280,0.000538,10
low_signal_high_risk_shift,fixed_policy_authority,human_burden,0.286613,0.001046,10
low_signal_high_risk_shift,fixed_policy_authority,late_handoff,0.560044,0.000707,10
low_signal_high_risk_shift,fixed_policy_authority,handoff_churn,0.314812,0.000859,10
low_signal_high_risk_shift,fixed_policy_authority,recovery_success,0.003115,0.000249,10
low_signal_high_risk_shift,fixed_policy_authority,intervention_cost,0.137532,0.000486,10
low_signal_high_risk_shift,fixed_policy_authority,boundary_calibration_error,0.422597,0.000503,10
low_signal_high_risk_shift,fixed_policy_authority,override_precision,0.015540,0.000300,10
low_signal_high_risk_shift,fixed_policy_authority,unsafe_autonomy,0.410158,0.000484,10
low_signal_high_risk_shift,fixed_policy_authority,robust_utility,-0.636506,0.012059,10
low_signal_high_risk_shift,mpc_risk_arbitration,task_success,0.448438,0.016770,10
low_signal_high_risk_shift,mpc_risk_arbitration,safety_violation,0.201042,0.011609,10
low_signal_high_risk_shift,mpc_risk_arbitration,authority_regret,0.251652,0.000390,10
low_signal_high_risk_shift,mpc_risk_arbitration,human_burden,0.357168,0.000830,10
low_signal_high_risk_shift,mpc_risk_arbitration,late_handoff,0.287652,0.000811,10
low_signal_high_risk_shift,mpc_risk_arbitration,handoff_churn,0.345481,0.000528,10
low_signal_high_risk_shift,mpc_risk_arbitration,recovery_success,0.720611,0.000714,10
low_signal_high_risk_shift,mpc_risk_arbitration,intervention_cost,0.281118,0.000442,10
low_signal_high_risk_shift,mpc_risk_arbitration,boundary_calibration_error,0.262903,0.000552,10
low_signal_high_risk_shift,mpc_risk_arbitration,override_precision,0.551934,0.000696,10
low_signal_high_risk_shift,mpc_risk_arbitration,unsafe_autonomy,0.129493,0.000182,10
low_signal_high_risk_shift,mpc_risk_arbitration,robust_utility,0.117213,0.021689,10
low_signal_high_risk_shift,oracle_authority_assignment,task_success,0.540625,0.028825,10
low_signal_high_risk_shift,oracle_authority_assignment,safety_violation,0.136979,0.016252,10
low_signal_high_risk_shift,oracle_authority_assignment,authority_regret,0.196572,0.000471,10
low_signal_high_risk_shift,oracle_authority_assignment,human_burden,0.401830,0.000942,10
low_signal_high_risk_shift,oracle_authority_assignment,late_handoff,0.269410,0.000805,10
low_signal_high_risk_shift,oracle_authority_assignment,handoff_churn,0.325148,0.001099,10
low_signal_high_risk_shift,oracle_authority_assignment,recovery_success,0.845081,0.000657,10
low_signal_high_risk_shift,oracle_authority_assignment,intervention_cost,0.305343,0.000568,10
low_signal_high_risk_shift,oracle_authority_assignment,boundary_calibration_error,0.212690,0.000391,10
low_signal_high_risk_shift,oracle_authority_assignment,override_precision,0.671707,0.000743,10
low_signal_high_risk_shift,oracle_authority_assignment,unsafe_autonomy,0.080775,0.000131,10
low_signal_high_risk_shift,oracle_authority_assignment,robust_utility,0.265064,0.033364,10
low_signal_high_risk_shift,pomdp_handoff_policy,task_success,0.360937,0.018454,10
low_signal_high_risk_shift,pomdp_handoff_policy,safety_violation,0.231771,0.015979,10
low_signal_high_risk_shift,pomdp_handoff_policy,authority_regret,0.289058,0.000473,10
low_signal_high_risk_shift,pomdp_handoff_policy,human_burden,0.540686,0.000526,10
low_signal_high_risk_shift,pomdp_handoff_policy,late_handoff,0.312732,0.000673,10
low_signal_high_risk_shift,pomdp_handoff_policy,handoff_churn,0.384414,0.000582,10
low_signal_high_risk_shift,pomdp_handoff_policy,recovery_success,0.650278,0.000558,10
low_signal_high_risk_shift,pomdp_handoff_policy,intervention_cost,0.341417,0.000636,10
low_signal_high_risk_shift,pomdp_handoff_policy,boundary_calibration_error,0.272912,0.000409,10
low_signal_high_risk_shift,pomdp_handoff_policy,override_precision,0.512063,0.000775,10
low_signal_high_risk_shift,pomdp_handoff_policy,unsafe_autonomy,0.102648,0.000156,10
low_signal_high_risk_shift,pomdp_handoff_policy,robust_utility,-0.063076,0.019750,10
low_signal_high_risk_shift,recovery_aware_mpc,task_success,0.450000,0.017629,10
low_signal_high_risk_shift,recovery_aware_mpc,safety_violation,0.207813,0.015627,10
low_signal_high_risk_shift,recovery_aware_mpc,authority_regret,0.265559,0.000524,10
low_signal_high_risk_shift,recovery_aware_mpc,human_burden,0.404657,0.001081,10
low_signal_high_risk_shift,recovery_aware_mpc,late_handoff,0.284006,0.000836,10
low_signal_high_risk_shift,recovery_aware_mpc,handoff_churn,0.354974,0.000827,10
low_signal_high_risk_shift,recovery_aware_mpc,recovery_success,0.769742,0.000529,10
low_signal_high_risk_shift,recovery_aware_mpc,intervention_cost,0.328621,0.000731,10
low_signal_high_risk_shift,recovery_aware_mpc,boundary_calibration_error,0.272733,0.000591,10
low_signal_high_risk_shift,recovery_aware_mpc,override_precision,0.542856,0.000915,10
low_signal_high_risk_shift,recovery_aware_mpc,unsafe_autonomy,0.126229,0.000323,10
low_signal_high_risk_shift,recovery_aware_mpc,robust_utility,0.098328,0.022336,10
low_signal_high_risk_shift,uncertainty_triggered_handoff,task_success,0.270313,0.014312,10
low_signal_high_risk_shift,uncertainty_triggered_handoff,safety_violation,0.235417,0.017000,10
low_signal_high_risk_shift,uncertainty_triggered_handoff,authority_regret,0.363914,0.000637,10
low_signal_high_risk_shift,uncertainty_triggered_handoff,human_burden,0.790343,0.000725,10
low_signal_high_risk_shift,uncertainty_triggered_handoff,late_handoff,0.343679,0.000889,10
low_signal_high_risk_shift,uncertainty_triggered_handoff,handoff_churn,0.495330,0.001117,10
low_signal_high_risk_shift,uncertainty_triggered_handoff,recovery_success,0.491073,0.000797,10
low_signal_high_risk_shift,uncertainty_triggered_handoff,intervention_cost,0.367892,0.000305,10
low_signal_high_risk_shift,uncertainty_triggered_handoff,boundary_calibration_error,0.323022,0.000768,10
low_signal_high_risk_shift,uncertainty_triggered_handoff,override_precision,0.431848,0.000804,10
low_signal_high_risk_shift,uncertainty_triggered_handoff,unsafe_autonomy,0.053974,0.000217,10
low_signal_high_risk_shift,uncertainty_triggered_handoff,robust_utility,-0.268238,0.019802,10
nominal_shared_autonomy,authority_boundary_v4,task_success,0.435937,0.036461,10
nominal_shared_autonomy,authority_boundary_v4,safety_violation,0.182292,0.019068,10
nominal_shared_autonomy,authority_boundary_v4,authority_regret,0.284455,0.000530,10
nominal_shared_autonomy,authority_boundary_v4,human_burden,0.733191,0.000842,10
nominal_shared_autonomy,authority_boundary_v4,late_handoff,0.191365,0.000723,10
nominal_shared_autonomy,authority_boundary_v4,handoff_churn,0.311974,0.000771,10
nominal_shared_autonomy,authority_boundary_v4,recovery_success,0.612700,0.000570,10
nominal_shared_autonomy,authority_boundary_v4,intervention_cost,0.340089,0.000470,10
nominal_shared_autonomy,authority_boundary_v4,boundary_calibration_error,0.202424,0.000533,10
nominal_shared_autonomy,authority_boundary_v4,override_precision,0.568531,0.000435,10
nominal_shared_autonomy,authority_boundary_v4,unsafe_autonomy,0.050349,0.000220,10
nominal_shared_autonomy,authority_boundary_v4,robust_utility,0.022789,0.032140,10
nominal_shared_autonomy,authority_boundary_v5,task_success,0.512500,0.023487,10
nominal_shared_autonomy,authority_boundary_v5,safety_violation,0.163542,0.012567,10
nominal_shared_autonomy,authority_boundary_v5,authority_regret,0.250120,0.000545,10
nominal_shared_autonomy,authority_boundary_v5,human_burden,0.579450,0.000643,10
nominal_shared_autonomy,authority_boundary_v5,late_handoff,0.176303,0.000788,10
nominal_shared_autonomy,authority_boundary_v5,handoff_churn,0.291379,0.000656,10
nominal_shared_autonomy,authority_boundary_v5,recovery_success,0.679915,0.000605,10
nominal_shared_autonomy,authority_boundary_v5,intervention_cost,0.325102,0.000648,10
nominal_shared_autonomy,authority_boundary_v5,boundary_calibration_error,0.192524,0.000485,10
nominal_shared_autonomy,authority_boundary_v5,override_precision,0.598840,0.000547,10
nominal_shared_autonomy,authority_boundary_v5,unsafe_autonomy,0.072186,0.000130,10
nominal_shared_autonomy,authority_boundary_v5,robust_utility,0.168215,0.026020,10
nominal_shared_autonomy,bayesian_authority_allocation,task_success,0.463021,0.014067,10
nominal_shared_autonomy,bayesian_authority_allocation,safety_violation,0.170833,0.019771,10
nominal_shared_autonomy,bayesian_authority_allocation,authority_regret,0.269557,0.000634,10
nominal_shared_autonomy,bayesian_authority_allocation,human_burden,0.603907,0.000918,10
nominal_shared_autonomy,bayesian_authority_allocation,late_handoff,0.212364,0.000717,10
nominal_shared_autonomy,bayesian_authority_allocation,handoff_churn,0.282174,0.000816,10
nominal_shared_autonomy,bayesian_authority_allocation,recovery_success,0.600650,0.000682,10
nominal_shared_autonomy,bayesian_authority_allocation,intervention_cost,0.318410,0.000710,10
nominal_shared_autonomy,bayesian_authority_allocation,boundary_calibration_error,0.192984,0.000488,10
nominal_shared_autonomy,bayesian_authority_allocation,override_precision,0.558347,0.000497,10
nominal_shared_autonomy,bayesian_authority_allocation,unsafe_autonomy,0.074807,0.000337,10
nominal_shared_autonomy,bayesian_authority_allocation,robust_utility,0.093149,0.020449,10
nominal_shared_autonomy,cbf_safety_filter,task_success,0.557813,0.019156,10
nominal_shared_autonomy,cbf_safety_filter,safety_violation,0.105208,0.019888,10
nominal_shared_autonomy,cbf_safety_filter,authority_regret,0.203692,0.000553,10
nominal_shared_autonomy,cbf_safety_filter,human_burden,0.197583,0.000986,10
nominal_shared_autonomy,cbf_safety_filter,late_handoff,0.164812,0.000748,10
nominal_shared_autonomy,cbf_safety_filter,handoff_churn,0.211146,0.000827,10
nominal_shared_autonomy,cbf_safety_filter,recovery_success,0.715334,0.000687,10
nominal_shared_autonomy,cbf_safety_filter,intervention_cost,0.171677,0.000565,10
nominal_shared_autonomy,cbf_safety_filter,boundary_calibration_error,0.182824,0.000200,10
nominal_shared_autonomy,cbf_safety_filter,override_precision,0.628451,0.000974,10
nominal_shared_autonomy,cbf_safety_filter,unsafe_autonomy,0.094965,0.000297,10
nominal_shared_autonomy,cbf_safety_filter,robust_utility,0.382592,0.021855,10
nominal_shared_autonomy,confidence_threshold_shared_control,task_success,0.304687,0.014376,10
nominal_shared_autonomy,confidence_threshold_shared_control,safety_violation,0.228125,0.021294,10
nominal_shared_autonomy,confidence_threshold_shared_control,authority_regret,0.374831,0.000548,10
nominal_shared_autonomy,confidence_threshold_shared_control,human_burden,0.753779,0.000956,10
nominal_shared_autonomy,confidence_threshold_shared_control,late_handoff,0.265545,0.000931,10
nominal_shared_autonomy,confidence_threshold_shared_control,handoff_churn,0.341883,0.000749,10
nominal_shared_autonomy,confidence_threshold_shared_control,recovery_success,0.409094,0.000581,10
nominal_shared_autonomy,confidence_threshold_shared_control,intervention_cost,0.325502,0.000539,10
nominal_shared_autonomy,confidence_threshold_shared_control,boundary_calibration_error,0.252456,0.000429,10
nominal_shared_autonomy,confidence_threshold_shared_control,override_precision,0.438356,0.000526,10
nominal_shared_autonomy,confidence_threshold_shared_control,unsafe_autonomy,0.057566,0.000310,10
nominal_shared_autonomy,confidence_threshold_shared_control,robust_utility,-0.194700,0.015410,10
nominal_shared_autonomy,controller_fusion_prior,task_success,0.209896,0.016323,10
nominal_shared_autonomy,controller_fusion_prior,safety_violation,0.275521,0.021220,10
nominal_shared_autonomy,controller_fusion_prior,authority_regret,0.493455,0.000548,10
nominal_shared_autonomy,controller_fusion_prior,human_burden,0.343170,0.001100,10
nominal_shared_autonomy,controller_fusion_prior,late_handoff,0.266805,0.000922,10
nominal_shared_autonomy,controller_fusion_prior,handoff_churn,0.311403,0.000707,10
nominal_shared_autonomy,controller_fusion_prior,recovery_success,0.264964,0.000553,10
nominal_shared_autonomy,controller_fusion_prior,intervention_cost,0.181543,0.000369,10
nominal_shared_autonomy,controller_fusion_prior,boundary_calibration_error,0.262512,0.000650,10
nominal_shared_autonomy,controller_fusion_prior,override_precision,0.338289,0.000578,10
nominal_shared_autonomy,controller_fusion_prior,unsafe_autonomy,0.237856,0.000472,10
nominal_shared_autonomy,controller_fusion_prior,robust_utility,-0.243666,0.016628,10
nominal_shared_autonomy,fixed_human_teleoperation,task_success,0.281250,0.020921,10
nominal_shared_autonomy,fixed_human_teleoperation,safety_violation,0.202083,0.024339,10
nominal_shared_autonomy,fixed_human_teleoperation,authority_regret,0.338905,0.000541,10
nominal_shared_autonomy,fixed_human_teleoperation,human_burden,0.989988,0.000466,10
nominal_shared_autonomy,fixed_human_teleoperation,late_handoff,0.282562,0.000914,10
nominal_shared_autonomy,fixed_human_teleoperation,handoff_churn,0.182001,0.001256,10
nominal_shared_autonomy,fixed_human_teleoperation,recovery_success,0.460855,0.000871,10
nominal_shared_autonomy,fixed_human_teleoperation,intervention_cost,0.428668,0.000436,10
nominal_shared_autonomy,fixed_human_teleoperation,boundary_calibration_error,0.232648,0.000724,10
nominal_shared_autonomy,fixed_human_teleoperation,override_precision,0.518810,0.000377,10
nominal_shared_autonomy,fixed_human_teleoperation,unsafe_autonomy,0.041277,0.000078,10
nominal_shared_autonomy,fixed_human_teleoperation,robust_utility,-0.239414,0.026264,10
nominal_shared_autonomy,fixed_policy_authority,task_success,0.116146,0.013615,10
nominal_shared_autonomy,fixed_policy_authority,safety_violation,0.314583,0.026888,10
nominal_shared_autonomy,fixed_policy_authority,authority_regret,0.572809,0.000588,10
nominal_shared_autonomy,fixed_policy_authority,human_burden,0.173879,0.000919,10
nominal_shared_autonomy,fixed_policy_authority,late_handoff,0.421508,0.000569,10
nominal_shared_autonomy,fixed_policy_authority,handoff_churn,0.191918,0.000784,10
nominal_shared_autonomy,fixed_policy_authority,recovery_success,0.054833,0.000700,10
nominal_shared_autonomy,fixed_policy_authority,intervention_cost,0.096207,0.000386,10
nominal_shared_autonomy,fixed_policy_authority,boundary_calibration_error,0.322928,0.000600,10
nominal_shared_autonomy,fixed_policy_authority,override_precision,0.118003,0.000816,10
nominal_shared_autonomy,fixed_policy_authority,unsafe_autonomy,0.372584,0.000509,10
nominal_shared_autonomy,fixed_policy_authority,robust_utility,-0.359535,0.026632,10
nominal_shared_autonomy,mpc_risk_arbitration,task_success,0.611979,0.014376,10
nominal_shared_autonomy,mpc_risk_arbitration,safety_violation,0.141667,0.018811,10
nominal_shared_autonomy,mpc_risk_arbitration,authority_regret,0.180727,0.000459,10
nominal_shared_autonomy,mpc_risk_arbitration,human_burden,0.243986,0.001131,10
nominal_shared_autonomy,mpc_risk_arbitration,late_handoff,0.149215,0.000721,10
nominal_shared_autonomy,mpc_risk_arbitration,handoff_churn,0.221704,0.000777,10
nominal_shared_autonomy,mpc_risk_arbitration,recovery_success,0.784302,0.000895,10
nominal_shared_autonomy,mpc_risk_arbitration,intervention_cost,0.239182,0.000568,10
nominal_shared_autonomy,mpc_risk_arbitration,boundary_calibration_error,0.162782,0.000557,10
nominal_shared_autonomy,mpc_risk_arbitration,override_precision,0.658809,0.000599,10
nominal_shared_autonomy,mpc_risk_arbitration,unsafe_autonomy,0.109663,0.000339,10
nominal_shared_autonomy,mpc_risk_arbitration,robust_utility,0.408754,0.020530,10
nominal_shared_autonomy,oracle_authority_assignment,task_success,0.693229,0.014945,10
nominal_shared_autonomy,oracle_authority_assignment,safety_violation,0.092187,0.015145,10
nominal_shared_autonomy,oracle_authority_assignment,authority_regret,0.128439,0.000764,10
nominal_shared_autonomy,oracle_authority_assignment,human_burden,0.287979,0.000801,10
nominal_shared_autonomy,oracle_authority_assignment,late_handoff,0.130368,0.000841,10
nominal_shared_autonomy,oracle_authority_assignment,handoff_churn,0.202060,0.000811,10
nominal_shared_autonomy,oracle_authority_assignment,recovery_success,0.906690,0.000534,10
nominal_shared_autonomy,oracle_authority_assignment,intervention_cost,0.264596,0.000459,10
nominal_shared_autonomy,oracle_authority_assignment,boundary_calibration_error,0.112327,0.000390,10
nominal_shared_autonomy,oracle_authority_assignment,override_precision,0.778385,0.000401,10
nominal_shared_autonomy,oracle_authority_assignment,unsafe_autonomy,0.065729,0.000174,10
nominal_shared_autonomy,oracle_authority_assignment,robust_utility,0.535818,0.015459,10
nominal_shared_autonomy,pomdp_handoff_policy,task_success,0.549479,0.021588,10
nominal_shared_autonomy,pomdp_handoff_policy,safety_violation,0.165625,0.010299,10
nominal_shared_autonomy,pomdp_handoff_policy,authority_regret,0.217973,0.000315,10
nominal_shared_autonomy,pomdp_handoff_policy,human_burden,0.427512,0.000885,10
nominal_shared_autonomy,pomdp_handoff_policy,late_handoff,0.174127,0.000767,10
nominal_shared_autonomy,pomdp_handoff_policy,handoff_churn,0.261543,0.000977,10
nominal_shared_autonomy,pomdp_handoff_policy,recovery_success,0.714519,0.000650,10
nominal_shared_autonomy,pomdp_handoff_policy,intervention_cost,0.300189,0.000572,10
nominal_shared_autonomy,pomdp_handoff_policy,boundary_calibration_error,0.172845,0.000665,10
nominal_shared_autonomy,pomdp_handoff_policy,override_precision,0.618804,0.000708,10
nominal_shared_autonomy,pomdp_handoff_policy,unsafe_autonomy,0.093019,0.000337,10
nominal_shared_autonomy,pomdp_handoff_policy,robust_utility,0.257593,0.024727,10
nominal_shared_autonomy,recovery_aware_mpc,task_success,0.609375,0.019128,10
nominal_shared_autonomy,recovery_aware_mpc,safety_violation,0.153125,0.012002,10
nominal_shared_autonomy,recovery_aware_mpc,authority_regret,0.194844,0.000655,10
nominal_shared_autonomy,recovery_aware_mpc,human_burden,0.291282,0.001138,10
nominal_shared_autonomy,recovery_aware_mpc,late_handoff,0.145454,0.000636,10
nominal_shared_autonomy,recovery_aware_mpc,handoff_churn,0.231778,0.000449,10
nominal_shared_autonomy,recovery_aware_mpc,recovery_success,0.834122,0.000519,10
nominal_shared_autonomy,recovery_aware_mpc,intervention_cost,0.287563,0.000569,10
nominal_shared_autonomy,recovery_aware_mpc,boundary_calibration_error,0.172601,0.000564,10
nominal_shared_autonomy,recovery_aware_mpc,override_precision,0.648199,0.000678,10
nominal_shared_autonomy,recovery_aware_mpc,unsafe_autonomy,0.109070,0.000337,10
nominal_shared_autonomy,recovery_aware_mpc,robust_utility,0.382706,0.022829,10
nominal_shared_autonomy,uncertainty_triggered_handoff,task_success,0.407813,0.010549,10
nominal_shared_autonomy,uncertainty_triggered_handoff,safety_violation,0.188021,0.007677,10
nominal_shared_autonomy,uncertainty_triggered_handoff,authority_regret,0.291471,0.000578,10
nominal_shared_autonomy,uncertainty_triggered_handoff,human_burden,0.676277,0.000772,10
nominal_shared_autonomy,uncertainty_triggered_handoff,late_handoff,0.205415,0.000828,10
nominal_shared_autonomy,uncertainty_triggered_handoff,handoff_churn,0.371861,0.001003,10
nominal_shared_autonomy,uncertainty_triggered_handoff,recovery_success,0.556933,0.000527,10
nominal_shared_autonomy,uncertainty_triggered_handoff,intervention_cost,0.325906,0.000495,10
nominal_shared_autonomy,uncertainty_triggered_handoff,boundary_calibration_error,0.222923,0.000491,10
nominal_shared_autonomy,uncertainty_triggered_handoff,override_precision,0.538450,0.000347,10
nominal_shared_autonomy,uncertainty_triggered_handoff,unsafe_autonomy,0.058265,0.000196,10
nominal_shared_autonomy,uncertainty_triggered_handoff,robust_utility,-0.009461,0.012780,10
