method,split,task,seed,task_success,safety_violation,authority_regret,unnecessary_handoff,late_handoff,human_burden,recovery_success,smoothness_cost,completion_time,handoffs,damage,progress
fixed_policy_authority,nominal_shared_autonomy,fragile_reaching,0,0.84375,0.8125,0.5332002947474344,0.0,0.010937500000000001,0.0,0.0,0.0,8.716066374360196,0.0,0.5351991126183923,0.7135734502559226
fixed_policy_authority,nominal_shared_autonomy,fragile_reaching,1,0.8125,0.796875,0.5266486225419554,0.0,0.00625,0.0,0.0,0.0,8.69932511780518,0.0,0.5793667263190929,0.7202699528779278
fixed_policy_authority,nominal_shared_autonomy,fragile_reaching,2,0.875,0.75,0.5314261175698702,0.0,0.0078125,0.0,0.0,0.0,8.706417601657135,0.0,0.5078665082187712,0.7174329593371455
fixed_policy_authority,nominal_shared_autonomy,fragile_reaching,3,0.765625,0.8125,0.5321581014522854,0.0,0.0109375,0.0,0.0,0.0,8.713269950265097,0.0,0.5870221529347637,0.7146920198939609
fixed_policy_authority,nominal_shared_autonomy,fragile_reaching,4,0.890625,0.796875,0.5263556158951026,0.0,0.0109375,0.0,0.0,0.0,8.708733578740008,0.0,0.5275457079350497,0.7165065685039967
fixed_policy_authority,nominal_shared_autonomy,fragile_reaching,5,0.8125,0.8125,0.5275408949533064,0.0,0.0078125,0.0,0.0,0.0,8.70549039895091,0.0,0.5717175753416383,0.7178038404196362
fixed_policy_authority,nominal_shared_autonomy,fragile_reaching,6,0.8125,0.84375,0.5289393156308163,0.0,0.009375,0.0,0.0,0.0,8.70919235296339,0.0,0.5762560478203879,0.716323058814643
fixed_policy_authority,intent_ambiguity_shift,fragile_reaching,0,0.828125,0.765625,0.6655929706796854,0.0,0.49062500000000003,0.0,0.0,0.0,8.924144582207559,0.0,0.5654903598682236,0.630342167116978
fixed_policy_authority,intent_ambiguity_shift,fragile_reaching,1,0.828125,0.890625,0.6667281486172895,0.0,0.5125000000000001,0.0,0.0,0.0,8.92707923150394,0.0,0.6421062689811485,0.6291683073984238
fixed_policy_authority,intent_ambiguity_shift,fragile_reaching,2,0.8125,0.8125,0.6678801002296619,0.0,0.5328125000000001,0.0,0.0,0.0,8.924834145889811,0.0,0.6269714863348507,0.6300663416440766
fixed_policy_authority,intent_ambiguity_shift,fragile_reaching,3,0.765625,0.71875,0.6697130147863684,0.0,0.5328125,0.0,0.0,0.0,8.929964623888115,0.0,0.5854015918655637,0.6280141504447552
fixed_policy_authority,intent_ambiguity_shift,fragile_reaching,4,0.859375,0.859375,0.6684422905585512,0.0,0.5249999999999999,0.0,0.0,0.0,8.924802172427817,0.0,0.6017782883657734,0.6300791310288723
fixed_policy_authority,intent_ambiguity_shift,fragile_reaching,5,0.84375,0.796875,0.6662221606921798,0.0,0.5500000000000003,0.0,0.0,0.0,8.93074179265653,0.0,0.5544690467193711,0.6277032829373891
fixed_policy_authority,intent_ambiguity_shift,fragile_reaching,6,0.8125,0.71875,0.6677432753217633,0.0,0.5281250000000001,0.0,0.0,0.0,8.926592578773704,0.0,0.5766174173476618,0.6293629684905178
fixed_policy_authority,contact_mode_shift,fragile_reaching,0,0.296875,0.9375,0.6744936987808824,0.0,0.6656250000000004,0.0,0.0,0.0,9.014043918369987,0.0,0.8236940188990405,0.5943824326520047
fixed_policy_authority,contact_mode_shift,fragile_reaching,1,0.453125,0.90625,0.6773748111177434,0.0,0.6671875000000004,0.0,0.0,0.0,9.018842926976738,0.0,0.7615711883636125,0.5924628292093045
fixed_policy_authority,contact_mode_shift,fragile_reaching,2,0.46875,0.8125,0.6741216996637012,0.0,0.6546875000000004,0.0,0.0,0.0,9.012975720438385,0.0,0.7530213729213668,0.594809711824647
fixed_policy_authority,contact_mode_shift,fragile_reaching,3,0.40625,0.859375,0.6754851201175669,0.0,0.6609375000000004,0.0,0.0,0.0,9.014668336035923,0.0,0.7807782788235083,0.5941326655856326
fixed_policy_authority,contact_mode_shift,fragile_reaching,4,0.390625,0.890625,0.6731837882254794,0.0,0.6578125000000005,0.0,0.0,0.0,9.00908452101307,0.0,0.7849055078437077,0.5963661915947722
fixed_policy_authority,contact_mode_shift,fragile_reaching,5,0.515625,0.84375,0.6751100590217264,0.0,0.6656250000000006,0.0,0.0,0.0,9.015509632378714,0.0,0.7431956698926899,0.5937961470485145
fixed_policy_authority,contact_mode_shift,fragile_reaching,6,0.4375,0.890625,0.6781793584907374,0.0,0.6625000000000004,0.0,0.0,0.0,9.0176226743495,0.0,0.7525237470516848,0.5929509302602
fixed_policy_authority,human_delay_shift,fragile_reaching,0,0.71875,0.84375,0.516364099547989,0.0,0.3796875,0.0,0.0,0.0,8.899275798621016,0.0,0.6503303874682048,0.6402896805515941
fixed_policy_authority,human_delay_shift,fragile_reaching,1,0.71875,0.859375,0.5166183620549785,0.0,0.36250000000000004,0.0,0.0,0.0,8.897842738708233,0.0,0.6535639898147557,0.6408629045167075
fixed_policy_authority,human_delay_shift,fragile_reaching,2,0.78125,0.84375,0.5171608679949757,0.0,0.384375,0.0,0.0,0.0,8.89712010817888,0.0,0.6452124822444093,0.6411519567284469
fixed_policy_authority,human_delay_shift,fragile_reaching,3,0.71875,0.875,0.5207060856955491,0.0,0.3656250000000001,0.0,0.0,0.0,8.901475021837467,0.0,0.6745548366497998,0.6394099912650149
fixed_policy_authority,human_delay_shift,fragile_reaching,4,0.734375,0.875,0.516808847417778,0.0,0.36875,0.0,0.0,0.0,8.896116673453044,0.0,0.6628336653625876,0.6415533306187838
fixed_policy_authority,human_delay_shift,fragile_reaching,5,0.765625,0.84375,0.5188774389839239,0.0,0.3765624999999999,0.0,0.0,0.0,8.897905788378258,0.0,0.6704495335686529,0.6408376846486974
fixed_policy_authority,human_delay_shift,fragile_reaching,6,0.828125,0.875,0.5175206406842674,0.0,0.37968750000000007,0.0,0.0,0.0,8.896388524972732,0.0,0.6107421067678762,0.6414445900109069
fixed_policy_authority,combined_authority_stress,fragile_reaching,0,0.0,0.90625,0.7253718039693124,0.0,0.7000000000000005,0.0,0.0,0.0,9.207998095818878,0.0,0.8327595934465608,0.516800761672448
fixed_policy_authority,combined_authority_stress,fragile_reaching,1,0.0,0.9375,0.722744779820161,0.0,0.7000000000000005,0.0,0.0,0.0,9.204935588521607,0.0,0.905652048807584,0.5180257645913577
fixed_policy_authority,combined_authority_stress,fragile_reaching,2,0.0,0.921875,0.7221335030473843,0.0,0.7000000000000005,0.0,0.0,0.0,9.199343160198387,0.0,0.8354301336640705,0.5202627359206453
fixed_policy_authority,combined_authority_stress,fragile_reaching,3,0.0,0.96875,0.7237862931285143,0.0,0.7000000000000005,0.0,0.0,0.0,9.204477968513068,0.0,0.8747099050124967,0.5182088125947724
fixed_policy_authority,combined_authority_stress,fragile_reaching,4,0.0,0.9375,0.7237044932062165,0.0,0.7000000000000005,0.0,0.0,0.0,9.207679385357519,0.0,0.8745104914115392,0.5169282458569934
fixed_policy_authority,combined_authority_stress,fragile_reaching,5,0.0,0.953125,0.7230850624706808,0.0,0.7000000000000005,0.0,0.0,0.0,9.202358264885977,0.0,0.9943812362163577,0.5190566940456101
fixed_policy_authority,combined_authority_stress,fragile_reaching,6,0.0,0.875,0.726493417770766,0.0,0.7000000000000005,0.0,0.0,0.0,9.209089236839857,0.0,0.8251361974382918,0.516364305264058
fixed_policy_authority,nominal_shared_autonomy,contact_door_opening,0,0.890625,0.703125,0.6070774530992901,0.0,0.17343749999999994,0.0,0.0,0.0,8.840093801390534,0.0,0.5123132712615477,0.6639624794437872
fixed_policy_authority,nominal_shared_autonomy,contact_door_opening,1,0.875,0.6875,0.6040714268458985,0.0,0.16874999999999987,0.0,0.0,0.0,8.833804528739888,0.0,0.5020475958049083,0.6664781885040443
fixed_policy_authority,nominal_shared_autonomy,contact_door_opening,2,0.90625,0.609375,0.6058319612558462,0.0,0.19218749999999987,0.0,0.0,0.0,8.843074157522711,0.0,0.45063355022690393,0.6627703369909145
fixed_policy_authority,nominal_shared_autonomy,contact_door_opening,3,0.859375,0.75,0.6043972758539959,0.0,0.19062499999999996,0.0,0.0,0.0,8.83332233210003,0.0,0.5233831238176645,0.6666710671599886
fixed_policy_authority,nominal_shared_autonomy,contact_door_opening,4,0.90625,0.78125,0.6054161009607248,0.0,0.19531249999999997,0.0,0.0,0.0,8.840599030644556,0.0,0.5096496316846055,0.6637603877421784
fixed_policy_authority,nominal_shared_autonomy,contact_door_opening,5,0.9375,0.640625,0.6045228488418473,0.0,0.17656249999999993,0.0,0.0,0.0,8.836006201421007,0.0,0.4721426022525726,0.6655975194315972
fixed_policy_authority,nominal_shared_autonomy,contact_door_opening,6,0.953125,0.703125,0.6035909354907556,0.0,0.1734374999999999,0.0,0.0,0.0,8.83439042985999,0.0,0.48609721944033013,0.6662438280560041
fixed_policy_authority,intent_ambiguity_shift,contact_door_opening,0,0.859375,0.625,0.6833163765335788,0.0,0.6812500000000005,0.0,0.0,0.0,9.044751611268776,0.0,0.49302921266231126,0.5820993554924897
fixed_policy_authority,intent_ambiguity_shift,contact_door_opening,1,0.84375,0.75,0.6838226548100633,0.0,0.6937500000000004,0.0,0.0,0.0,9.045711890490985,0.0,0.5735556037067117,0.5817152438036077
fixed_policy_authority,intent_ambiguity_shift,contact_door_opening,2,0.90625,0.65625,0.6826803015254167,0.0,0.6812500000000005,0.0,0.0,0.0,9.043643748178104,0.0,0.5031909229089391,0.5825425007287605
fixed_policy_authority,intent_ambiguity_shift,contact_door_opening,3,0.84375,0.6875,0.6837159963335226,0.0,0.6828125000000005,0.0,0.0,0.0,9.043718292846272,0.0,0.5526414207180114,0.5825126828614919
fixed_policy_authority,intent_ambiguity_shift,contact_door_opening,4,0.796875,0.71875,0.685245999191674,0.0,0.6937500000000004,0.0,0.0,0.0,9.051074918412722,0.0,0.5743106780757041,0.5795700326349109
fixed_policy_authority,intent_ambiguity_shift,contact_door_opening,5,0.90625,0.78125,0.6843496413625325,0.0,0.6906250000000005,0.0,0.0,0.0,9.045871345327443,0.0,0.5322373054977931,0.5816514618690227
fixed_policy_authority,intent_ambiguity_shift,contact_door_opening,6,0.875,0.78125,0.6827595835199503,0.0,0.6921875000000005,0.0,0.0,0.0,9.041929340454608,0.0,0.5579521059986248,0.5832282638181582
fixed_policy_authority,contact_mode_shift,contact_door_opening,0,0.015625,0.828125,0.7572295888307249,0.0,0.7000000000000005,0.0,0.0,0.0,9.137037163003024,0.0,0.6809623265440168,0.5451851347987904
fixed_policy_authority,contact_mode_shift,contact_door_opening,1,0.03125,0.703125,0.7549805894751723,0.0,0.7000000000000005,0.0,0.0,0.0,9.130864303509396,0.0,0.6232954619400951,0.5476542785962412
fixed_policy_authority,contact_mode_shift,contact_door_opening,2,0.046875,0.8125,0.7539977964992219,0.0,0.7000000000000005,0.0,0.0,0.0,9.128302946771973,0.0,0.6707305962680198,0.548678821291211
fixed_policy_authority,contact_mode_shift,contact_door_opening,3,0.046875,0.78125,0.756267438875088,0.0,0.6984375000000005,0.0,0.0,0.0,9.131507410580253,0.0,0.667027565017313,0.5473970357678991
fixed_policy_authority,contact_mode_shift,contact_door_opening,4,0.046875,0.6875,0.7545548451672374,0.0,0.6984375000000005,0.0,0.0,0.0,9.12988681738203,0.0,0.6284612606387001,0.5480452730471884
fixed_policy_authority,contact_mode_shift,contact_door_opening,5,0.046875,0.828125,0.7545347646183415,0.0,0.6984375000000005,0.0,0.0,0.0,9.133392071780822,0.0,0.6811320494235318,0.5466431712876719
fixed_policy_authority,contact_mode_shift,contact_door_opening,6,0.0,0.8125,0.757281542648352,0.0,0.6984375000000005,0.0,0.0,0.0,9.136849603357694,0.0,0.6797218561819188,0.5452601586569232
fixed_policy_authority,human_delay_shift,contact_door_opening,0,0.765625,0.765625,0.684417688418094,0.0,0.6406250000000004,0.0,0.0,0.0,9.018145136066831,0.0,0.6011475185409397,0.5927419455732692
fixed_policy_authority,human_delay_shift,contact_door_opening,1,0.8125,0.734375,0.6857755386181641,0.0,0.6562500000000004,0.0,0.0,0.0,9.019417082691822,0.0,0.5763855272287007,0.5922331669232718
fixed_policy_authority,human_delay_shift,contact_door_opening,2,0.796875,0.765625,0.6857505660323625,0.0,0.6437500000000005,0.0,0.0,0.0,9.023072365474576,0.0,0.5826318440146936,0.5907710538101699
fixed_policy_authority,human_delay_shift,contact_door_opening,3,0.828125,0.8125,0.6851274569209678,0.0,0.6421875000000004,0.0,0.0,0.0,9.019737412140746,0.0,0.614907756245208,0.5921050351437008
fixed_policy_authority,human_delay_shift,contact_door_opening,4,0.703125,0.71875,0.6855652855573894,0.0,0.6484375000000003,0.0,0.0,0.0,9.020675787309738,0.0,0.6057195134554849,0.5917296850761042
fixed_policy_authority,human_delay_shift,contact_door_opening,5,0.734375,0.78125,0.6878880600170726,0.0,0.6531250000000006,0.0,0.0,0.0,9.026488568933392,0.0,0.625643777304762,0.5894045724266423
fixed_policy_authority,human_delay_shift,contact_door_opening,6,0.859375,0.75,0.6871029222194948,0.0,0.6500000000000005,0.0,0.0,0.0,9.023329608460182,0.0,0.5496477087301304,0.590668156615928
fixed_policy_authority,combined_authority_stress,contact_door_opening,0,0.0,0.78125,0.8366857470279098,0.0,0.7000000000000005,0.0,0.0,0.0,9.320058992724254,0.0,0.7456689098146857,0.47197640291029813
fixed_policy_authority,combined_authority_stress,contact_door_opening,1,0.0,0.828125,0.8355109014163933,0.0,0.7000000000000005,0.0,0.0,0.0,9.31586492596705,0.0,0.7757106804866336,0.4736540296131807
fixed_policy_authority,combined_authority_stress,contact_door_opening,2,0.0,0.875,0.8352194355328487,0.0,0.7000000000000005,0.0,0.0,0.0,9.3154569603111,0.0,0.7826040956788962,0.47381721587556047
fixed_policy_authority,combined_authority_stress,contact_door_opening,3,0.0,0.90625,0.8379208893554857,0.0,0.7000000000000005,0.0,0.0,0.0,9.320312389920355,0.0,0.8212195785674613,0.471875044031857
fixed_policy_authority,combined_authority_stress,contact_door_opening,4,0.0,0.890625,0.835614479310674,0.0,0.7000000000000005,0.0,0.0,0.0,9.316183892934278,0.0,0.7948665927640569,0.4735264428262895
fixed_policy_authority,combined_authority_stress,contact_door_opening,5,0.0,0.875,0.8382338686136293,0.0,0.7000000000000005,0.0,0.0,0.0,9.32112041465202,0.0,0.8283940911001471,0.47155183413919105
fixed_policy_authority,combined_authority_stress,contact_door_opening,6,0.0,0.921875,0.8391676210364101,0.0,0.7000000000000005,0.0,0.0,0.0,9.324211972922521,0.0,0.8089596508164233,0.470315210830992
fixed_policy_authority,nominal_shared_autonomy,delayed_corridor_navigation,0,0.859375,0.75,0.5339502196771614,0.0,0.2953124999999999,0.0,0.0,0.0,8.885430847837915,0.0,0.5469268871990991,0.6458276608648343
fixed_policy_authority,nominal_shared_autonomy,delayed_corridor_navigation,1,0.84375,0.796875,0.5337280171025603,0.0,0.2718750000000001,0.0,0.0,0.0,8.885580630478772,0.0,0.571994488842288,0.6457677478084914
fixed_policy_authority,nominal_shared_autonomy,delayed_corridor_navigation,2,0.890625,0.640625,0.5322748282398374,0.0,0.28593749999999996,0.0,0.0,0.0,8.883720726430912,0.0,0.5193919897108605,0.6465117094276344
fixed_policy_authority,nominal_shared_autonomy,delayed_corridor_navigation,3,0.859375,0.734375,0.5292028638453495,0.0,0.2640625000000001,0.0,0.0,0.0,8.8732795845053,0.0,0.5512213215443224,0.6506881661978787
fixed_policy_authority,nominal_shared_autonomy,delayed_corridor_navigation,4,0.890625,0.890625,0.5328231475543278,0.0,0.26249999999999996,0.0,0.0,0.0,8.881489052036146,0.0,0.58571442040596,0.6474043791855411
fixed_policy_authority,nominal_shared_autonomy,delayed_corridor_navigation,5,0.828125,0.828125,0.533739516393681,0.0,0.2656250000000001,0.0,0.0,0.0,8.880350654833434,0.0,0.5927366676276621,0.647859738066626
fixed_policy_authority,nominal_shared_autonomy,delayed_corridor_navigation,6,0.859375,0.75,0.5331201683741449,0.0,0.284375,0.0,0.0,0.0,8.886342515571952,0.0,0.5441061282100366,0.6454629937712199
fixed_policy_authority,intent_ambiguity_shift,delayed_corridor_navigation,0,0.546875,0.84375,0.6556216906496435,0.0,0.6921875000000004,0.0,0.0,0.0,9.086108285074268,0.0,0.6267468340698354,0.5655566859702928
fixed_policy_authority,intent_ambiguity_shift,delayed_corridor_navigation,1,0.609375,0.78125,0.6584357695822423,0.0,0.6937500000000005,0.0,0.0,0.0,9.088711994188133,0.0,0.594904543918387,0.564515202324748
fixed_policy_authority,intent_ambiguity_shift,delayed_corridor_navigation,2,0.484375,0.703125,0.6603307793845413,0.0,0.6968750000000005,0.0,0.0,0.0,9.092579012456381,0.0,0.5736867332504715,0.5629683950174477
fixed_policy_authority,intent_ambiguity_shift,delayed_corridor_navigation,3,0.546875,0.78125,0.6589379013529505,0.0,0.6937500000000004,0.0,0.0,0.0,9.094371784179508,0.0,0.5872428563796953,0.5622512863281983
fixed_policy_authority,intent_ambiguity_shift,delayed_corridor_navigation,4,0.578125,0.71875,0.6565000330190938,0.0,0.6921875000000005,0.0,0.0,0.0,9.091367424955905,0.0,0.5493264807794883,0.5634530300176384
fixed_policy_authority,intent_ambiguity_shift,delayed_corridor_navigation,5,0.53125,0.75,0.6578124328591052,0.0,0.6921875000000004,0.0,0.0,0.0,9.089753379246478,0.0,0.5943889726249049,0.5640986483014102
fixed_policy_authority,intent_ambiguity_shift,delayed_corridor_navigation,6,0.5625,0.765625,0.656070222556257,0.0,0.6968750000000005,0.0,0.0,0.0,9.08992362323142,0.0,0.6177167253437144,0.564030550707433
fixed_policy_authority,contact_mode_shift,delayed_corridor_navigation,0,0.0,0.921875,0.6830211731757645,0.0,0.7000000000000005,0.0,0.0,0.0,9.176147255937128,0.0,0.767197672431409,0.5295410976251499
fixed_policy_authority,contact_mode_shift,delayed_corridor_navigation,1,0.0,0.875,0.6827287635723405,0.0,0.7000000000000005,0.0,0.0,0.0,9.177902026468685,0.0,0.7519932798541925,0.5288391894125277
fixed_policy_authority,contact_mode_shift,delayed_corridor_navigation,2,0.0,0.890625,0.6833389794250657,0.0,0.7000000000000005,0.0,0.0,0.0,9.17625598661221,0.0,0.7856577594426402,0.5294976053551153
fixed_policy_authority,contact_mode_shift,delayed_corridor_navigation,3,0.0,0.90625,0.6804552202772509,0.0,0.7000000000000005,0.0,0.0,0.0,9.176243170332848,0.0,0.8026874392811181,0.5295027318668627
fixed_policy_authority,contact_mode_shift,delayed_corridor_navigation,4,0.0,0.90625,0.6817015326130879,0.0,0.6984375000000005,0.0,0.0,0.0,9.176081074815322,0.0,0.7915929716907744,0.5295675700738726
fixed_policy_authority,contact_mode_shift,delayed_corridor_navigation,5,0.0,0.875,0.6842731993131917,0.0,0.7000000000000005,0.0,0.0,0.0,9.181249028134747,0.0,0.821276478050433,0.5275003887461017
fixed_policy_authority,contact_mode_shift,delayed_corridor_navigation,6,0.0,0.828125,0.6831977986058236,0.0,0.7000000000000005,0.0,0.0,0.0,9.178734952409785,0.0,0.7139891221901148,0.5285060190360863
fixed_policy_authority,human_delay_shift,delayed_corridor_navigation,0,0.59375,0.890625,0.6014428427496604,0.0,0.6812500000000006,0.0,0.0,0.0,9.068316076225841,0.0,0.6602086678666846,0.5726735695096652
fixed_policy_authority,human_delay_shift,delayed_corridor_navigation,1,0.578125,0.84375,0.6015592636155357,0.0,0.6718750000000004,0.0,0.0,0.0,9.06203661268081,0.0,0.6607600504608062,0.5751853549276764
fixed_policy_authority,human_delay_shift,delayed_corridor_navigation,2,0.65625,0.8125,0.6015553651843191,0.0,0.6750000000000005,0.0,0.0,0.0,9.067098373326388,0.0,0.6430616154465947,0.5731606506694437
fixed_policy_authority,human_delay_shift,delayed_corridor_navigation,3,0.515625,0.828125,0.6027909508348966,0.0,0.6843750000000003,0.0,0.0,0.0,9.065508444342198,0.0,0.6870418545039586,0.5737966222631217
fixed_policy_authority,human_delay_shift,delayed_corridor_navigation,4,0.671875,0.78125,0.6019310252453356,0.0,0.6812500000000005,0.0,0.0,0.0,9.065167796920143,0.0,0.6187926215411352,0.5739328812319431
fixed_policy_authority,human_delay_shift,delayed_corridor_navigation,5,0.546875,0.84375,0.601467069792146,0.0,0.6875000000000006,0.0,0.0,0.0,9.066759716470221,0.0,0.6810064641911983,0.573296113411913
fixed_policy_authority,human_delay_shift,delayed_corridor_navigation,6,0.671875,0.828125,0.5995494867396364,0.0,0.6781250000000004,0.0,0.0,0.0,9.059451948677554,0.0,0.6513487526680966,0.5762192205289789
fixed_policy_authority,combined_authority_stress,delayed_corridor_navigation,0,0.0,0.96875,0.7525578262267695,0.0,0.7000000000000005,0.0,0.0,0.0,9.35575837260841,0.0,0.8181509743521074,0.45769665095663814
fixed_policy_authority,combined_authority_stress,delayed_corridor_navigation,1,0.0,0.984375,0.7538730369546547,0.0,0.7000000000000005,0.0,0.0,0.0,9.359210242963815,0.0,0.8552793920414086,0.45631590281447415
fixed_policy_authority,combined_authority_stress,delayed_corridor_navigation,2,0.0,0.828125,0.7569247981107251,0.0,0.7000000000000005,0.0,0.0,0.0,9.366360844293087,0.0,0.8265941156706159,0.45345566228276485
fixed_policy_authority,combined_authority_stress,delayed_corridor_navigation,3,0.0,0.890625,0.7547614242665696,0.0,0.7000000000000005,0.0,0.0,0.0,9.361793347343236,0.0,0.8515798929358283,0.45528266106270465
fixed_policy_authority,combined_authority_stress,delayed_corridor_navigation,4,0.0,0.890625,0.7538567521247768,0.0,0.7000000000000005,0.0,0.0,0.0,9.35843795064541,0.0,0.9308717520580883,0.4566248197418378
fixed_policy_authority,combined_authority_stress,delayed_corridor_navigation,5,0.0,0.8125,0.7549767290357231,0.0,0.7000000000000005,0.0,0.0,0.0,9.356792392571222,0.0,0.8150548677792726,0.4572830429715109
fixed_policy_authority,combined_authority_stress,delayed_corridor_navigation,6,0.0,0.875,0.7541475870011498,0.0,0.7000000000000005,0.0,0.0,0.0,9.35743970962722,0.0,0.8283298855856205,0.45702411614911137
fixed_policy_authority,nominal_shared_autonomy,tool_alignment,0,0.90625,0.71875,0.6219259294428698,0.0,0.22031249999999994,0.0,0.0,0.0,8.93473380481323,0.0,0.5017567359120785,0.6261064780747074
fixed_policy_authority,nominal_shared_autonomy,tool_alignment,1,0.9375,0.5625,0.6222200291813872,0.0,0.22812499999999997,0.0,0.0,0.0,8.933132763350045,0.0,0.4408787432348466,0.6267468946599831
fixed_policy_authority,nominal_shared_autonomy,tool_alignment,2,0.9375,0.71875,0.6254961599894857,0.0,0.21718749999999995,0.0,0.0,0.0,8.935732486633073,0.0,0.48305250899047286,0.62570700534677
fixed_policy_authority,nominal_shared_autonomy,tool_alignment,3,0.921875,0.65625,0.6265942203992654,0.0,0.24218749999999997,0.0,0.0,0.0,8.93757836098716,0.0,0.48051476812077043,0.624968655605136
fixed_policy_authority,nominal_shared_autonomy,tool_alignment,4,0.90625,0.65625,0.6215138217127257,0.0,0.20312499999999994,0.0,0.0,0.0,8.932808106884929,0.0,0.46505977133060683,0.6268767572460296
fixed_policy_authority,nominal_shared_autonomy,tool_alignment,5,0.859375,0.71875,0.6236594746846582,0.0,0.23281249999999995,0.0,0.0,0.0,8.936170912503748,0.0,0.526224365693362,0.6255316349985017
fixed_policy_authority,nominal_shared_autonomy,tool_alignment,6,0.921875,0.703125,0.6206883311320694,0.0,0.20937499999999998,0.0,0.0,0.0,8.928069137359575,0.0,0.49642917427834343,0.6287723450561725
fixed_policy_authority,intent_ambiguity_shift,tool_alignment,0,0.015625,0.71875,0.7585034927691994,0.0,0.6843750000000003,0.0,0.0,0.0,9.143449001994163,0.0,0.5643558838046121,0.5426203992023347
fixed_policy_authority,intent_ambiguity_shift,tool_alignment,1,0.03125,0.6875,0.7593813054777583,0.0,0.6984375000000005,0.0,0.0,0.0,9.142209715811417,0.0,0.5224272653148486,0.5431161136754332
fixed_policy_authority,intent_ambiguity_shift,tool_alignment,2,0.03125,0.640625,0.7604522634849471,0.0,0.6890625000000005,0.0,0.0,0.0,9.144137619939567,0.0,0.47929141949557547,0.5423449520241728
fixed_policy_authority,intent_ambiguity_shift,tool_alignment,3,0.09375,0.6875,0.7588790969902576,0.0,0.6937500000000004,0.0,0.0,0.0,9.132986849549265,0.0,0.5103527053409807,0.5468052601802939
fixed_policy_authority,intent_ambiguity_shift,tool_alignment,4,0.0,0.71875,0.7575106364245308,0.0,0.6937500000000004,0.0,0.0,0.0,9.142738450424044,0.0,0.5468070297056922,0.5429046198303825
fixed_policy_authority,intent_ambiguity_shift,tool_alignment,5,0.03125,0.65625,0.7608777948941982,0.0,0.6906250000000005,0.0,0.0,0.0,9.142783801124857,0.0,0.5344466644549345,0.5428864795500585
fixed_policy_authority,intent_ambiguity_shift,tool_alignment,6,0.03125,0.640625,0.7615885345928132,0.0,0.6937500000000005,0.0,0.0,0.0,9.144591276499808,0.0,0.5175789669981725,0.5421634894000771
fixed_policy_authority,contact_mode_shift,tool_alignment,0,0.0,0.859375,0.7715243033124002,0.0,0.7000000000000005,0.0,0.0,0.0,9.230504878216367,0.0,0.6739338389628672,0.5077980487134527
fixed_policy_authority,contact_mode_shift,tool_alignment,1,0.0,0.796875,0.7697876471331794,0.0,0.7000000000000005,0.0,0.0,0.0,9.22753262573155,0.0,0.6861198964394662,0.5089869497073793
fixed_policy_authority,contact_mode_shift,tool_alignment,2,0.0,0.78125,0.7710366879014326,0.0,0.7000000000000005,0.0,0.0,0.0,9.231196705885413,0.0,0.7189743815315434,0.5075213176458349
fixed_policy_authority,contact_mode_shift,tool_alignment,3,0.0,0.859375,0.7680490396812952,0.0,0.7000000000000005,0.0,0.0,0.0,9.226350066634463,0.0,0.6887945795541307,0.5094599733462146
fixed_policy_authority,contact_mode_shift,tool_alignment,4,0.0,0.765625,0.771745209416546,0.0,0.7000000000000005,0.0,0.0,0.0,9.225557644906198,0.0,0.6812131805378788,0.509776942037521
fixed_policy_authority,contact_mode_shift,tool_alignment,5,0.0,0.84375,0.7698908769548771,0.0,0.7000000000000005,0.0,0.0,0.0,9.227346977332973,0.0,0.7130806762193704,0.5090612090668095
fixed_policy_authority,contact_mode_shift,tool_alignment,6,0.0,0.8125,0.7687447352720824,0.0,0.7000000000000005,0.0,0.0,0.0,9.227544644990274,0.0,0.6691215491053456,0.5089821420038895
fixed_policy_authority,human_delay_shift,tool_alignment,0,0.28125,0.65625,0.6371491145256579,0.0,0.6546875000000004,0.0,0.0,0.0,9.112178402040641,0.0,0.5081561520082861,0.5551286391837446
fixed_policy_authority,human_delay_shift,tool_alignment,1,0.109375,0.78125,0.6407692540971504,0.0,0.6593750000000006,0.0,0.0,0.0,9.121498198468435,0.0,0.6164790265444389,0.5514007206126238
fixed_policy_authority,human_delay_shift,tool_alignment,2,0.140625,0.796875,0.6386190845677883,0.0,0.6671875000000004,0.0,0.0,0.0,9.11848493390173,0.0,0.5331666992521513,0.5526060264393087
fixed_policy_authority,human_delay_shift,tool_alignment,3,0.171875,0.765625,0.6401310661422281,0.0,0.6640625000000004,0.0,0.0,0.0,9.11924104678051,0.0,0.5648760565006913,0.5523035812877953
fixed_policy_authority,human_delay_shift,tool_alignment,4,0.171875,0.765625,0.638046349347531,0.0,0.6593750000000005,0.0,0.0,0.0,9.117115577943917,0.0,0.6039521537439773,0.5531537688224326
fixed_policy_authority,human_delay_shift,tool_alignment,5,0.21875,0.734375,0.6408354234013773,0.0,0.6687500000000004,0.0,0.0,0.0,9.119709557147273,0.0,0.5361670573684474,0.5521161771410918
fixed_policy_authority,human_delay_shift,tool_alignment,6,0.203125,0.875,0.6396386975636105,0.0,0.6671875000000005,0.0,0.0,0.0,9.116408619432992,0.0,0.6153763546165714,0.553436552226804
fixed_policy_authority,combined_authority_stress,tool_alignment,0,0.0,0.921875,0.8212794281872675,0.0,0.7000000000000005,0.0,0.0,0.0,9.411572975994295,0.0,0.8212200047659173,0.435370809602281
fixed_policy_authority,combined_authority_stress,tool_alignment,1,0.0,0.859375,0.8207362686303408,0.0,0.7000000000000005,0.0,0.0,0.0,9.410331296837516,0.0,0.7786120315634895,0.43586748126499203
fixed_policy_authority,combined_authority_stress,tool_alignment,2,0.0,0.890625,0.8210389880351895,0.0,0.7000000000000005,0.0,0.0,0.0,9.405683346991797,0.0,0.7952876793242085,0.437726661203281
fixed_policy_authority,combined_authority_stress,tool_alignment,3,0.0,0.9375,0.8228101014302294,0.0,0.7000000000000005,0.0,0.0,0.0,9.409865112251946,0.0,0.8432526554343613,0.43605395509922107
fixed_policy_authority,combined_authority_stress,tool_alignment,4,0.0,0.78125,0.8215351597510135,0.0,0.7000000000000005,0.0,0.0,0.0,9.410774710165638,0.0,0.7594311203238899,0.43569011593374535
fixed_policy_authority,combined_authority_stress,tool_alignment,5,0.0,0.796875,0.8217663914956245,0.0,0.7000000000000005,0.0,0.0,0.0,9.411907307760634,0.0,0.7515238205782392,0.435237076895745
fixed_policy_authority,combined_authority_stress,tool_alignment,6,0.0,0.796875,0.8210537203309707,0.0,0.7000000000000005,0.0,0.0,0.0,9.406203934654247,0.0,0.7671971113742843,0.43751842613830244
fixed_human_authority,nominal_shared_autonomy,fragile_reaching,0,1.0,0.390625,0.0,0.0,0.0,0.9999999999999999,1.0,0.0,9.658994156757801,0.0,0.18341181560013023,0.69640233729688
fixed_human_authority,nominal_shared_autonomy,fragile_reaching,1,1.0,0.34375,5.577004133452274e-06,0.0,0.0,0.9999999999999999,1.0,0.0,9.660127054701794,0.0,0.1819294935218894,0.6959491781192848
fixed_human_authority,nominal_shared_autonomy,fragile_reaching,2,1.0,0.453125,0.0,0.0,0.0,0.9999999999999999,1.0,0.0,9.659640141166399,0.0,0.2132677400409745,0.6961439435334392
fixed_human_authority,nominal_shared_autonomy,fragile_reaching,3,1.0,0.390625,0.0,0.0,0.0,0.9999999999999999,1.0,0.0,9.654852241957485,0.0,0.19576956305746346,0.6980591032170059
fixed_human_authority,nominal_shared_autonomy,fragile_reaching,4,1.0,0.40625,0.0,0.0,0.0,0.9999999999999999,1.0,0.0,9.658790731529336,0.0,0.18421227776763469,0.6964837073882666
fixed_human_authority,nominal_shared_autonomy,fragile_reaching,5,0.984375,0.515625,1.7142178067432178e-05,0.0,0.0,0.9999999999999999,1.0,0.0,9.657826447371272,0.0,0.22632492726595785,0.6968694210514924
fixed_human_authority,nominal_shared_autonomy,fragile_reaching,6,1.0,0.421875,0.0,0.0,0.0,0.9999999999999999,1.0,0.0,9.66043746403182,0.0,0.19157521018191098,0.6958250143872728
fixed_human_authority,intent_ambiguity_shift,fragile_reaching,0,1.0,0.3125,0.0,0.0,0.0,0.9999999999999999,1.0,0.0,9.725493250300374,0.0,0.18624636679059417,0.6698026998798491
fixed_human_authority,intent_ambiguity_shift,fragile_reaching,1,1.0,0.40625,0.0,0.0,0.0,0.9999999999999999,1.0,0.0,9.727887008757445,0.0,0.21486090863766072,0.6688451964970221
fixed_human_authority,intent_ambiguity_shift,fragile_reaching,2,1.0,0.4375,0.0,0.0,0.0,0.9999999999999999,1.0,0.0,9.726194805580514,0.0,0.21709250187716755,0.6695220777677949
fixed_human_authority,intent_ambiguity_shift,fragile_reaching,3,1.0,0.34375,0.0,0.0,0.0,0.9999999999999999,1.0,0.0,9.726148145047965,0.0,0.19630441941470542,0.6695407419808158
fixed_human_authority,intent_ambiguity_shift,fragile_reaching,4,1.0,0.390625,0.0,0.0,0.0,0.9999999999999999,1.0,0.0,9.726185888195129,0.0,0.22268235974826,0.6695256447219488
fixed_human_authority,intent_ambiguity_shift,fragile_reaching,5,1.0,0.390625,0.0,0.0,0.0,0.9999999999999999,1.0,0.0,9.726568850958087,0.0,0.2082326497663739,0.6693724596167674
fixed_human_authority,intent_ambiguity_shift,fragile_reaching,6,1.0,0.484375,0.0,0.0,0.0,0.9999999999999999,1.0,0.0,9.7276278230657,0.0,0.22512184840633362,0.6689488707737206
fixed_human_authority,contact_mode_shift,fragile_reaching,0,1.0,0.5,0.0,0.0,0.0,0.9999999999999999,1.0,0.0,9.79141033827387,0.0,0.2521415537332118,0.6434358646904507
fixed_human_authority,contact_mode_shift,fragile_reaching,1,1.0,0.46875,2.366732160081174e-05,0.0,0.0,0.9999999999999999,1.0,0.0,9.784945313347588,0.0,0.24759739475820045,0.6460218746609646
fixed_human_authority,contact_mode_shift,fragile_reaching,2,1.0,0.453125,0.0,0.0,0.0,0.9999999999999999,1.0,0.0,9.789458003489987,0.0,0.24015239813948708,0.6442167986040062
fixed_human_authority,contact_mode_shift,fragile_reaching,3,1.0,0.578125,2.5872392016538723e-05,0.0,0.0,0.9999999999999999,1.0,0.0,9.788241171949124,0.0,0.27706327940805714,0.6447035312203512
fixed_human_authority,contact_mode_shift,fragile_reaching,4,1.0,0.53125,9.094461930643504e-06,0.0,0.0,0.9999999999999999,1.0,0.0,9.790395465540788,0.0,0.27233921684646056,0.6438418137836865
fixed_human_authority,contact_mode_shift,fragile_reaching,5,1.0,0.453125,0.0,0.0,0.0,0.9999999999999999,1.0,0.0,9.790813233967986,0.0,0.2563625506987801,0.6436747064128069
fixed_human_authority,contact_mode_shift,fragile_reaching,6,0.984375,0.578125,0.0,0.0,0.0,0.9999999999999999,1.0,0.0,9.787754588490866,0.0,0.29511727258887593,0.6448981646036533
fixed_human_authority,human_delay_shift,fragile_reaching,0,1.0,0.484375,0.013461437541893736,0.0,0.0,0.9999999999999999,1.0,0.0,9.816037159154838,0.0,0.26679567151180317,0.6335851363380652
fixed_human_authority,human_delay_shift,fragile_reaching,1,1.0,0.40625,0.016039717328920896,0.0,0.0,0.9999999999999999,1.0,0.0,9.820276464695826,0.0,0.2438453623716404,0.6318894141216694
fixed_human_authority,human_delay_shift,fragile_reaching,2,1.0,0.5,0.016153516108435434,0.0,0.0,0.9999999999999999,1.0,0.0,9.814290364103709,0.0,0.27183561295185943,0.6342838543585158
fixed_human_authority,human_delay_shift,fragile_reaching,3,1.0,0.40625,0.016570811837987833,0.0,0.0,0.9999999999999999,1.0,0.0,9.816865872806618,0.0,0.22763630951739422,0.6332536508773537
fixed_human_authority,human_delay_shift,fragile_reaching,4,0.984375,0.46875,0.01487376771347029,0.0,0.0,0.9999999999999999,1.0,0.0,9.817005783548284,0.0,0.27139623984330286,0.6331976865806864
fixed_human_authority,human_delay_shift,fragile_reaching,5,1.0,0.390625,0.01594709392641702,0.0,0.0,0.9999999999999999,1.0,0.0,9.817746637842415,0.0,0.23258544063413156,0.6329013448630348
fixed_human_authority,human_delay_shift,fragile_reaching,6,1.0,0.359375,0.016723861280739855,0.0,0.0,0.9999999999999999,1.0,0.0,9.814606932604496,0.0,0.22991238474438233,0.6341572269582035
fixed_human_authority,combined_authority_stress,fragile_reaching,0,0.984375,0.65625,0.00015241357694299948,0.0,0.0,0.9999999999999999,1.0,0.0,9.911154139341921,0.0,0.34596451564937536,0.5955383442632295
fixed_human_authority,combined_authority_stress,fragile_reaching,1,0.96875,0.53125,0.00013476831295094368,0.0,0.0,0.9999999999999999,1.0,0.0,9.91097292632855,0.0,0.31527997176477895,0.5956108294685801
fixed_human_authority,combined_authority_stress,fragile_reaching,2,1.0,0.578125,0.00016285916088998255,0.0,0.0,0.9999999999999999,1.0,0.0,9.908599175447828,0.0,0.31048198928338766,0.5965603298208682
fixed_human_authority,combined_authority_stress,fragile_reaching,3,1.0,0.625,0.00022836494180394212,0.0,0.0,0.9999999999999999,1.0,0.0,9.911285669609963,0.0,0.3051700758295549,0.5954857321560155
fixed_human_authority,combined_authority_stress,fragile_reaching,4,0.984375,0.546875,0.000360188900157547,0.0,0.0,0.9999999999999999,1.0,0.0,9.912431642386608,0.0,0.3060716521564174,0.5950273430453568
fixed_human_authority,combined_authority_stress,fragile_reaching,5,0.984375,0.609375,0.00034500035759497326,0.0,0.0,0.9999999999999999,1.0,0.0,9.911595527933201,0.0,0.3300482645722188,0.5953617888267204
fixed_human_authority,combined_authority_stress,fragile_reaching,6,0.984375,0.5625,0.00024335798362505425,0.0,0.0,0.9999999999999999,1.0,0.0,9.908274660753333,0.0,0.3196585905830458,0.5966901356986662
fixed_human_authority,nominal_shared_autonomy,contact_door_opening,0,1.0,0.28125,0.12159893411732063,0.0,0.0,0.9999999999999999,0.1875,0.0,9.780502845217944,0.0,0.19122037459710803,0.647798861912823
fixed_human_authority,nominal_shared_autonomy,contact_door_opening,1,1.0,0.3125,0.12151026807167066,0.0,0.0,0.9999999999999999,0.296875,0.0,9.782430517007395,0.0,0.2030885240034791,0.6470277931970418
fixed_human_authority,nominal_shared_autonomy,contact_door_opening,2,1.0,0.359375,0.12154133337923341,0.0,0.0,0.9999999999999999,0.25,0.0,9.785759688103091,0.0,0.21526563883189226,0.645696124758763
fixed_human_authority,nominal_shared_autonomy,contact_door_opening,3,1.0,0.46875,0.1222731054918214,0.0,0.0,0.9999999999999999,0.328125,0.0,9.784337996072004,0.0,0.2500364848034386,0.6462648015711981
fixed_human_authority,nominal_shared_autonomy,contact_door_opening,4,1.0,0.4375,0.1193305800171445,0.0,0.0,0.9999999999999999,0.328125,0.0,9.780281562542807,0.0,0.23980516926252002,0.6478873749828773
fixed_human_authority,nominal_shared_autonomy,contact_door_opening,5,1.0,0.34375,0.12288235650250219,0.0,0.0,0.9999999999999999,0.25,0.0,9.782402476354173,0.0,0.2020204410318877,0.6470390094583309
fixed_human_authority,nominal_shared_autonomy,contact_door_opening,6,1.0,0.40625,0.11843064249203783,0.0,0.0,0.9999999999999999,0.3125,0.0,9.779861989146333,0.0,0.22475559975827133,0.6480552043414668
fixed_human_authority,intent_ambiguity_shift,contact_door_opening,0,1.0,0.34375,0.06322566231809514,0.0,0.0,0.9999999999999999,0.96875,0.0,9.85308437778474,0.0,0.2317207348575142,0.6187662488861047
fixed_human_authority,intent_ambiguity_shift,contact_door_opening,1,1.0,0.359375,0.06482218851972041,0.0,0.0,0.9999999999999999,0.953125,0.0,9.85132389456374,0.0,0.22608006036554662,0.6194704421745065
fixed_human_authority,intent_ambiguity_shift,contact_door_opening,2,1.0,0.359375,0.06562903448244428,0.0,0.0,0.9999999999999999,0.96875,0.0,9.854681622274581,0.0,0.22490415699024266,0.6181273510901676
fixed_human_authority,intent_ambiguity_shift,contact_door_opening,3,1.0,0.421875,0.06610685034974845,0.0,0.0,0.9999999999999999,0.96875,0.0,9.856761127554933,0.0,0.2525074269498896,0.617295548978026
fixed_human_authority,intent_ambiguity_shift,contact_door_opening,4,1.0,0.484375,0.06559688010647147,0.0,0.0,0.9999999999999999,0.921875,0.0,9.851825532883879,0.0,0.25980837531247347,0.6192697868464484
fixed_human_authority,intent_ambiguity_shift,contact_door_opening,5,1.0,0.546875,0.06511847991421102,0.0,0.0,0.9999999999999999,0.953125,0.0,9.85202982732523,0.0,0.2765252189784408,0.6191880690699086
fixed_human_authority,intent_ambiguity_shift,contact_door_opening,6,1.0,0.453125,0.06267941678629768,0.0,0.0,0.9999999999999999,0.96875,0.0,9.852722667316634,0.0,0.24658856511628122,0.6189109330733463
fixed_human_authority,contact_mode_shift,contact_door_opening,0,1.0,0.390625,0.12909182045364573,0.0,0.0,0.9999999999999999,0.125,0.0,9.91595386775875,0.0,0.2644370616866872,0.5936184528965007
fixed_human_authority,contact_mode_shift,contact_door_opening,1,1.0,0.5,0.12912724753536053,0.0,0.0,0.9999999999999999,0.140625,0.0,9.91280134858884,0.0,0.28889076822587945,0.5948794605644668
fixed_human_authority,contact_mode_shift,contact_door_opening,2,1.0,0.46875,0.129118957852377,0.0,0.0,0.9999999999999999,0.140625,0.0,9.916206032061723,0.0,0.2802197258660348,0.5935175871753109
fixed_human_authority,contact_mode_shift,contact_door_opening,3,1.0,0.390625,0.12886725182767955,0.0,0.0,0.9999999999999999,0.140625,0.0,9.918066397515004,0.0,0.2702816422450141,0.5927734409939982
fixed_human_authority,contact_mode_shift,contact_door_opening,4,0.984375,0.5,0.12736088859064812,0.0,0.0,0.9999999999999999,0.15625,0.0,9.915870179574327,0.0,0.3111038878443386,0.5936519281702684
fixed_human_authority,contact_mode_shift,contact_door_opening,5,1.0,0.453125,0.13171014691565508,0.0,0.0,0.9999999999999999,0.125,0.0,9.914788670387333,0.0,0.2779980775633798,0.5940845318450672
fixed_human_authority,contact_mode_shift,contact_door_opening,6,1.0,0.5,0.126371669324292,0.0,0.0,0.9999999999999999,0.15625,0.0,9.915926564696099,0.0,0.29177094539771997,0.593629374121559
fixed_human_authority,human_delay_shift,contact_door_opening,0,1.0,0.5625,0.23291924933121333,0.0,0.0,0.9999999999999999,0.0,0.0,9.948809099536897,0.0,0.3083776632479677,0.5804763601852412
fixed_human_authority,human_delay_shift,contact_door_opening,1,1.0,0.421875,0.23143440201738544,0.0,0.0,0.9999999999999999,0.0,0.0,9.943295125260958,0.0,0.27705693650959823,0.5826819498956173
fixed_human_authority,human_delay_shift,contact_door_opening,2,1.0,0.390625,0.23574716847568838,0.0,0.0,0.9999999999999999,0.0,0.0,9.946705382637083,0.0,0.25808861221601176,0.5813178469451664
fixed_human_authority,human_delay_shift,contact_door_opening,3,1.0,0.484375,0.2333275591916405,0.0,0.0,0.9999999999999999,0.0,0.0,9.94757436929624,0.0,0.321563679673262,0.5809702522815051
fixed_human_authority,human_delay_shift,contact_door_opening,4,1.0,0.5,0.2312750867627535,0.0,0.0,0.9999999999999999,0.0,0.0,9.943712205264783,0.0,0.2965296433938084,0.5825151178940865
fixed_human_authority,human_delay_shift,contact_door_opening,5,1.0,0.484375,0.23300457301652008,0.0,0.0,0.9999999999999999,0.0,0.0,9.948030807664662,0.0,0.29153730142327117,0.5807876769341367
fixed_human_authority,human_delay_shift,contact_door_opening,6,0.984375,0.390625,0.23149722816832619,0.0,0.0,0.9999999999999999,0.0,0.0,9.942285239466614,0.0,0.28753702556080846,0.583085904213356
fixed_human_authority,combined_authority_stress,contact_door_opening,0,0.0,0.640625,0.16298605963485113,0.0,0.0,0.9999999999999999,0.0,0.0,10.037681907982941,0.0,0.3417129909290289,0.5449272368068239
fixed_human_authority,combined_authority_stress,contact_door_opening,1,0.0,0.578125,0.1608039568640217,0.0,0.0,0.9999999999999999,0.0,0.0,10.040075845760727,0.0,0.35246080401084695,0.5439696616957096
fixed_human_authority,combined_authority_stress,contact_door_opening,2,0.03125,0.6875,0.16206693403397837,0.0,0.0,0.9999999999999999,0.0,0.0,10.039872717255799,0.0,0.3775497786127679,0.5440509130976802
fixed_human_authority,combined_authority_stress,contact_door_opening,3,0.0,0.5,0.16176872901942005,0.0,0.0,0.9999999999999999,0.0,0.0,10.038411368767067,0.0,0.32671193116799857,0.5446354524931742
fixed_human_authority,combined_authority_stress,contact_door_opening,4,0.0,0.4375,0.16192740780299214,0.0,0.0,0.9999999999999999,0.015625,0.0,10.041714458084229,0.0,0.30635388059161295,0.5433142167663084
fixed_human_authority,combined_authority_stress,contact_door_opening,5,0.0,0.53125,0.16301985611388858,0.0,0.0,0.9999999999999999,0.0,0.0,10.038981282750813,0.0,0.347331929152489,0.5444074868996751
fixed_human_authority,combined_authority_stress,contact_door_opening,6,0.0,0.5625,0.16249585189657703,0.0,0.0,0.9999999999999999,0.0,0.0,10.040451855519347,0.0,0.3305107615632284,0.5438192577922618
fixed_human_authority,nominal_shared_autonomy,delayed_corridor_navigation,0,1.0,0.421875,0.012764951678359974,0.0,0.0,0.9999999999999999,1.0,0.0,9.792132431509653,0.0,0.25058528819642184,0.6431470273961407
fixed_human_authority,nominal_shared_autonomy,delayed_corridor_navigation,1,0.984375,0.53125,0.01399705570432985,0.0,0.0,0.9999999999999999,1.0,0.0,9.790518639838755,0.0,0.2663443591439819,0.6437925440644983
fixed_human_authority,nominal_shared_autonomy,delayed_corridor_navigation,2,1.0,0.34375,0.01265329672399232,0.0,0.0,0.9999999999999999,1.0,0.0,9.790210089237668,0.0,0.21195245278655678,0.6439159643049328
fixed_human_authority,nominal_shared_autonomy,delayed_corridor_navigation,3,1.0,0.5,0.01369163992883534,0.0,0.0,0.9999999999999999,1.0,0.0,9.790830664093123,0.0,0.23651007070023922,0.6436677343627504
fixed_human_authority,nominal_shared_autonomy,delayed_corridor_navigation,4,1.0,0.453125,0.012852276376457892,0.0,0.0,0.9999999999999999,1.0,0.0,9.790004687932832,0.0,0.25002660201927485,0.6439981248268686
fixed_human_authority,nominal_shared_autonomy,delayed_corridor_navigation,5,1.0,0.4375,0.013191904934646061,0.0,0.0,0.9999999999999999,1.0,0.0,9.788346406048356,0.0,0.24425673528322792,0.6446614375806572
fixed_human_authority,nominal_shared_autonomy,delayed_corridor_navigation,6,0.984375,0.40625,0.013276222977938153,0.0,0.0,0.9999999999999999,1.0,0.0,9.792501308182008,0.0,0.24262502006198958,0.6429994767271965
fixed_human_authority,intent_ambiguity_shift,delayed_corridor_navigation,0,1.0,0.421875,0.0005900726982152951,0.0,0.0,0.9999999999999999,1.0,0.0,9.861062494542987,0.0,0.24316912228277032,0.6155750021828051
fixed_human_authority,intent_ambiguity_shift,delayed_corridor_navigation,1,1.0,0.484375,0.0006632713772412064,0.0,0.0,0.9999999999999999,1.0,0.0,9.862149301773968,0.0,0.27458717568561447,0.6151402792904129
fixed_human_authority,intent_ambiguity_shift,delayed_corridor_navigation,2,1.0,0.5625,0.0007994405355103203,0.0,0.0,0.9999999999999999,1.0,0.0,9.861705613657238,0.0,0.28379167273293826,0.6153177545371055
fixed_human_authority,intent_ambiguity_shift,delayed_corridor_navigation,3,1.0,0.5625,0.0005344467777375537,0.0,0.0,0.9999999999999999,1.0,0.0,9.862995085327087,0.0,0.28334468963859305,0.6148019658691646
fixed_human_authority,intent_ambiguity_shift,delayed_corridor_navigation,4,1.0,0.40625,0.0005473922832386783,0.0,0.0,0.9999999999999999,1.0,0.0,9.862528463667955,0.0,0.23499084001427076,0.6149886145328181
fixed_human_authority,intent_ambiguity_shift,delayed_corridor_navigation,5,1.0,0.421875,0.00062639239797463,0.0,0.0,0.9999999999999999,1.0,0.0,9.862180986282539,0.0,0.247228858334719,0.615127605486984
fixed_human_authority,intent_ambiguity_shift,delayed_corridor_navigation,6,1.0,0.328125,0.0004271306775389446,0.0,0.0,0.9999999999999999,1.0,0.0,9.86094958862989,0.0,0.23399600574334084,0.6156201645480444
fixed_human_authority,contact_mode_shift,delayed_corridor_navigation,0,1.0,0.40625,0.017678533398011995,0.0,0.0,0.9999999999999999,1.0,0.0,9.924784687707636,0.0,0.27837220562333265,0.5900861249169458
fixed_human_authority,contact_mode_shift,delayed_corridor_navigation,1,0.984375,0.53125,0.01558669466451493,0.0,0.0,0.9999999999999999,1.0,0.0,9.923828617008194,0.0,0.2990164493020364,0.5904685531967222
fixed_human_authority,contact_mode_shift,delayed_corridor_navigation,2,1.0,0.453125,0.018130266873666603,0.0,0.0,0.9999999999999999,1.0,0.0,9.927449808772192,0.0,0.2995392966018147,0.5890200764911234
fixed_human_authority,contact_mode_shift,delayed_corridor_navigation,3,0.984375,0.46875,0.015251218353943134,0.0,0.0,0.9999999999999999,1.0,0.0,9.92724820868849,0.0,0.2926491680619101,0.589100716524605
fixed_human_authority,contact_mode_shift,delayed_corridor_navigation,4,1.0,0.515625,0.017402752200214023,0.0,0.0,0.9999999999999999,1.0,0.0,9.92853292408373,0.0,0.30909115978360374,0.58858683036651
fixed_human_authority,contact_mode_shift,delayed_corridor_navigation,5,1.0,0.453125,0.017264976516697204,0.0,0.0,0.9999999999999999,1.0,0.0,9.926434468398531,0.0,0.29121166294109185,0.5894262126405877
fixed_human_authority,contact_mode_shift,delayed_corridor_navigation,6,1.0,0.46875,0.016850456941320712,0.0,0.0,0.9999999999999999,1.0,0.0,9.931159872914204,0.0,0.2952602941453749,0.5875360508343184
fixed_human_authority,human_delay_shift,delayed_corridor_navigation,0,0.984375,0.40625,0.10977405537099827,0.0,0.0,0.9999999999999999,0.546875,0.0,9.951151396545143,0.0,0.28814572654823445,0.5795394413819432
fixed_human_authority,human_delay_shift,delayed_corridor_navigation,1,1.0,0.5,0.10811221289584479,0.0,0.0,0.9999999999999999,0.515625,0.0,9.94962106901499,0.0,0.2987728872438508,0.580151572394004
fixed_human_authority,human_delay_shift,delayed_corridor_navigation,2,1.0,0.53125,0.11004363348792684,0.0,0.0,0.9999999999999999,0.390625,0.0,9.951741384918101,0.0,0.312524261200266,0.579303446032761
fixed_human_authority,human_delay_shift,delayed_corridor_navigation,3,1.0,0.46875,0.11095072539323572,0.0,0.0,0.9999999999999999,0.421875,0.0,9.956336697062882,0.0,0.31537049994028377,0.5774653211748464
fixed_human_authority,human_delay_shift,delayed_corridor_navigation,4,1.0,0.484375,0.10962705897748426,0.0,0.0,0.9999999999999999,0.40625,0.0,9.953445106437306,0.0,0.30256981138255923,0.578621957425078
fixed_human_authority,human_delay_shift,delayed_corridor_navigation,5,1.0,0.53125,0.1090104996909348,0.0,0.0,0.9999999999999999,0.4375,0.0,9.954380511327397,0.0,0.30508606027577007,0.5782477954690414
fixed_human_authority,human_delay_shift,delayed_corridor_navigation,6,0.984375,0.484375,0.10841004306054583,0.0,0.0,0.9999999999999999,0.484375,0.0,9.953619463116699,0.0,0.29206668146762405,0.5785522147533204
fixed_human_authority,combined_authority_stress,delayed_corridor_navigation,0,0.0,0.375,0.04226820699061069,0.0,0.0,0.9999999999999999,1.0,0.0,10.051864116133274,0.0,0.2895104617970319,0.5392543535466897
fixed_human_authority,combined_authority_stress,delayed_corridor_navigation,1,0.0,0.609375,0.04129593300018959,0.0,0.0,0.9999999999999999,1.0,0.0,10.048089322906902,0.0,0.363096299607594,0.5407642708372395
fixed_human_authority,combined_authority_stress,delayed_corridor_navigation,2,0.0,0.625,0.042877291834935924,0.0,0.0,0.9999999999999999,1.0,0.0,10.049642339085846,0.0,0.3768968156180421,0.5401430643656611
fixed_human_authority,combined_authority_stress,delayed_corridor_navigation,3,0.0,0.5625,0.044008317519000896,0.0,0.0,0.9999999999999999,1.0,0.0,10.04904466226693,0.0,0.35429609848962657,0.5403821350932282
fixed_human_authority,combined_authority_stress,delayed_corridor_navigation,4,0.0,0.59375,0.042203533975319174,0.0,0.0,0.9999999999999999,1.0,0.0,10.05170876854439,0.0,0.3603134433196302,0.539316492582245
fixed_human_authority,combined_authority_stress,delayed_corridor_navigation,5,0.0,0.515625,0.03906649838352251,0.0,0.0,0.9999999999999999,0.984375,0.0,10.050056918428105,0.0,0.3244855231735273,0.5399772326287593
fixed_human_authority,combined_authority_stress,delayed_corridor_navigation,6,0.0,0.515625,0.04138101869291583,0.0,0.0,0.9999999999999999,1.0,0.0,10.05057433711279,0.0,0.34046209799325644,0.5397702651548841
fixed_human_authority,nominal_shared_autonomy,tool_alignment,0,1.0,0.28125,0.0003266104783052645,0.0,0.0,0.9999999999999999,1.0,0.0,9.765922376371698,0.0,0.19264382653061374,0.6536310494513207
fixed_human_authority,nominal_shared_autonomy,tool_alignment,1,1.0,0.390625,0.00021245618577200447,0.0,0.0,0.9999999999999999,1.0,0.0,9.761456713671809,0.0,0.20979885038797305,0.6554173145312767
fixed_human_authority,nominal_shared_autonomy,tool_alignment,2,1.0,0.203125,0.0003098434983478485,0.0,0.0,0.9999999999999999,1.0,0.0,9.763232959385668,0.0,0.17532973574549648,0.6547068162457343
fixed_human_authority,nominal_shared_autonomy,tool_alignment,3,1.0,0.265625,0.0002785397987276242,0.0,0.0,0.9999999999999999,1.0,0.0,9.765078159836499,0.0,0.19100629828127524,0.6539687360654014
fixed_human_authority,nominal_shared_autonomy,tool_alignment,4,1.0,0.40625,0.00018622830239631188,0.0,0.0,0.9999999999999999,1.0,0.0,9.763108568073648,0.0,0.218901580610316,0.6547565727705396
fixed_human_authority,nominal_shared_autonomy,tool_alignment,5,1.0,0.3125,0.00012088009951847031,0.0,0.0,0.9999999999999999,1.0,0.0,9.763443139583723,0.0,0.19810595411253076,0.654622744166512
fixed_human_authority,nominal_shared_autonomy,tool_alignment,6,1.0,0.34375,0.000224337610522414,0.0,0.0,0.9999999999999999,1.0,0.0,9.763763817697633,0.0,0.21887346800390994,0.6544944729209473
fixed_human_authority,intent_ambiguity_shift,tool_alignment,0,1.0,0.34375,0.0,0.0,0.0,0.9999999999999999,1.0,0.0,9.83245007982788,0.0,0.22707304092923122,0.6270199680688489
fixed_human_authority,intent_ambiguity_shift,tool_alignment,1,1.0,0.453125,0.0,0.0,0.0,0.9999999999999999,1.0,0.0,9.831878531071956,0.0,0.24855463782347434,0.627248587571217
fixed_human_authority,intent_ambiguity_shift,tool_alignment,2,1.0,0.421875,0.0,0.0,0.0,0.9999999999999999,1.0,0.0,9.833478512027288,0.0,0.23498051445158563,0.6266085951890864
fixed_human_authority,intent_ambiguity_shift,tool_alignment,3,1.0,0.421875,0.0,0.0,0.0,0.9999999999999999,1.0,0.0,9.831639406805786,0.0,0.2443882681788987,0.6273442372776865
fixed_human_authority,intent_ambiguity_shift,tool_alignment,4,1.0,0.40625,0.0,0.0,0.0,0.9999999999999999,1.0,0.0,9.834139802982284,0.0,0.24745169813795126,0.6263440788070872
fixed_human_authority,intent_ambiguity_shift,tool_alignment,5,1.0,0.4375,0.0,0.0,0.0,0.9999999999999999,1.0,0.0,9.835089251845625,0.0,0.24279746011550635,0.625964299261751
fixed_human_authority,intent_ambiguity_shift,tool_alignment,6,1.0,0.359375,0.0,0.0,0.0,0.9999999999999999,1.0,0.0,9.833170729138434,0.0,0.2146611076442982,0.6267317083446269
fixed_human_authority,contact_mode_shift,tool_alignment,0,1.0,0.453125,0.0004579292295592085,0.0,0.0,0.9999999999999999,1.0,0.0,9.90113190648156,0.0,0.2880157480468314,0.5995472374073769
fixed_human_authority,contact_mode_shift,tool_alignment,1,1.0,0.546875,0.000458223080522227,0.0,0.0,0.9999999999999999,1.0,0.0,9.8994009692148,0.0,0.3139411802705116,0.6002396123140812
fixed_human_authority,contact_mode_shift,tool_alignment,2,1.0,0.40625,0.0003600309164570698,0.0,0.0,0.9999999999999999,1.0,0.0,9.902032079029054,0.0,0.2649299580036775,0.599187168388378
fixed_human_authority,contact_mode_shift,tool_alignment,3,1.0,0.53125,0.00043701732318071493,0.0,0.0,0.9999999999999999,1.0,0.0,9.899612717803704,0.0,0.28179400353743156,0.6001549128785164
fixed_human_authority,contact_mode_shift,tool_alignment,4,1.0,0.59375,0.0005889455003533779,0.0,0.0,0.9999999999999999,1.0,0.0,9.89579197128892,0.0,0.3251171156165716,0.6016832114844316
fixed_human_authority,contact_mode_shift,tool_alignment,5,0.984375,0.53125,0.0003366192416622418,0.0,0.0,0.9999999999999999,1.0,0.0,9.900946001941763,0.0,0.3032883077018883,0.5996215992232954
fixed_human_authority,contact_mode_shift,tool_alignment,6,1.0,0.515625,0.0005040942189999578,0.0,0.0,0.9999999999999999,1.0,0.0,9.90095497377571,0.0,0.2789500141628168,0.599618010489715
fixed_human_authority,human_delay_shift,tool_alignment,0,1.0,0.515625,0.04262474332915114,0.0,0.0,0.9999999999999999,1.0,0.0,9.923247030940777,0.0,0.2832268755916896,0.5907011876236882
fixed_human_authority,human_delay_shift,tool_alignment,1,0.984375,0.40625,0.043063723285093766,0.0,0.0,0.9999999999999999,1.0,0.0,9.925055329738253,0.0,0.26846164208914,0.5899778681046984
fixed_human_authority,human_delay_shift,tool_alignment,2,1.0,0.4375,0.042944029449782095,0.0,0.0,0.9999999999999999,1.0,0.0,9.922085048366007,0.0,0.27327343659485,0.5911659806535974
fixed_human_authority,human_delay_shift,tool_alignment,3,1.0,0.5625,0.04215843774347389,0.0,0.0,0.9999999999999999,1.0,0.0,9.924376619630907,0.0,0.2977447305840578,0.5902493521476366
fixed_human_authority,human_delay_shift,tool_alignment,4,1.0,0.34375,0.044448046092898034,0.0,0.0,0.9999999999999999,1.0,0.0,9.92427707487627,0.0,0.2490403245574337,0.5902891700494931
fixed_human_authority,human_delay_shift,tool_alignment,5,0.984375,0.5,0.043858961667397424,0.0,0.0,0.9999999999999999,1.0,0.0,9.923651482401363,0.0,0.30334138859637944,0.5905394070394554
fixed_human_authority,human_delay_shift,tool_alignment,6,1.0,0.375,0.043279732050321776,0.0,0.0,0.9999999999999999,0.96875,0.0,9.924871969446771,0.0,0.2547464962537913,0.5900512122212915
fixed_human_authority,combined_authority_stress,tool_alignment,0,0.0625,0.53125,0.00356462391504495,0.0,0.0,0.9999999999999999,1.0,0.0,10.019901923732768,0.0,0.35058528854271204,0.5520392305068931
fixed_human_authority,combined_authority_stress,tool_alignment,1,0.09375,0.5625,0.003336025534654272,0.0,0.0,0.9999999999999999,1.0,0.0,10.021565399271188,0.0,0.3450156462768332,0.5513738402915238
fixed_human_authority,combined_authority_stress,tool_alignment,2,0.0625,0.578125,0.003598510445561795,0.0,0.0,0.9999999999999999,1.0,0.0,10.020729970285593,0.0,0.34046644672674276,0.5517080118857633
fixed_human_authority,combined_authority_stress,tool_alignment,3,0.109375,0.546875,0.0038430714466862977,0.0,0.0,0.9999999999999999,1.0,0.0,10.020944422366673,0.0,0.34325559685531976,0.5516222310533316
fixed_human_authority,combined_authority_stress,tool_alignment,4,0.015625,0.65625,0.0036439889252145937,0.0,0.0,0.9999999999999999,1.0,0.0,10.022514303897076,0.0,0.3645746590915772,0.5509942784411673
fixed_human_authority,combined_authority_stress,tool_alignment,5,0.03125,0.59375,0.003532696980092441,0.0,0.0,0.9999999999999999,1.0,0.0,10.0235877356666,0.0,0.33475310992008256,0.5505649057333601
fixed_human_authority,combined_authority_stress,tool_alignment,6,0.09375,0.5625,0.0037510734514450113,0.0,0.0,0.9999999999999999,1.0,0.0,10.01976005458488,0.0,0.3367031736914328,0.5520959781660484
confidence_threshold_shared_control,nominal_shared_autonomy,fragile_reaching,0,1.0,0.40625,0.013646448497060674,0.11458333333333333,0.0,0.9718749999999998,1.0,0.018984375,9.69657871409955,0.421875,0.21243280661970673,0.698243514360181
confidence_threshold_shared_control,nominal_shared_autonomy,fragile_reaching,1,1.0,0.4375,0.013394183830123847,0.125,0.0,0.9734374999999997,1.0,0.018281250000000002,9.697234600913006,0.40625,0.21573595762085035,0.6975436596347979
confidence_threshold_shared_control,nominal_shared_autonomy,fragile_reaching,2,1.0,0.40625,0.013186037212550808,0.125,0.0,0.9734374999999996,1.0,0.021796875000000004,9.713378787818023,0.484375,0.1995119642486089,0.696085984872791
confidence_threshold_shared_control,nominal_shared_autonomy,fragile_reaching,3,0.984375,0.40625,0.011041888505129759,0.13020833333333334,0.0,0.9765624999999998,1.0,0.01546875,9.688962817220737,0.34375,0.21810068289623635,0.6979773731117066
confidence_threshold_shared_control,nominal_shared_autonomy,fragile_reaching,4,1.0,0.25,0.009853824000427698,0.1171875,0.0,0.9796874999999997,1.0,0.013359374999999998,9.683860795660761,0.296875,0.17514347767515398,0.698143181735696
confidence_threshold_shared_control,nominal_shared_autonomy,fragile_reaching,5,1.0,0.421875,0.0196172126570158,0.16666666666666666,0.0,0.9593749999999998,1.0,0.026718750000000003,9.712244395391698,0.59375,0.20867745411705696,0.6984772418433216
confidence_threshold_shared_control,nominal_shared_autonomy,fragile_reaching,6,1.0,0.53125,0.011933418319462846,0.09635416666666667,0.0,0.9749999999999996,1.0,0.012656250000000003,9.676518522358734,0.28125,0.22345444246375937,0.6983925910565069
confidence_threshold_shared_control,intent_ambiguity_shift,fragile_reaching,0,1.0,0.40625,0.0009724796625896956,0.0078125,0.0015625,0.9984374999999999,1.0,0.00140625,9.729603238056795,0.03125,0.22451785859896137,0.6695962047772835
confidence_threshold_shared_control,intent_ambiguity_shift,fragile_reaching,1,1.0,0.375,0.0009646393871321112,0.0078125,0.0,0.9984374999999999,1.0,0.00140625,9.7308718635507,0.03125,0.1989133588594839,0.6690887545797195
confidence_threshold_shared_control,intent_ambiguity_shift,fragile_reaching,2,1.0,0.46875,0.0,0.0,0.0,0.9999999999999999,1.0,0.0,9.721822142481916,0.0,0.2160298000203809,0.6712711430072344
confidence_threshold_shared_control,intent_ambiguity_shift,fragile_reaching,3,1.0,0.46875,0.0018184150192051291,0.0234375,0.003125,0.9968749999999998,1.0,0.002109375,9.729400224777502,0.046875,0.22026439868775316,0.6701149100889999
confidence_threshold_shared_control,intent_ambiguity_shift,fragile_reaching,4,1.0,0.390625,0.0010452702495415411,0.0078125,0.0015625,0.9984375,1.0,0.00140625,9.730628660731416,0.03125,0.209853702677948,0.6691860357074344
confidence_threshold_shared_control,intent_ambiguity_shift,fragile_reaching,5,1.0,0.453125,0.0008321860920491954,0.015625,0.0,0.9984374999999999,1.0,0.000703125,9.725629319206883,0.015625,0.23096362228038939,0.6701857723172482
confidence_threshold_shared_control,intent_ambiguity_shift,fragile_reaching,6,1.0,0.40625,0.0,0.0,0.0,0.9999999999999999,1.0,0.0,9.722556840766831,0.0,0.21470340255302445,0.6709772636932679
confidence_threshold_shared_control,contact_mode_shift,fragile_reaching,0,1.0,0.578125,4.322884105169636e-06,0.0,0.0,0.9999999999999999,1.0,0.0,9.790734834708507,0.0,0.28561932467693885,0.6437060661165988
confidence_threshold_shared_control,contact_mode_shift,fragile_reaching,1,1.0,0.484375,0.001078891306888473,0.0078125,0.0,0.9984374999999999,1.0,0.00140625,9.793130214302808,0.03125,0.25327817440853134,0.6441854142788775
confidence_threshold_shared_control,contact_mode_shift,fragile_reaching,2,1.0,0.546875,4.104088169068626e-05,0.0,0.0,0.9999999999999999,1.0,0.0,9.788443597410254,0.0,0.2746214366373685,0.6446225610358978
confidence_threshold_shared_control,contact_mode_shift,fragile_reaching,3,1.0,0.46875,4.404586145366485e-06,0.0,0.0,0.9999999999999999,1.0,0.0,9.794626103879011,0.0,0.2614234372271551,0.642149558448395
confidence_threshold_shared_control,contact_mode_shift,fragile_reaching,4,0.984375,0.578125,1.246213744873978e-05,0.0,0.0,0.9999999999999999,1.0,0.0,9.788333610743274,0.0,0.29618047161078526,0.6446665557026902
confidence_threshold_shared_control,contact_mode_shift,fragile_reaching,5,1.0,0.65625,1.957505398516024e-05,0.0,0.0,0.9999999999999999,1.0,0.0,9.789602235550666,0.0,0.30855960347720834,0.6441591057797341
confidence_threshold_shared_control,contact_mode_shift,fragile_reaching,6,1.0,0.640625,2.259780193741602e-05,0.0,0.0,0.9999999999999999,1.0,0.0,9.789835058732818,0.0,0.2830500640009497,0.6440659765068748
confidence_threshold_shared_control,human_delay_shift,fragile_reaching,0,0.984375,0.625,0.050238556760310665,0.28255208333333326,0.02500000000000001,0.9266406249999996,1.0,0.05695312499999998,9.952096348184849,1.265625,0.3084615498998484,0.633752085726061
confidence_threshold_shared_control,human_delay_shift,fragile_reaching,1,0.984375,0.546875,0.04212313627581421,0.2567708333333333,0.02968750000000001,0.9407812499999997,1.0,0.047812499999999994,9.92898798577479,1.0625,0.3096492706293572,0.6350860556900864
confidence_threshold_shared_control,human_delay_shift,fragile_reaching,2,1.0,0.453125,0.045041655894450076,0.2604166666666667,0.029687500000000006,0.9344531249999994,1.0,0.05273437499999999,9.943642060025985,1.171875,0.2703951639266724,0.6339463009896056
confidence_threshold_shared_control,human_delay_shift,fragile_reaching,3,1.0,0.59375,0.04041582088156671,0.24348958333333331,0.012499999999999999,0.9407812499999996,1.0,0.044296874999999986,9.915676631226324,0.984375,0.27507637620661946,0.6354105975094703
confidence_threshold_shared_control,human_delay_shift,fragile_reaching,4,0.984375,0.4375,0.0471412807533441,0.22552083333333334,0.023437500000000003,0.9328906249999994,0.984375,0.04921874999999999,9.932077663473311,1.09375,0.25792450675880935,0.6330095596106742
confidence_threshold_shared_control,human_delay_shift,fragile_reaching,5,0.984375,0.578125,0.043108976297751324,0.18489583333333334,0.025000000000000005,0.9391406249999996,0.984375,0.04359374999999999,9.915600315140056,0.96875,0.30399560875928516,0.6338504989439782
confidence_threshold_shared_control,human_delay_shift,fragile_reaching,6,1.0,0.5,0.04605464534341674,0.2734375,0.018750000000000003,0.9298437499999995,0.984375,0.051328124999999974,9.927237464955576,1.140625,0.26246426556720587,0.6368487640177701
confidence_threshold_shared_control,combined_authority_stress,fragile_reaching,0,0.984375,0.5625,0.011366946700444497,0.0625,0.0078125,0.9769531249999999,1.0,0.0196875,9.962123474959117,0.4375,0.3209085729833649,0.5948537350163547
confidence_threshold_shared_control,combined_authority_stress,fragile_reaching,1,1.0,0.484375,0.011502079721354117,0.0703125,0.012499999999999999,0.9799218749999998,1.0,0.017578125,9.95613944818976,0.390625,0.28853016318571933,0.5953160957240966
confidence_threshold_shared_control,combined_authority_stress,fragile_reaching,2,0.984375,0.5625,0.007457086562082825,0.0546875,0.009375,0.9890624999999998,1.0,0.0084375,9.931608007823597,0.1875,0.31801716794665286,0.595419296870562
confidence_threshold_shared_control,combined_authority_stress,fragile_reaching,3,0.96875,0.546875,0.009157948781724974,0.059895833333333336,0.009375,0.9845312499999999,1.0,0.011953125,9.940510892369325,0.265625,0.3220085120764696,0.5952268930522694
confidence_threshold_shared_control,combined_authority_stress,fragile_reaching,4,0.984375,0.5625,0.010097148653148987,0.078125,0.0078125,0.9799999999999998,1.0,0.017578124999999997,9.953774972157397,0.390625,0.332610659661198,0.596290011137041
confidence_threshold_shared_control,combined_authority_stress,fragile_reaching,5,0.984375,0.5,0.004569714888721652,0.015625,0.003125,0.9922656249999999,1.0,0.005625,9.925356834891106,0.125,0.3092649317058502,0.5950728910435568
confidence_threshold_shared_control,combined_authority_stress,fragile_reaching,6,1.0,0.5625,0.014532239643177115,0.09635416666666667,0.012499999999999999,0.9767187499999999,1.0,0.01828125,9.95658096720047,0.40625,0.33043063153851016,0.594986363119813
confidence_threshold_shared_control,nominal_shared_autonomy,contact_door_opening,0,1.0,0.234375,0.12552155121412087,0.03125,0.0,0.9937499999999999,0.21875,0.004921875,9.799255927987831,0.109375,0.19563241181415636,0.6450476288048674
confidence_threshold_shared_control,nominal_shared_autonomy,contact_door_opening,1,1.0,0.4375,0.12356768726936848,0.015625,0.0,0.9968749999999998,0.25,0.00140625,9.786469373702515,0.03125,0.22030953000882406,0.6462872505189944
confidence_threshold_shared_control,nominal_shared_autonomy,contact_door_opening,2,1.0,0.421875,0.12368667799151072,0.015625,0.0,0.9984374999999999,0.203125,0.000703125,9.785170936155186,0.015625,0.23762056263887518,0.646369125537925
confidence_threshold_shared_control,nominal_shared_autonomy,contact_door_opening,3,1.0,0.484375,0.12228065970963087,0.03125,0.0,0.996875,0.21875,0.002109375,9.788639580470843,0.046875,0.24748319293317994,0.6464191678116644
confidence_threshold_shared_control,nominal_shared_autonomy,contact_door_opening,4,1.0,0.359375,0.12306507634611814,0.0703125,0.0,0.9921874999999999,0.328125,0.005625,9.795437394939242,0.125,0.23273427876495428,0.6470125420243039
confidence_threshold_shared_control,nominal_shared_autonomy,contact_door_opening,5,1.0,0.328125,0.12433004478823663,0.0390625,0.0,0.9953124999999998,0.21875,0.00421875,9.79219903793734,0.09375,0.21225418418935257,0.6474328848250648
confidence_threshold_shared_control,nominal_shared_autonomy,contact_door_opening,6,1.0,0.328125,0.12281431508585786,0.03125,0.0,0.9968749999999998,0.265625,0.002109375,9.784624817860646,0.046875,0.21325169105345632,0.6480250728557403
confidence_threshold_shared_control,intent_ambiguity_shift,contact_door_opening,0,1.0,0.421875,0.06524254574705923,0.0078125,0.0015625,0.9984374999999999,0.953125,0.00140625,9.857235803738632,0.03125,0.2535725251822292,0.6185431785045471
confidence_threshold_shared_control,intent_ambiguity_shift,contact_door_opening,1,1.0,0.5,0.06493428768472596,0.0,0.0,0.9999999999999999,0.96875,0.0,9.853875473772474,0.0,0.2660467683849856,0.61844981049101
confidence_threshold_shared_control,intent_ambiguity_shift,contact_door_opening,2,1.0,0.4375,0.0663777895766303,0.0,0.0,0.9999999999999999,0.96875,0.0,9.852219225365062,0.0,0.24207337340415275,0.619112309853977
confidence_threshold_shared_control,intent_ambiguity_shift,contact_door_opening,3,1.0,0.28125,0.06405068677780555,0.0,0.0,0.9999999999999999,0.953125,0.0,9.851553141481993,0.0,0.21901750607943787,0.6193787434072027
confidence_threshold_shared_control,intent_ambiguity_shift,contact_door_opening,4,1.0,0.359375,0.06448045795055568,0.0,0.0,0.9999999999999999,0.953125,0.0,9.849713382153276,0.0,0.23063618231515193,0.6201146471386911
confidence_threshold_shared_control,intent_ambiguity_shift,contact_door_opening,5,1.0,0.390625,0.066236970965391,0.0078125,0.0015625,0.9984375,0.921875,0.00140625,9.858391307114752,0.03125,0.2289264321120746,0.6180809771540986
confidence_threshold_shared_control,intent_ambiguity_shift,contact_door_opening,6,1.0,0.46875,0.0657768139565441,0.0078125,0.0,0.9969531249999999,0.96875,0.0028125,9.86043086905308,0.0625,0.2588600318326681,0.618730777378768
confidence_threshold_shared_control,contact_mode_shift,contact_door_opening,0,1.0,0.5,0.12895488600902502,0.0,0.0,0.9999999999999999,0.09375,0.0,9.915595232680408,0.0,0.27899807546455146,0.5937619069278371
confidence_threshold_shared_control,contact_mode_shift,contact_door_opening,1,1.0,0.359375,0.12865605583911222,0.0,0.0,0.9999999999999999,0.1875,0.0,9.915479862873473,0.0,0.2679115653240592,0.5938080548506115
confidence_threshold_shared_control,contact_mode_shift,contact_door_opening,2,1.0,0.421875,0.12732122328893578,0.0,0.0,0.9999999999999999,0.25,0.0,9.91498015464527,0.0,0.2727721302907837,0.5940079381418921
confidence_threshold_shared_control,contact_mode_shift,contact_door_opening,3,1.0,0.515625,0.12691923979937403,0.0,0.0,0.9999999999999999,0.203125,0.0,9.914920248871589,0.0,0.30136677947601515,0.5940319004513632
confidence_threshold_shared_control,contact_mode_shift,contact_door_opening,4,1.0,0.53125,0.13019899561405318,0.0078125,0.0,0.9985156249999999,0.125,0.00140625,9.918272999811961,0.03125,0.29144911940088597,0.5941564250752168
confidence_threshold_shared_control,contact_mode_shift,contact_door_opening,5,1.0,0.46875,0.12751232134136753,0.0,0.0,0.9999999999999999,0.171875,0.0,9.915507361784137,0.0,0.2754479988065302,0.5937970552863447
confidence_threshold_shared_control,contact_mode_shift,contact_door_opening,6,1.0,0.4375,0.129400458828767,0.015625,0.0015625,0.9984375,0.1875,0.00140625,9.916238699573253,0.03125,0.27621729212502366,0.5949420201706987
confidence_threshold_shared_control,human_delay_shift,contact_door_opening,0,1.0,0.421875,0.25296941345857243,0.49479166666666663,0.04218750000000002,0.9317187499999996,0.03125,0.054843749999999976,10.07150886925264,1.21875,0.27806970154399374,0.5848152022989445
confidence_threshold_shared_control,human_delay_shift,contact_door_opening,1,0.953125,0.453125,0.25674006523118187,0.48046875,0.04218750000000001,0.9240624999999997,0.03125,0.060468749999999974,10.080441121205274,1.34375,0.31484257927513387,0.5864860515178906
confidence_threshold_shared_control,human_delay_shift,contact_door_opening,2,0.984375,0.421875,0.260495587247262,0.53515625,0.03906250000000001,0.9191406249999996,0.046875,0.06046874999999999,10.08015533587742,1.34375,0.28957682677149826,0.5848284906490322
confidence_threshold_shared_control,human_delay_shift,contact_door_opening,3,1.0,0.578125,0.2582451409735397,0.5299479166666666,0.04375000000000001,0.9268749999999994,0.015625,0.054843749999999976,10.069263585247429,1.21875,0.31255209458906114,0.5839695659010273
confidence_threshold_shared_control,human_delay_shift,contact_door_opening,4,0.984375,0.484375,0.26084114371330874,0.5364583333333333,0.048437500000000015,0.9206249999999997,0.015625,0.060468749999999974,10.081139404050084,1.34375,0.29004457062419653,0.5849692383799668
confidence_threshold_shared_control,human_delay_shift,contact_door_opening,5,1.0,0.59375,0.26024340905152227,0.5167782738095239,0.05312500000000002,0.9102343749999996,0.0625,0.06328124999999998,10.078733222123521,1.40625,0.3253221203853344,0.5861910861505932
confidence_threshold_shared_control,human_delay_shift,contact_door_opening,6,0.984375,0.53125,0.2592916728166407,0.56640625,0.04375000000000001,0.9147656249999996,0.046875,0.06398437499999998,10.086476227925132,1.421875,0.324023253149483,0.5857251338299456
confidence_threshold_shared_control,combined_authority_stress,contact_door_opening,0,0.015625,0.53125,0.1645294677231963,0.1640625,0.004687500000000001,0.975625,0.078125,0.02109375,10.0913868129359,0.46875,0.33996480835286913,0.5446702748256426
confidence_threshold_shared_control,combined_authority_stress,contact_door_opening,1,0.03125,0.453125,0.16561137796023384,0.15885416666666669,0.00625,0.974296875,0.125,0.021796875,10.092994180678692,0.484375,0.3139233760379597,0.5445492027285216
confidence_threshold_shared_control,combined_authority_stress,contact_door_opening,2,0.046875,0.65625,0.16037140864624194,0.109375,0.0015625,0.980546875,0.0625,0.016874999999999998,10.077867370102366,0.375,0.36328884984388,0.5458499269590543
confidence_threshold_shared_control,combined_authority_stress,contact_door_opening,3,0.0625,0.640625,0.1660380657405272,0.1953125,0.0078125,0.96671875,0.140625,0.029531250000000005,10.111263523485711,0.65625,0.3598866575598118,0.5455133406057153
confidence_threshold_shared_control,combined_authority_stress,contact_door_opening,4,0.078125,0.453125,0.164594561643188,0.10807291666666666,0.00625,0.9758593750000001,0.15625,0.017578125,10.076846450724902,0.390625,0.3136472299611041,0.545570794710039
confidence_threshold_shared_control,combined_authority_stress,contact_door_opening,5,0.0,0.5,0.16664624554934016,0.13541666666666666,0.0078125,0.98015625,0.046875,0.016171875,10.078566089287149,0.359375,0.3442048534866626,0.5444298142851398
confidence_threshold_shared_control,combined_authority_stress,contact_door_opening,6,0.0625,0.453125,0.15940044869677272,0.109375,0.003125,0.976015625,0.046875,0.020390625000000002,10.086174079618354,0.453125,0.30886326990971025,0.5458959931526589
confidence_threshold_shared_control,nominal_shared_autonomy,delayed_corridor_navigation,0,1.0,0.421875,0.024334432530066744,0.10416666666666667,0.0078125,0.9765624999999997,1.0,0.018984375,9.838554212885485,0.421875,0.24295128843634756,0.6431408148458068
confidence_threshold_shared_control,nominal_shared_autonomy,delayed_corridor_navigation,1,1.0,0.515625,0.02745128740309997,0.13802083333333331,0.00625,0.9718749999999996,1.0,0.021796875000000004,9.8431119835294,0.484375,0.26267870530890486,0.6436302065882398
confidence_threshold_shared_control,nominal_shared_autonomy,delayed_corridor_navigation,2,1.0,0.46875,0.025085206491775886,0.09375,0.0015625,0.9749999999999998,1.0,0.0196875,9.835632659968109,0.4375,0.24256431416006638,0.6447469360127547
confidence_threshold_shared_control,nominal_shared_autonomy,delayed_corridor_navigation,3,1.0,0.359375,0.021671870083497916,0.09375,0.009375,0.9812499999999997,1.0,0.015468749999999996,9.826767667637094,0.34375,0.22161308027294174,0.6445429329451619
confidence_threshold_shared_control,nominal_shared_autonomy,delayed_corridor_navigation,4,1.0,0.390625,0.02737703854948155,0.125,0.00625,0.9687499999999997,1.0,0.024609375000000003,9.848269996956763,0.546875,0.2311368686927943,0.644442001217296
confidence_threshold_shared_control,nominal_shared_autonomy,delayed_corridor_navigation,5,1.0,0.359375,0.01999096154723683,0.0546875,0.003125,0.9859374999999999,1.0,0.010546874999999999,9.815347373508532,0.234375,0.2323638516752175,0.6437985505965893
confidence_threshold_shared_control,nominal_shared_autonomy,delayed_corridor_navigation,6,1.0,0.4375,0.028860922417941845,0.13541666666666666,0.004687500000000001,0.9671874999999996,0.984375,0.023906250000000004,9.848575722479017,0.53125,0.24004126243837365,0.6427572110083919
confidence_threshold_shared_control,intent_ambiguity_shift,delayed_corridor_navigation,0,1.0,0.375,0.024779523031481572,0.15755208333333331,0.028125000000000008,0.9595312499999996,1.0,0.033046874999999996,9.944428702474328,0.734375,0.249968408358333,0.6146597690102689
confidence_threshold_shared_control,intent_ambiguity_shift,delayed_corridor_navigation,1,1.0,0.359375,0.024906806080596394,0.13671875,0.026562500000000003,0.9610156249999997,1.0,0.031640625,9.945219608303674,0.703125,0.25140706012184644,0.6128777816785308
confidence_threshold_shared_control,intent_ambiguity_shift,delayed_corridor_navigation,2,1.0,0.40625,0.02715438955081987,0.19010416666666666,0.02968750000000001,0.9548437499999997,1.0,0.034453125,9.949851600422084,0.765625,0.25939104490503023,0.6128031098311691
confidence_threshold_shared_control,intent_ambiguity_shift,delayed_corridor_navigation,3,0.984375,0.46875,0.03042710147004995,0.2109375,0.03750000000000001,0.9531249999999997,1.0,0.031640625,9.938667219565692,0.703125,0.2888500218590123,0.6126581121737223
confidence_threshold_shared_control,intent_ambiguity_shift,delayed_corridor_navigation,4,0.953125,0.5625,0.037660538239237526,0.178125,0.037500000000000006,0.9406249999999997,0.984375,0.044296874999999986,9.972924076120655,0.984375,0.300132575022126,0.6124553695517378
confidence_threshold_shared_control,intent_ambiguity_shift,delayed_corridor_navigation,5,1.0,0.359375,0.03262575742778597,0.18723958333333335,0.03125,0.9469531249999996,1.0,0.04007812500000001,9.962412640152444,0.890625,0.24238138101996276,0.6129380689390228
confidence_threshold_shared_control,intent_ambiguity_shift,delayed_corridor_navigation,6,1.0,0.390625,0.03588805515142584,0.20833333333333331,0.03125000000000001,0.9437499999999995,1.0,0.04359374999999998,9.9717739140366,0.96875,0.24948442896902315,0.61304043438536
confidence_threshold_shared_control,contact_mode_shift,delayed_corridor_navigation,0,1.0,0.5625,0.02267212003186314,0.04296875,0.003125,0.9787499999999999,0.984375,0.018984374999999998,9.97428924468492,0.421875,0.31205233263913884,0.589634302126032
confidence_threshold_shared_control,contact_mode_shift,delayed_corridor_navigation,1,1.0,0.5,0.03266238600071021,0.09895833333333333,0.017187499999999998,0.9646093749999999,1.0,0.026718750000000003,9.992304792480667,0.59375,0.29110457624073205,0.588337458007733
confidence_threshold_shared_control,contact_mode_shift,delayed_corridor_navigation,2,0.984375,0.6875,0.026751584624487085,0.05078125,0.0078125,0.9769531249999999,1.0,0.018984374999999998,9.976880425949306,0.421875,0.34981476003964157,0.5879509546202771
confidence_threshold_shared_control,contact_mode_shift,delayed_corridor_navigation,3,1.0,0.5,0.03216042362098504,0.08723958333333333,0.009375,0.9603124999999999,0.984375,0.03375000000000001,10.011278830131417,0.75,0.2925784803822413,0.5892009679474343
confidence_threshold_shared_control,contact_mode_shift,delayed_corridor_navigation,4,1.0,0.46875,0.03426643637115258,0.13541666666666669,0.017187499999999998,0.9614843749999998,1.0,0.031640625000000006,10.005930660309879,0.703125,0.28964432487265496,0.5887621108760498
confidence_threshold_shared_control,contact_mode_shift,delayed_corridor_navigation,5,0.984375,0.515625,0.02646863434499805,0.06640625,0.009375,0.968046875,1.0,0.02742187500000001,9.991691046084192,0.609375,0.3072941476940118,0.5908204565663226
confidence_threshold_shared_control,contact_mode_shift,delayed_corridor_navigation,6,1.0,0.5625,0.02896964770923479,0.07161458333333334,0.015625,0.9664062499999998,0.984375,0.026718750000000003,9.993975948019223,0.59375,0.32035230197011105,0.5883158707923102
confidence_threshold_shared_control,human_delay_shift,delayed_corridor_navigation,0,0.84375,0.625,0.3655029240449133,0.6122581845238095,0.35937499999999994,0.42984374999999997,0.203125,0.20742187499999978,10.173418734339599,4.609375,0.45671584168113705,0.5803762562641596
confidence_threshold_shared_control,human_delay_shift,delayed_corridor_navigation,1,0.875,0.734375,0.36608286003402285,0.553199404761905,0.36875,0.42687500000000006,0.140625,0.22148437499999976,10.219196179355912,4.921875,0.5077976230221455,0.5809965282576367
confidence_threshold_shared_control,human_delay_shift,delayed_corridor_navigation,2,0.890625,0.6875,0.3560661847108258,0.5581845238095239,0.365625,0.43937499999999996,0.140625,0.21515624999999977,10.206549829552177,4.78125,0.48161785900988624,0.581555068179129
confidence_threshold_shared_control,human_delay_shift,delayed_corridor_navigation,3,0.890625,0.671875,0.3612236956884093,0.5889322916666669,0.3531250000000001,0.44671874999999994,0.203125,0.21164062499999975,10.201104028024806,4.703125,0.4732788334128818,0.5813771387900777
confidence_threshold_shared_control,human_delay_shift,delayed_corridor_navigation,4,0.921875,0.703125,0.3640364214057764,0.6094122023809524,0.3640625,0.4328906250000001,0.140625,0.21515624999999977,10.200036163990575,4.78125,0.48114507438601023,0.5818261594037708
confidence_threshold_shared_control,human_delay_shift,delayed_corridor_navigation,5,0.953125,0.71875,0.3596670428665135,0.638374255952381,0.3421875000000001,0.4453124999999999,0.21875,0.21867187499999982,10.224479748351984,4.859375,0.4508149855539306,0.581520600659205
confidence_threshold_shared_control,human_delay_shift,delayed_corridor_navigation,6,0.890625,0.6875,0.3595816732881153,0.583798363095238,0.35625,0.43328125,0.21875,0.2200781249999998,10.219235451179518,4.890625,0.4853955228214646,0.5812870695281938
confidence_threshold_shared_control,combined_authority_stress,delayed_corridor_navigation,0,0.046875,0.609375,0.15912170088917973,0.2958891369047619,0.11562499999999992,0.7014062499999997,0.859375,0.19406249999999983,10.477106959662379,4.3125,0.4089722011681475,0.5376634661350491
confidence_threshold_shared_control,combined_authority_stress,delayed_corridor_navigation,1,0.109375,0.59375,0.1592772254500467,0.2969122023809524,0.13281249999999997,0.6627343750000001,0.9375,0.20601562499999979,10.478151980776587,4.578125,0.4104010147784013,0.5403235826893652
confidence_threshold_shared_control,combined_authority_stress,delayed_corridor_navigation,2,0.046875,0.671875,0.18732513458656,0.3327752976190476,0.13749999999999993,0.6593749999999998,0.796875,0.1954687499999998,10.450742415795856,4.34375,0.49711196323878654,0.5350780336816575
confidence_threshold_shared_control,combined_authority_stress,delayed_corridor_navigation,3,0.046875,0.65625,0.15206461751581876,0.272172619047619,0.11249999999999995,0.6915625,0.90625,0.19265624999999983,10.455115002375239,4.28125,0.45157935522204806,0.5409164990499056
confidence_threshold_shared_control,combined_authority_stress,delayed_corridor_navigation,4,0.125,0.71875,0.17031527829050933,0.31549479166666666,0.12343749999999998,0.6919531249999995,0.828125,0.1982812499999998,10.48894474718873,4.40625,0.4512259239700447,0.5355252261245085
confidence_threshold_shared_control,combined_authority_stress,delayed_corridor_navigation,5,0.0625,0.703125,0.16234564682994151,0.2904017857142857,0.13124999999999992,0.66703125,0.8125,0.2024999999999998,10.47237728608596,4.5,0.4708380195468522,0.5391803355656151
confidence_threshold_shared_control,combined_authority_stress,delayed_corridor_navigation,6,0.171875,0.703125,0.16922142458678058,0.2922991071428571,0.109375,0.68140625,0.84375,0.19195312499999984,10.454577386737101,4.265625,0.44135403423431246,0.5364752953051598
confidence_threshold_shared_control,nominal_shared_autonomy,tool_alignment,0,1.0,0.484375,0.001868245671905337,0.0078125,0.0,0.9968749999999998,1.0,0.002109375,9.767523896849449,0.046875,0.24304416830540018,0.6548654412602206
confidence_threshold_shared_control,nominal_shared_autonomy,tool_alignment,1,1.0,0.328125,0.0012087096590779416,0.015625,0.0,0.9984374999999999,1.0,0.000703125,9.764316823584661,0.015625,0.19990259620743173,0.6547107705661347
confidence_threshold_shared_control,nominal_shared_autonomy,tool_alignment,2,1.0,0.390625,0.0002297839158406367,0.0,0.0,0.9999999999999999,1.0,0.0,9.765682253470302,0.0,0.2069717624911209,0.6537270986118804
confidence_threshold_shared_control,nominal_shared_autonomy,tool_alignment,3,1.0,0.21875,0.0001114969139943696,0.0,0.0,0.9999999999999999,1.0,0.0,9.764002257759037,0.0,0.18827443413909034,0.6543990968963863
confidence_threshold_shared_control,nominal_shared_autonomy,tool_alignment,4,1.0,0.4375,0.0021237365681729616,0.0078125,0.0,0.9968749999999998,1.0,0.002109375,9.769626678457449,0.046875,0.22288209641784554,0.6540243286170195
confidence_threshold_shared_control,nominal_shared_autonomy,tool_alignment,5,1.0,0.34375,0.0010857718769046458,0.0078125,0.0,0.9984374999999999,1.0,0.00140625,9.76670356704787,0.03125,0.2260820886153215,0.6547560731808532
confidence_threshold_shared_control,nominal_shared_autonomy,tool_alignment,6,1.0,0.34375,0.0010868347159106206,0.015625,0.0,0.9984374999999999,1.0,0.000703125,9.760400018959576,0.015625,0.2093505786176535,0.6562774924161686
confidence_threshold_shared_control,intent_ambiguity_shift,tool_alignment,0,1.0,0.3125,0.0010602387750406667,0.0078125,0.0015625,0.9984374999999999,1.0,0.00140625,9.83522394470637,0.03125,0.21670255925262064,0.6273479221174529
confidence_threshold_shared_control,intent_ambiguity_shift,tool_alignment,1,1.0,0.390625,0.0,0.0,0.0,0.9999999999999999,1.0,0.0,9.833906191920956,0.0,0.23751401100120043,0.6264375232316164
confidence_threshold_shared_control,intent_ambiguity_shift,tool_alignment,2,1.0,0.34375,0.002346853970177646,0.0078125,0.0015625,0.996875,1.0,0.002109375,9.837874647074907,0.046875,0.22499667203941356,0.6267251411700376
confidence_threshold_shared_control,intent_ambiguity_shift,tool_alignment,3,1.0,0.453125,0.0012335279803699895,0.0078125,0.0015625,0.9984374999999999,1.0,0.00140625,9.834846529587093,0.03125,0.2525301585910321,0.6274988881651623
confidence_threshold_shared_control,intent_ambiguity_shift,tool_alignment,4,1.0,0.3125,0.0011227983865518946,0.0078125,0.0015625,0.9984374999999999,1.0,0.00140625,9.840921081877351,0.03125,0.22256000952325036,0.6250690672490603
confidence_threshold_shared_control,intent_ambiguity_shift,tool_alignment,5,1.0,0.359375,0.0011799445409499524,0.0078125,0.0015625,0.9984375,1.0,0.00140625,9.837321744448076,0.03125,0.21133023745774462,0.6265088022207699
confidence_threshold_shared_control,intent_ambiguity_shift,tool_alignment,6,1.0,0.3125,0.0009990451252085033,0.0078125,0.0015625,0.9984374999999999,1.0,0.00140625,9.834826004378412,0.03125,0.21440380493385677,0.6275070982486358
confidence_threshold_shared_control,contact_mode_shift,tool_alignment,0,1.0,0.421875,0.0026733951374815564,0.015625,0.0015625,0.9968749999999998,1.0,0.0028125,9.905196111439256,0.0625,0.2613649093465587,0.6007965554242963
confidence_threshold_shared_control,contact_mode_shift,tool_alignment,1,1.0,0.46875,0.0006785351249589661,0.0,0.0,0.9999999999999999,1.0,0.0,9.901162646553997,0.0,0.2672956999510456,0.5995349413784019
confidence_threshold_shared_control,contact_mode_shift,tool_alignment,2,0.984375,0.5,0.0004525668835267831,0.0,0.0,0.9999999999999999,1.0,0.0,9.897225004876336,0.0,0.28558005264242603,0.6011099980494656
confidence_threshold_shared_control,contact_mode_shift,tool_alignment,3,1.0,0.46875,0.001552309668758207,0.015625,0.0015625,0.9984374999999999,1.0,0.000703125,9.898469826596951,0.015625,0.2839922079912661,0.6010495693612207
confidence_threshold_shared_control,contact_mode_shift,tool_alignment,4,1.0,0.59375,0.0016157976202046211,0.0078125,0.0015625,0.9984374999999999,1.0,0.00140625,9.903575261865466,0.03125,0.30609546014250444,0.6000073952538127
confidence_threshold_shared_control,contact_mode_shift,tool_alignment,5,1.0,0.390625,0.0005552430971181167,0.0,0.0,0.9999999999999999,1.0,0.0,9.899613534992612,0.0,0.2636368803106317,0.6001545860029553
confidence_threshold_shared_control,contact_mode_shift,tool_alignment,6,1.0,0.453125,0.0015194426078295729,0.0078125,0.0,0.9984375,1.0,0.00140625,9.904825946521173,0.03125,0.2805173222201972,0.5995071213915323
confidence_threshold_shared_control,human_delay_shift,tool_alignment,0,0.984375,0.546875,0.108335748061467,0.35156250000000006,0.07968750000000001,0.8875781249999997,0.8125,0.07523437499999996,10.100397017491586,1.671875,0.32249453116704535,0.5863693180033671
confidence_threshold_shared_control,human_delay_shift,tool_alignment,1,0.984375,0.390625,0.10641969807951507,0.3385416666666667,0.07656250000000002,0.8892187499999995,0.765625,0.08156249999999995,10.12413621760116,1.8125,0.2960932662195071,0.5864642629595369
confidence_threshold_shared_control,human_delay_shift,tool_alignment,2,0.984375,0.515625,0.12549456697646566,0.378125,0.09531249999999997,0.8578124999999995,0.71875,0.09984374999999994,10.165261348406787,2.21875,0.3212789979494435,0.5847079606372866
confidence_threshold_shared_control,human_delay_shift,tool_alignment,3,0.984375,0.484375,0.11917629135914572,0.40156250000000004,0.0921875,0.8625781249999994,0.78125,0.09562499999999993,10.15061191792656,2.125,0.3177600593649778,0.5862833578293779
confidence_threshold_shared_control,human_delay_shift,tool_alignment,4,0.96875,0.578125,0.1234292991260299,0.37499999999999994,0.08124999999999998,0.8548437499999998,0.6875,0.09773437499999993,10.151640839132146,2.171875,0.3360102590722257,0.5860874143471444
confidence_threshold_shared_control,human_delay_shift,tool_alignment,5,0.984375,0.453125,0.1064593810823658,0.35781250000000003,0.07968750000000002,0.8830468749999997,0.75,0.08296874999999995,10.121338321637987,1.84375,0.29511676914409335,0.5873615463448064
confidence_threshold_shared_control,human_delay_shift,tool_alignment,6,0.96875,0.515625,0.11639056449684156,0.3765625,0.09218749999999998,0.8690624999999996,0.765625,0.10054687499999994,10.174925556760112,2.234375,0.3165173990464336,0.5858922772959552
confidence_threshold_shared_control,combined_authority_stress,tool_alignment,0,0.03125,0.640625,0.03423018971267161,0.13906249999999998,0.029687500000000002,0.9460937499999998,1.0,0.041484375,10.12472320929141,0.921875,0.3595219492670318,0.5497044662834357
confidence_threshold_shared_control,combined_authority_stress,tool_alignment,1,0.0625,0.5,0.03872710734582393,0.16536458333333331,0.028125000000000004,0.9399218749999998,0.984375,0.044296875,10.1309120432758,0.984375,0.35231639152485283,0.5490070576896804
confidence_threshold_shared_control,combined_authority_stress,tool_alignment,2,0.09375,0.515625,0.01769965477441391,0.0859375,0.012499999999999999,0.9709374999999999,1.0,0.026718750000000006,10.094820941401927,0.59375,0.3263967018148354,0.5496091234392279
confidence_threshold_shared_control,combined_authority_stress,tool_alignment,3,0.15625,0.5625,0.01859261508832439,0.05859375,0.012499999999999999,0.9634375000000001,1.0,0.032343750000000004,10.105082986797768,0.71875,0.330084784088939,0.5508043052808931
confidence_threshold_shared_control,combined_authority_stress,tool_alignment,4,0.0625,0.578125,0.017092755043729937,0.08333333333333333,0.012499999999999999,0.966484375,1.0,0.028125000000000004,10.09377167528086,0.625,0.3369603373372697,0.5504257048876563
confidence_threshold_shared_control,combined_authority_stress,tool_alignment,5,0.046875,0.640625,0.02866683135654124,0.16145833333333331,0.021875000000000002,0.9628124999999997,1.0,0.027421875000000005,10.09445205661137,0.609375,0.3795476668139457,0.5478316773554526
confidence_threshold_shared_control,combined_authority_stress,tool_alignment,6,0.109375,0.5,0.034722475990536086,0.15494791666666666,0.02656250000000001,0.9520312499999998,1.0,0.037265625000000004,10.119605066525773,0.828125,0.3271059416479925,0.5478892233896921
bayesian_authority_allocation,nominal_shared_autonomy,fragile_reaching,0,1.0,0.34375,0.0017387040826287875,0.0078125,0.0,0.9777343750000002,1.0,0.01546875,9.688887085337898,0.34375,0.18764677718068945,0.6984295408648405
bayesian_authority_allocation,nominal_shared_autonomy,fragile_reaching,1,1.0,0.3125,0.0015273890647876443,0.015625,0.0,0.9836718750000001,1.0,0.014062499999999997,9.692391634355456,0.3125,0.17664002255111264,0.6971652212578184
bayesian_authority_allocation,nominal_shared_autonomy,fragile_reaching,2,0.984375,0.359375,0.0022841525718464576,0.0078125,0.0,0.9717968750000002,1.0,0.022500000000000003,9.707607424549847,0.5,0.19672073681705687,0.6988039051800621
bayesian_authority_allocation,nominal_shared_autonomy,fragile_reaching,3,1.0,0.265625,0.0019702241111649067,0.0078125,0.0,0.9777343750000002,1.0,0.016874999999999998,9.692544897341218,0.375,0.16471225057169767,0.6989664160635128
bayesian_authority_allocation,nominal_shared_autonomy,fragile_reaching,4,1.0,0.3125,0.0019580157108281732,0.0078125,0.0,0.9747656250000002,1.0,0.0196875,9.703744763557104,0.4375,0.17318969442732296,0.6974177195771568
bayesian_authority_allocation,nominal_shared_autonomy,fragile_reaching,5,1.0,0.375,0.0017507305967053284,0.0078125,0.0,0.9747656250000001,1.0,0.018984375,9.698660489002512,0.421875,0.19658964515280605,0.698451429398994
bayesian_authority_allocation,nominal_shared_autonomy,fragile_reaching,6,1.0,0.375,0.002134902286008838,0.0078125,0.0,0.9747656250000001,1.0,0.020390625000000002,9.706211998103981,0.453125,0.18757751013538052,0.6974308257584069
bayesian_authority_allocation,intent_ambiguity_shift,fragile_reaching,0,1.0,0.5,0.0002583764671522954,0.0078125,0.0,0.9985156249999999,1.0,0.00140625,9.728444477710443,0.03125,0.22136632534054584,0.6700878339158226
bayesian_authority_allocation,intent_ambiguity_shift,fragile_reaching,1,1.0,0.453125,0.0,0.0,0.0,0.9999999999999999,1.0,0.0,9.727843303889957,0.0,0.2267491301833091,0.6688626784440174
bayesian_authority_allocation,intent_ambiguity_shift,fragile_reaching,2,1.0,0.46875,0.0,0.0,0.0,0.9999999999999999,1.0,0.0,9.723330532565845,0.0,0.2118496019105156,0.6706677869736625
bayesian_authority_allocation,intent_ambiguity_shift,fragile_reaching,3,0.984375,0.5,0.0,0.0,0.0,0.9999999999999999,1.0,0.0,9.72555856622981,0.0,0.24372263067738892,0.6697765735080771
bayesian_authority_allocation,intent_ambiguity_shift,fragile_reaching,4,1.0,0.390625,0.0001446603806679169,0.0,0.0,0.9985156249999999,1.0,0.00140625,9.729874028305275,0.03125,0.20301384316884052,0.6695160136778927
bayesian_authority_allocation,intent_ambiguity_shift,fragile_reaching,5,1.0,0.390625,0.00036388650812182733,0.0078125,0.0,0.9970312499999999,1.0,0.0028125,9.732863716459429,0.0625,0.20737458659146663,0.6697857634162296
bayesian_authority_allocation,intent_ambiguity_shift,fragile_reaching,6,1.0,0.28125,0.0002901567189675231,0.0,0.0,0.9970312499999999,1.0,0.0028125,9.734606730982994,0.0625,0.18499653288911116,0.6690885576068015
bayesian_authority_allocation,contact_mode_shift,fragile_reaching,0,1.0,0.578125,0.002075906462902759,0.0078125,0.0,0.9703125000000001,1.0,0.024609375000000003,9.844877369263397,0.546875,0.2848451283857095,0.6463615522946414
bayesian_authority_allocation,contact_mode_shift,fragile_reaching,1,1.0,0.46875,0.0019192017889436636,0.0,0.0,0.9703125000000001,1.0,0.024609375000000006,9.847677135053166,0.546875,0.25605885442715737,0.6452416459787332
bayesian_authority_allocation,contact_mode_shift,fragile_reaching,2,1.0,0.609375,0.002358865742035056,0.0078125,0.0,0.9643750000000002,1.0,0.028125,9.850775418367954,0.625,0.29434802763323836,0.6468648326528186
bayesian_authority_allocation,contact_mode_shift,fragile_reaching,3,1.0,0.484375,0.0014238162823910928,0.00390625,0.0,0.9821875000000001,1.0,0.014062499999999999,9.820594446517383,0.3125,0.25425089847309185,0.6453497213930466
bayesian_authority_allocation,contact_mode_shift,fragile_reaching,4,1.0,0.578125,0.0013018936957736903,0.0078125,0.0,0.980703125,1.0,0.012656249999999999,9.814614274519057,0.28125,0.26576192636944834,0.6452074151923779
bayesian_authority_allocation,contact_mode_shift,fragile_reaching,5,1.0,0.375,0.0023047487410954547,0.0,0.0,0.9688281250000002,1.0,0.026718750000000003,9.850801699613182,0.59375,0.23273660175723904,0.6464574451547269
bayesian_authority_allocation,contact_mode_shift,fragile_reaching,6,1.0,0.46875,0.001958100403009938,0.0,0.0,0.9703125000000001,1.0,0.025312500000000005,9.846133942332074,0.5625,0.24174191860028652,0.6468589230671706
bayesian_authority_allocation,human_delay_shift,fragile_reaching,0,1.0,0.546875,0.008518842221770425,0.0,0.0,0.7402343750000003,1.0,0.12796874999999988,9.974642713785586,2.84375,0.27080566765073144,0.6586272894857651
bayesian_authority_allocation,human_delay_shift,fragile_reaching,1,1.0,0.453125,0.009538116559457856,0.0,0.0,0.7461718750000004,1.0,0.1385156249999999,10.018789840103313,3.078125,0.24368231743359992,0.6581059389586745
bayesian_authority_allocation,human_delay_shift,fragile_reaching,2,1.0,0.46875,0.008974072860427021,0.0,0.0,0.7491406250000001,1.0,0.12374999999999989,9.968191137963544,2.75,0.25794460977581857,0.6584141698145825
bayesian_authority_allocation,human_delay_shift,fragile_reaching,3,1.0,0.4375,0.010137322874639268,0.0,0.0,0.7461718750000002,1.0,0.13007812499999988,9.990429150666497,2.890625,0.25862619870491554,0.657450214733402
bayesian_authority_allocation,human_delay_shift,fragile_reaching,4,1.0,0.578125,0.009846929090928384,0.0,0.0,0.7610156250000002,1.0,0.12234374999999992,9.977972774473992,2.71875,0.28229931273152487,0.6567765152104044
bayesian_authority_allocation,human_delay_shift,fragile_reaching,5,1.0,0.46875,0.00919942121994678,0.0,0.0,0.7491406250000003,1.0,0.13289062499999987,10.004822456341833,2.953125,0.25066564638240535,0.6567616424632677
bayesian_authority_allocation,human_delay_shift,fragile_reaching,6,0.984375,0.390625,0.009304294067651177,0.0,0.0,0.7521093750000001,1.0,0.12726562499999988,9.985062532859502,2.828125,0.2401914850840488,0.6577343618562003
bayesian_authority_allocation,combined_authority_stress,fragile_reaching,0,0.984375,0.53125,0.002318677401513993,0.0,0.0,0.9421093750000002,1.0,0.04148437499999999,9.995958983199221,0.921875,0.32007786812950534,0.5997757817203123
bayesian_authority_allocation,combined_authority_stress,fragile_reaching,1,1.0,0.703125,0.00199689165721018,0.0,0.0,0.9554687500000002,1.0,0.03375000000000001,9.979801505583342,0.75,0.34469418394321516,0.6000481477666639
bayesian_authority_allocation,combined_authority_stress,fragile_reaching,2,0.984375,0.53125,0.0013350735775886728,0.0,0.0,0.9658593750000002,1.0,0.031640625000000006,9.985270435309143,0.703125,0.30324246245886866,0.5986012008763442
bayesian_authority_allocation,combined_authority_stress,fragile_reaching,3,1.0,0.734375,0.0014446057374406965,0.0,0.0,0.9628906250000002,1.0,0.028125,9.970485897666256,0.625,0.34491480753556053,0.5984462659334979
bayesian_authority_allocation,combined_authority_stress,fragile_reaching,4,1.0,0.421875,0.0012016947490533871,0.0,0.0,0.9673437500000002,1.0,0.030234375000000004,9.984015884282176,0.671875,0.25330740354339903,0.5976373962871304
bayesian_authority_allocation,combined_authority_stress,fragile_reaching,5,0.984375,0.578125,0.002390022967436225,0.0,0.0,0.9539843750000003,1.0,0.03375,9.980428541833902,0.75,0.3019632630938144,0.5992629582664406
bayesian_authority_allocation,combined_authority_stress,fragile_reaching,6,0.953125,0.546875,0.0020596187149802777,0.0,0.0,0.9628906250000001,1.0,0.028125000000000004,9.972257710367192,0.625,0.32609697905856955,0.5977375408531255
bayesian_authority_allocation,nominal_shared_autonomy,contact_door_opening,0,1.0,0.390625,0.01902058406667056,0.1421875,0.0,0.2281250000000001,1.0,0.10054687499999992,9.18707178004685,2.234375,0.21105678417039922,0.7502962879812605
bayesian_authority_allocation,nominal_shared_autonomy,contact_door_opening,1,1.0,0.375,0.021138244788441334,0.09453125000000002,0.0,0.24742187500000012,1.0,0.10828124999999991,9.23788767598242,2.40625,0.21269921125580815,0.7479168046070321
bayesian_authority_allocation,nominal_shared_autonomy,contact_door_opening,2,1.0,0.484375,0.021238149426635967,0.12630208333333331,0.0,0.24445312500000013,1.0,0.10054687499999992,9.208950275433708,2.234375,0.24513546983889253,0.7474230148265166
bayesian_authority_allocation,nominal_shared_autonomy,contact_door_opening,3,1.0,0.359375,0.023879458631439428,0.10546874999999999,0.0,0.26968750000000014,1.0,0.11601562499999993,9.294580768294464,2.578125,0.205872973286367,0.7442551926822146
bayesian_authority_allocation,nominal_shared_autonomy,contact_door_opening,4,1.0,0.484375,0.021487594953687128,0.10825892857142858,0.0,0.2518750000000001,1.0,0.10476562499999995,9.23090001849173,2.328125,0.2352782375356905,0.7473149926033077
bayesian_authority_allocation,nominal_shared_autonomy,contact_door_opening,5,1.0,0.40625,0.02338823561628211,0.15937500000000002,0.0,0.26523437499999997,1.0,0.11320312499999992,9.279235315252294,2.515625,0.2238880714510491,0.7447902488990823
bayesian_authority_allocation,nominal_shared_autonomy,contact_door_opening,6,1.0,0.46875,0.02163621260027265,0.11041666666666666,0.0,0.25187500000000007,1.0,0.10687499999999991,9.238580438825462,2.375,0.24323284043736806,0.7472428244698147
bayesian_authority_allocation,intent_ambiguity_shift,contact_door_opening,0,1.0,0.53125,0.03727917698104931,0.019270833333333334,0.0,0.6704687500000002,1.0,0.15749999999999986,10.020787343457611,3.5,0.27222457288508817,0.6570538126169554
bayesian_authority_allocation,intent_ambiguity_shift,contact_door_opening,1,1.0,0.421875,0.03828182964094217,0.01171875,0.0,0.68828125,1.0,0.15046874999999987,10.01806124385008,3.34375,0.24934034789807177,0.6545567524599674
bayesian_authority_allocation,intent_ambiguity_shift,contact_door_opening,2,1.0,0.40625,0.04022484063080988,0.0078125,0.0,0.7120312500000003,1.0,0.14343749999999988,10.020733900359225,3.1875,0.2509807851881189,0.6520376898563095
bayesian_authority_allocation,intent_ambiguity_shift,contact_door_opening,3,1.0,0.515625,0.036840412167793504,0.01171875,0.0,0.6867968749999999,1.0,0.15187499999999987,10.019373486562333,3.375,0.2563994271617999,0.6554974803750659
bayesian_authority_allocation,intent_ambiguity_shift,contact_door_opening,4,0.984375,0.40625,0.03535596702390551,0.004836309523809524,0.0,0.6734375000000001,1.0,0.1420312499999999,9.970462387934019,3.15625,0.24554787522410673,0.6562525448263936
bayesian_authority_allocation,intent_ambiguity_shift,contact_door_opening,5,1.0,0.375,0.03601769422061303,0.009114583333333332,0.0,0.660078125,1.0,0.14273437499999989,9.953207802758616,3.171875,0.2336367127454539,0.6593450038965545
bayesian_authority_allocation,intent_ambiguity_shift,contact_door_opening,6,1.0,0.34375,0.03570811359586462,0.0,0.0,0.6600781250000001,1.0,0.14554687499999988,9.965362230538139,3.234375,0.22180640551203581,0.6584832327847455
bayesian_authority_allocation,contact_mode_shift,contact_door_opening,0,1.0,0.609375,0.024574519605674718,0.18776041666666668,0.0,0.25632812500000013,1.0,0.11109374999999992,9.403906709379605,2.46875,0.30019263982969,0.6887154412481573
bayesian_authority_allocation,contact_mode_shift,contact_door_opening,1,1.0,0.40625,0.023260600870512665,0.1171875,0.0,0.24742187500000012,1.0,0.10898437499999993,9.383645625140954,2.421875,0.2627344230687067,0.6906136249436177
bayesian_authority_allocation,contact_mode_shift,contact_door_opening,2,1.0,0.546875,0.027936890842878766,0.1154017857142857,0.0,0.2964062500000001,1.0,0.1272656249999999,9.504932492036314,2.828125,0.29027067789404815,0.6857332531854748
bayesian_authority_allocation,contact_mode_shift,contact_door_opening,3,1.0,0.5625,0.018008372170079306,0.12031249999999999,0.0,0.20882812500000006,1.0,0.08718749999999995,9.257863666376911,1.9375,0.2897001151705807,0.6960326584492362
bayesian_authority_allocation,contact_mode_shift,contact_door_opening,4,1.0,0.625,0.02089392123268493,0.11785714285714285,0.0,0.24000000000000007,1.0,0.10546874999999993,9.357173439210163,2.34375,0.31785094259900043,0.6935306243159363
bayesian_authority_allocation,contact_mode_shift,contact_door_opening,5,0.984375,0.46875,0.022301264097226905,0.1578125,0.0,0.24296875000000015,1.0,0.09703124999999993,9.3341956205308,2.15625,0.2879595743882104,0.6917905017876802
bayesian_authority_allocation,contact_mode_shift,contact_door_opening,6,1.0,0.390625,0.022890838876971596,0.11249999999999999,0.0,0.25632812500000013,1.0,0.10546874999999992,9.384359372206147,2.34375,0.24323931364205983,0.6885343761175424
bayesian_authority_allocation,human_delay_shift,contact_door_opening,0,1.0,0.515625,0.0037539636936520402,0.041666666666666664,0.0,0.06929687499999994,1.0,0.010546874999999999,8.77517806359276,0.234375,0.2536100137088713,0.7298756495628954
bayesian_authority_allocation,human_delay_shift,contact_door_opening,1,1.0,0.453125,0.0021926445246114945,0.0625,0.0,0.061874999999999944,1.0,0.0084375,8.755632313531828,0.1875,0.23290674534782188,0.7320220745872698
bayesian_authority_allocation,human_delay_shift,contact_door_opening,2,1.0,0.453125,0.0034889690019346995,0.0390625,0.0,0.06632812499999996,1.0,0.010546875,8.76864061472819,0.234375,0.259010514921331,0.7314218791087246
bayesian_authority_allocation,human_delay_shift,contact_door_opening,3,1.0,0.390625,0.0031956595403863372,0.08854166666666667,0.0,0.06632812499999995,1.0,0.014062499999999999,8.780856433000059,0.3125,0.23046681108397657,0.7315355517999766
bayesian_authority_allocation,human_delay_shift,contact_door_opening,4,1.0,0.359375,0.00669008698961788,0.06770833333333334,0.0,0.08117187499999994,1.0,0.016875,8.806213494766535,0.375,0.23424353956146435,0.7307364770933862
bayesian_authority_allocation,human_delay_shift,contact_door_opening,5,1.0,0.515625,0.004349595029825678,0.08333333333333333,0.0,0.07078124999999993,1.0,0.016171874999999995,8.793903530801801,0.359375,0.25253583697104864,0.7309198376792803
bayesian_authority_allocation,human_delay_shift,contact_door_opening,6,1.0,0.609375,0.004793115707870288,0.0703125,0.0,0.07374999999999994,1.0,0.016874999999999998,8.801795265727819,0.375,0.2888796598333842,0.729831893708873
bayesian_authority_allocation,combined_authority_stress,contact_door_opening,0,0.984375,0.578125,0.024108739141018704,0.24427083333333335,0.0,0.21476562500000013,1.0,0.08437499999999996,9.372899637885732,1.875,0.3339117565621139,0.6481557698457082
bayesian_authority_allocation,combined_authority_stress,contact_door_opening,1,1.0,0.546875,0.021697891051207514,0.30208333333333337,0.0,0.1969531250000001,1.0,0.08437499999999995,9.350735146775424,1.875,0.3191161756642449,0.6506090662898308
bayesian_authority_allocation,combined_authority_stress,contact_door_opening,2,1.0,0.53125,0.018866018427996224,0.22656250000000003,0.0,0.17765625000000007,1.0,0.07945312499999996,9.313119058100888,1.765625,0.32718070263398186,0.6517086267596448
bayesian_authority_allocation,combined_authority_stress,contact_door_opening,3,0.96875,0.53125,0.02130906815217162,0.27005208333333336,0.0,0.19101562500000005,1.0,0.08156249999999995,9.331088044816676,1.8125,0.3378872109776259,0.6523304070733298
bayesian_authority_allocation,combined_authority_stress,contact_door_opening,4,0.984375,0.5625,0.021733855548527078,0.27883184523809523,0.0,0.19843750000000004,1.0,0.09210937499999994,9.381563411981812,2.046875,0.3294440566064203,0.6498121352072751
bayesian_authority_allocation,combined_authority_stress,contact_door_opening,5,0.984375,0.546875,0.019731118211737786,0.2822916666666667,0.0,0.18210937500000007,1.0,0.08015624999999996,9.317061936270179,1.78125,0.3200589869884918,0.6527346004919278
bayesian_authority_allocation,combined_authority_stress,contact_door_opening,6,0.953125,0.53125,0.020113289112950447,0.2621651785714285,0.0,0.1895312500000001,1.0,0.08578124999999993,9.347328271617442,1.90625,0.32432167101329196,0.6512999413530233
bayesian_authority_allocation,nominal_shared_autonomy,delayed_corridor_navigation,0,1.0,0.4375,0.009044271233194302,0.0,0.0,0.7862500000000003,1.0,0.10687499999999993,9.92860962632494,2.375,0.23848296093715063,0.6636061494700243
bayesian_authority_allocation,nominal_shared_autonomy,delayed_corridor_navigation,1,1.0,0.390625,0.007705354753610838,0.0,0.0,0.7803125000000006,1.0,0.12093749999999989,9.96895170069705,2.6875,0.22947810008711278,0.6653318197211808
bayesian_authority_allocation,nominal_shared_autonomy,delayed_corridor_navigation,2,1.0,0.484375,0.008459674319538648,0.0,0.0,0.7535937500000005,1.0,0.1371093749999999,9.997525747819317,3.046875,0.2551059640776686,0.6672834508722725
bayesian_authority_allocation,nominal_shared_autonomy,delayed_corridor_navigation,3,1.0,0.421875,0.00842812483350092,0.0,0.0,0.7907031250000006,1.0,0.1124999999999999,9.95101649876791,2.5,0.23349609041368805,0.6642465254928367
bayesian_authority_allocation,nominal_shared_autonomy,delayed_corridor_navigation,4,1.0,0.453125,0.007950581510397453,0.0,0.0,0.7550781250000005,1.0,0.1357031249999999,9.991981062613437,3.015625,0.24315152801923573,0.6680356999546271
bayesian_authority_allocation,nominal_shared_autonomy,delayed_corridor_navigation,5,1.0,0.359375,0.007990966551421624,0.0,0.0,0.8040625000000002,1.0,0.11179687499999992,9.96222795110561,2.484375,0.22365406026305285,0.6635713195577566
bayesian_authority_allocation,nominal_shared_autonomy,delayed_corridor_navigation,6,1.0,0.390625,0.009583269318391697,0.0,0.0,0.7788281250000005,1.0,0.11249999999999992,9.940020560260987,2.5,0.22548275723669456,0.6643699008956048
bayesian_authority_allocation,intent_ambiguity_shift,delayed_corridor_navigation,0,1.0,0.46875,0.0015381501689639627,0.0,0.0,0.9688281250000002,1.0,0.024609375000000003,9.914837587912043,0.546875,0.27513057873083635,0.617843089835182
bayesian_authority_allocation,intent_ambiguity_shift,delayed_corridor_navigation,1,1.0,0.5,0.0017313906755599565,0.0,0.0,0.9599218750000003,1.0,0.031640625,9.93063703111918,0.703125,0.265739104866955,0.6183170625523291
bayesian_authority_allocation,intent_ambiguity_shift,delayed_corridor_navigation,2,1.0,0.421875,0.0014452428113136033,0.0,0.0,0.9688281250000002,1.0,0.026015625000000007,9.920627618017186,0.578125,0.24806346197004225,0.6175270777931255
bayesian_authority_allocation,intent_ambiguity_shift,delayed_corridor_navigation,3,1.0,0.40625,0.001693482348629042,0.0,0.0,0.9643750000000001,1.0,0.027421875000000005,9.9210331317068,0.609375,0.24474649955765693,0.6177617473172798
bayesian_authority_allocation,intent_ambiguity_shift,delayed_corridor_navigation,4,1.0,0.4375,0.0010040167069661897,0.0,0.0,0.9762500000000001,1.0,0.016874999999999998,9.895923013653503,0.375,0.271293964465011,0.6170807945385993
bayesian_authority_allocation,intent_ambiguity_shift,delayed_corridor_navigation,5,1.0,0.484375,0.0013772210171467893,0.0,0.0,0.977734375,1.0,0.016171875,9.892614518288218,0.359375,0.27008458613990166,0.6179385676847127
bayesian_authority_allocation,intent_ambiguity_shift,delayed_corridor_navigation,6,1.0,0.453125,0.0019797324082138066,0.0,0.0,0.9703125000000001,1.0,0.02671875,9.926705423203174,0.59375,0.28086640299319465,0.6166303307187305
bayesian_authority_allocation,contact_mode_shift,delayed_corridor_navigation,0,1.0,0.5,0.010878702114786374,0.0,0.0,0.7625000000000004,1.0,0.1279687499999999,10.116318798881192,2.84375,0.2937810018953822,0.6099724804475235
bayesian_authority_allocation,contact_mode_shift,delayed_corridor_navigation,1,1.0,0.578125,0.012127406870493839,0.0,0.0,0.7743750000000004,1.0,0.12023437499999991,10.099223747883054,2.671875,0.3171813494457494,0.6100855008467794
bayesian_authority_allocation,contact_mode_shift,delayed_corridor_navigation,2,1.0,0.578125,0.010345566387392905,0.0,0.0,0.7328125000000002,1.0,0.14484374999999985,10.138904998439394,3.21875,0.3267175175452709,0.6142505006242444
bayesian_authority_allocation,contact_mode_shift,delayed_corridor_navigation,3,1.0,0.5625,0.011083142301530962,0.0,0.0,0.7639843750000003,1.0,0.11742187499999994,10.078251851768451,2.609375,0.3225018585095332,0.6107336342926191
bayesian_authority_allocation,contact_mode_shift,delayed_corridor_navigation,4,0.984375,0.609375,0.010967074330674433,0.0,0.0,0.7877343750000003,1.0,0.12304687499999992,10.125390880078555,2.734375,0.342340779153369,0.6084280229685788
bayesian_authority_allocation,contact_mode_shift,delayed_corridor_navigation,5,0.984375,0.5625,0.010026273992982778,0.0,0.0,0.7981250000000004,1.0,0.11531249999999993,10.110141746474211,2.5625,0.31429660861779096,0.6072683014103164
bayesian_authority_allocation,contact_mode_shift,delayed_corridor_navigation,6,1.0,0.515625,0.011410720478256376,0.0,0.0,0.7743750000000005,1.0,0.1237499999999999,10.109852822451707,2.75,0.3024613523867754,0.610833871019318
bayesian_authority_allocation,human_delay_shift,delayed_corridor_navigation,0,1.0,0.421875,0.02364311163026319,0.06953125000000002,0.0,0.30234375,1.0,0.1258593749999999,9.560697446164687,2.796875,0.28210434605506407,0.6635647715341257
bayesian_authority_allocation,human_delay_shift,delayed_corridor_navigation,1,1.0,0.6875,0.02028069528195525,0.07473958333333333,0.0,0.2592968750000001,1.0,0.1124999999999999,9.46486921638155,2.5,0.3215570904059157,0.6673991884473792
bayesian_authority_allocation,human_delay_shift,delayed_corridor_navigation,2,1.0,0.5,0.01927064231167009,0.0652529761904762,0.0,0.2607812500000001,1.0,0.11109374999999992,9.45894397670493,2.46875,0.28434260998092603,0.6683036593180286
bayesian_authority_allocation,human_delay_shift,delayed_corridor_navigation,3,1.0,0.4375,0.02517549842728354,0.10065104166666666,0.0,0.31273437500000006,1.0,0.12445312499999991,9.570076599435831,2.765625,0.27524890412390285,0.6615537352256685
bayesian_authority_allocation,human_delay_shift,delayed_corridor_navigation,4,1.0,0.5,0.0206198538182199,0.0925967261904762,0.0,0.2696875,1.0,0.11601562499999993,9.489174419251338,2.578125,0.2688871590972068,0.6664177322994645
bayesian_authority_allocation,human_delay_shift,delayed_corridor_navigation,5,1.0,0.453125,0.022003789450321908,0.06015625,0.0,0.288984375,1.0,0.12445312499999991,9.540665919719018,2.765625,0.27360304190424467,0.6647680071123936
bayesian_authority_allocation,human_delay_shift,delayed_corridor_navigation,6,0.984375,0.34375,0.019848682416037038,0.05651041666666667,0.0,0.26078125,1.0,0.10968749999999992,9.457906449296818,2.4375,0.2540226210573447,0.6667186702812736
bayesian_authority_allocation,combined_authority_stress,delayed_corridor_navigation,0,0.65625,0.578125,0.02481687445170164,0.005208333333333333,0.0,0.7105468750000002,1.0,0.14695312499999988,10.240642256384975,3.265625,0.3396622084523675,0.5685399724460114
bayesian_authority_allocation,combined_authority_stress,delayed_corridor_navigation,1,0.71875,0.640625,0.02505294014750219,0.0,0.0,0.7164843749999998,1.0,0.1413281249999999,10.22893690649174,3.140625,0.3708850593081201,0.567359612403305
bayesian_authority_allocation,combined_authority_stress,delayed_corridor_navigation,2,0.75,0.5625,0.02218390991569294,0.0,0.0,0.68234375,1.0,0.15046874999999987,10.223825502333852,3.34375,0.3335236514938568,0.5701135490664606
bayesian_authority_allocation,combined_authority_stress,delayed_corridor_navigation,3,0.640625,0.65625,0.025008555776031696,0.0026041666666666665,0.0,0.7105468750000002,1.0,0.14273437499999989,10.225211721430165,3.171875,0.3768124010869895,0.5687121864279338
bayesian_authority_allocation,combined_authority_stress,delayed_corridor_navigation,4,0.734375,0.53125,0.021155416080488453,0.0,0.0,0.65265625,1.0,0.1455468749999999,10.172020564454565,3.234375,0.32796338744965303,0.5731480242181743
bayesian_authority_allocation,combined_authority_stress,delayed_corridor_navigation,5,0.59375,0.609375,0.022976067252359664,0.005208333333333333,0.0,0.6986718749999999,1.0,0.15679687499999986,10.261545561252918,3.484375,0.3931831236291118,0.5699036504988312
bayesian_authority_allocation,combined_authority_stress,delayed_corridor_navigation,6,0.78125,0.609375,0.021892898641365163,0.0,0.0,0.6749218750000002,1.0,0.14695312499999988,10.19902002562078,3.265625,0.3584082714027473,0.5723638647516891
bayesian_authority_allocation,nominal_shared_autonomy,tool_alignment,0,1.0,0.390625,0.001453518399026593,0.0,0.0,0.9658593750000002,1.0,0.028125000000000004,9.826915033237464,0.625,0.21466457056743324,0.6569433617050158
bayesian_authority_allocation,nominal_shared_autonomy,tool_alignment,1,1.0,0.453125,0.0011358583350105055,0.0,0.0,0.9658593750000002,1.0,0.028125000000000004,9.826403317281322,0.625,0.2168467234215128,0.6571480480874724
bayesian_authority_allocation,nominal_shared_autonomy,tool_alignment,2,1.0,0.328125,0.0009747532952446462,0.0,0.0,0.9792187500000001,1.0,0.01828125,9.803030172545034,0.40625,0.2043694734158549,0.6573066809819864
bayesian_authority_allocation,nominal_shared_autonomy,tool_alignment,3,1.0,0.453125,0.0014062276484112569,0.0,0.0,0.9614062500000002,1.0,0.033749999999999995,9.842604512343103,0.75,0.22266250072034632,0.6570644450627593
bayesian_authority_allocation,nominal_shared_autonomy,tool_alignment,4,1.0,0.3125,0.001695385100538999,0.0,0.0,0.9658593750000002,1.0,0.0253125,9.818452516053547,0.5625,0.19456486143962942,0.6563283685785806
bayesian_authority_allocation,nominal_shared_autonomy,tool_alignment,5,1.0,0.34375,0.0023108857920667654,0.0,0.0,0.9599218750000003,1.0,0.029531250000000002,9.82489309479922,0.65625,0.20690761094494942,0.6576146370803125
bayesian_authority_allocation,nominal_shared_autonomy,tool_alignment,6,1.0,0.34375,0.001906565633687421,0.0,0.0,0.9658593750000003,1.0,0.028125,9.8264357104394,0.625,0.20351692277020955,0.6571350908242412
bayesian_authority_allocation,intent_ambiguity_shift,tool_alignment,0,1.0,0.4375,0.00019223863170738878,0.0,0.0,0.9985156249999999,1.0,0.000703125,9.83306793701009,0.015625,0.23820499532679146,0.6272384501959648
bayesian_authority_allocation,intent_ambiguity_shift,tool_alignment,1,1.0,0.453125,0.00013953004268074838,0.0,0.0,0.9985156249999999,1.0,0.00140625,9.837609485729713,0.03125,0.24115556802220156,0.626421830708116
bayesian_authority_allocation,intent_ambiguity_shift,tool_alignment,2,1.0,0.34375,2.340771025207012e-05,0.0,0.0,0.9985156249999999,1.0,0.00140625,9.835858830475946,0.03125,0.2161015327980677,0.6271220928096242
bayesian_authority_allocation,intent_ambiguity_shift,tool_alignment,3,1.0,0.375,0.0,0.0,0.0,0.9999999999999999,1.0,0.0,9.833009482375298,0.0,0.23284970165207894,0.6267962070498801
bayesian_authority_allocation,intent_ambiguity_shift,tool_alignment,4,1.0,0.453125,0.0,0.0,0.0,0.9999999999999999,1.0,0.0,9.832168875025802,0.0,0.24839367382922037,0.6271324499896799
bayesian_authority_allocation,intent_ambiguity_shift,tool_alignment,5,1.0,0.359375,0.0002619084122834972,0.0,0.0,0.9970312499999999,1.0,0.0028125,9.839989382361138,0.0625,0.23042408627594435,0.6269354970555463
bayesian_authority_allocation,intent_ambiguity_shift,tool_alignment,6,1.0,0.4375,0.0005358638608258519,0.015625,0.0,0.9940625,1.0,0.00421875,9.843017844174867,0.09375,0.24409718043804923,0.6266553623300534
bayesian_authority_allocation,contact_mode_shift,tool_alignment,0,0.984375,0.53125,0.0015069178263553348,0.0,0.0,0.9599218750000003,1.0,0.03445312500000001,9.98018745196117,0.765625,0.3115510150382619,0.602496894215532
bayesian_authority_allocation,contact_mode_shift,tool_alignment,1,1.0,0.46875,0.0015611454825648567,0.0,0.0,0.9628906250000002,1.0,0.028828125000000003,9.96099079070869,0.640625,0.2793133693901894,0.6032443087165243
bayesian_authority_allocation,contact_mode_shift,tool_alignment,2,0.984375,0.5,0.0012212041681961764,0.0,0.0,0.9658593750000002,1.0,0.028125000000000004,9.960013701505002,0.625,0.28283978535900445,0.6037038943980008
bayesian_authority_allocation,contact_mode_shift,tool_alignment,3,1.0,0.46875,0.001322518244926089,0.0,0.0,0.9703125000000001,1.0,0.023203124999999998,9.947645776348537,0.515625,0.2837762028800585,0.6032541894605848
bayesian_authority_allocation,contact_mode_shift,tool_alignment,4,1.0,0.453125,0.0016559239336212687,0.0,0.0,0.9554687500000003,1.0,0.038671875,9.990835515618551,0.859375,0.2632967379353975,0.6026345437525795
bayesian_authority_allocation,contact_mode_shift,tool_alignment,5,0.984375,0.53125,0.0012408017321021627,0.0,0.0,0.9717968750000002,1.0,0.026015625000000004,9.962259523334945,0.578125,0.2894192387407713,0.6019430656660237
bayesian_authority_allocation,contact_mode_shift,tool_alignment,6,0.984375,0.484375,0.0017947054898048733,0.0,0.0,0.9673437500000002,1.0,0.0253125,9.952909964512632,0.5625,0.2757781723472745,0.6030797641949468
bayesian_authority_allocation,human_delay_shift,tool_alignment,0,1.0,0.5,0.026538671819641264,0.0,0.0,0.7090625,1.0,0.12726562499999988,10.040719004319591,2.828125,0.2877533681221375,0.619974898272162
bayesian_authority_allocation,human_delay_shift,tool_alignment,1,1.0,0.546875,0.02578130482345576,0.0,0.0,0.7239062500000002,1.0,0.13851562499999986,10.098263556269849,3.078125,0.2907665917582071,0.6183008274920614
bayesian_authority_allocation,human_delay_shift,tool_alignment,2,1.0,0.421875,0.024665522261063097,0.003125,0.0,0.7046093750000005,1.0,0.14273437499999989,10.088752679230542,3.171875,0.2638162771744913,0.6211583033077842
bayesian_authority_allocation,human_delay_shift,tool_alignment,3,0.984375,0.5,0.025018067250013848,0.0,0.0,0.6749218750000002,1.0,0.14554687499999988,10.07016409696612,3.234375,0.30059509275525254,0.6219062362135539
bayesian_authority_allocation,human_delay_shift,tool_alignment,4,1.0,0.453125,0.022472598841205046,0.0,0.0,0.6734374999999999,1.0,0.16031249999999986,10.115841257316058,3.5625,0.2701161279743863,0.624100997073578
bayesian_authority_allocation,human_delay_shift,tool_alignment,5,0.984375,0.5625,0.026196559930148314,0.0078125,0.0,0.7150000000000003,1.0,0.1399218749999999,10.093795194996906,3.109375,0.29690480081458165,0.6188819220012376
bayesian_authority_allocation,human_delay_shift,tool_alignment,6,1.0,0.453125,0.024091665048589714,0.00625,0.0,0.7075781250000002,1.0,0.1392187499999999,10.083196172927018,3.09375,0.2736699685314255,0.6194496558291939
bayesian_authority_allocation,combined_authority_stress,tool_alignment,0,0.28125,0.578125,0.003822629559310237,0.0,0.0,0.9435937500000003,1.0,0.04359374999999998,10.113968177462414,0.96875,0.3351635238739734,0.5561064790150341
bayesian_authority_allocation,combined_authority_stress,tool_alignment,1,0.296875,0.5,0.0030430584310527815,0.0,0.0,0.9435937500000003,1.0,0.04289062499999999,10.110534098081416,0.953125,0.3158192553998687,0.5564801107674343
bayesian_authority_allocation,combined_authority_stress,tool_alignment,2,0.234375,0.53125,0.002810018986749572,0.0,0.0,0.9569531250000002,1.0,0.03375,10.094558414871434,0.75,0.3114128806801858,0.5546797590514263
bayesian_authority_allocation,combined_authority_stress,tool_alignment,3,0.265625,0.5,0.0033695558147613363,0.0,0.0,0.9480468750000003,1.0,0.039375,10.104418359466905,0.875,0.3402211838436775,0.55552953121324
bayesian_authority_allocation,combined_authority_stress,tool_alignment,4,0.25,0.5,0.0032271808173808185,0.0,0.0,0.9628906250000002,1.0,0.028828125,10.081298539930586,0.640625,0.32980715954322737,0.5551212090277655
bayesian_authority_allocation,combined_authority_stress,tool_alignment,5,0.328125,0.515625,0.0034355850510485795,0.0,0.0,0.9480468750000003,1.0,0.03937499999999999,10.104556070529911,0.875,0.31745134103637435,0.5554744467880345
bayesian_authority_allocation,combined_authority_stress,tool_alignment,6,0.296875,0.5625,0.0036293126808413178,0.0,0.0,0.9361718750000003,1.0,0.04781249999999997,10.122803030365775,1.0625,0.3453040939480381,0.5559006628536914
cbf_safety_filter,nominal_shared_autonomy,fragile_reaching,0,0.96875,0.578125,0.2299914524498096,0.6598958333333335,0.0,0.034453125,0.109375,0.14695312499999988,9.181779605895565,3.265625,0.3211421371396667,0.7486912826417721
cbf_safety_filter,nominal_shared_autonomy,fragile_reaching,1,0.96875,0.5625,0.23776623257103383,0.6938244047619048,0.0,0.033828125,0.0625,0.15046874999999985,9.193261569943996,3.34375,0.316640278210002,0.7488734970224011
cbf_safety_filter,nominal_shared_autonomy,fragile_reaching,2,1.0,0.625,0.22816560771149674,0.6841145833333333,0.0,0.03523437499999999,0.140625,0.15046874999999987,9.19242671231345,3.34375,0.316941202267951,0.7497136900746207
cbf_safety_filter,nominal_shared_autonomy,fragile_reaching,3,0.9375,0.546875,0.23070286254835035,0.6125000000000002,0.0,0.03460937499999999,0.046875,0.14554687499999988,9.17244398246091,3.234375,0.3224665778066189,0.7504817820156369
cbf_safety_filter,nominal_shared_autonomy,fragile_reaching,4,0.984375,0.59375,0.2271724773943389,0.5969680059523808,0.0,0.034765624999999994,0.078125,0.1420312499999999,9.160546914338537,3.15625,0.3242632463172083,0.7502968592645857
cbf_safety_filter,nominal_shared_autonomy,fragile_reaching,5,0.984375,0.609375,0.24364880015896118,0.6946428571428573,0.0,0.033046875,0.046875,0.17789062499999983,9.293564448713093,3.953125,0.3240808773097506,0.7474710955147611
cbf_safety_filter,nominal_shared_autonomy,fragile_reaching,6,1.0,0.546875,0.24212258365411102,0.7322916666666666,0.0,0.033203124999999986,0.109375,0.16523437499999985,9.247219459512419,3.671875,0.31352147591563545,0.7480653411950334
cbf_safety_filter,intent_ambiguity_shift,fragile_reaching,0,0.984375,0.453125,0.24925408269857052,0.8114583333333332,0.06562500000000002,0.08773437500000002,0.28125,0.12937499999999993,9.300690676231573,2.875,0.2876526871961004,0.6953081045073701
cbf_safety_filter,intent_ambiguity_shift,fragile_reaching,1,0.984375,0.609375,0.2516779537173523,0.7975074404761905,0.05468750000000003,0.074296875,0.25,0.13148437499999988,9.294941559037502,2.921875,0.32981713804011537,0.6957702513850003
cbf_safety_filter,intent_ambiguity_shift,fragile_reaching,2,0.984375,0.5,0.25628370384503246,0.7598586309523809,0.06562500000000002,0.08000000000000003,0.28125,0.1399218749999999,9.332900163145217,3.109375,0.3061222849332757,0.6946399347419133
cbf_safety_filter,intent_ambiguity_shift,fragile_reaching,3,1.0,0.453125,0.2566206016307811,0.8243303571428571,0.05625000000000003,0.07843750000000001,0.140625,0.14906249999999988,9.36226925977062,3.3125,0.2824013730430901,0.695329796091751
cbf_safety_filter,intent_ambiguity_shift,fragile_reaching,4,0.984375,0.578125,0.2576961731471554,0.8177083333333333,0.07656250000000002,0.07210937499999999,0.234375,0.14132812499999986,9.331567063342192,3.140625,0.34291294441267667,0.6943325496631233
cbf_safety_filter,intent_ambiguity_shift,fragile_reaching,5,0.984375,0.59375,0.26333241406434205,0.8329427083333334,0.07031249999999999,0.073046875,0.203125,0.14835937499999988,9.357591839921733,3.296875,0.3275287942112923,0.694260139031307
cbf_safety_filter,intent_ambiguity_shift,fragile_reaching,6,0.984375,0.59375,0.2596274222777271,0.8442708333333332,0.05937500000000003,0.06921875,0.15625,0.1413281249999999,9.326148067061817,3.140625,0.3429898801800065,0.695459523175273
cbf_safety_filter,contact_mode_shift,fragile_reaching,0,0.984375,0.484375,0.10014906473300127,0.0,0.0,0.04999999999999995,0.546875,0.0,8.793735800468044,0.0,0.2822104805573556,0.7005056798127809
cbf_safety_filter,contact_mode_shift,fragile_reaching,1,1.0,0.59375,0.10064319173027916,0.03125,0.0,0.04984374999999996,0.484375,0.00140625,8.796354430753338,0.03125,0.331875797572661,0.7014019776986649
cbf_safety_filter,contact_mode_shift,fragile_reaching,2,0.984375,0.609375,0.10615459634431346,0.0703125,0.0078125,0.04945312499999995,0.640625,0.007031249999999999,8.82078274441191,0.15625,0.33556149980822064,0.6994900272352376
cbf_safety_filter,contact_mode_shift,fragile_reaching,3,0.96875,0.53125,0.09928737361789486,0.015625,0.0,0.04992187499999995,0.640625,0.000703125,8.79300917727197,0.015625,0.33126474198145084,0.7017682040912124
cbf_safety_filter,contact_mode_shift,fragile_reaching,4,0.984375,0.546875,0.10772186725465871,0.078125,0.004687500000000001,0.04953124999999995,0.53125,0.005625,8.815025301600873,0.125,0.31139715758584546,0.6998211293596505
cbf_safety_filter,contact_mode_shift,fragile_reaching,5,0.96875,0.484375,0.0994868790366594,0.046875,0.003125,0.04976562499999995,0.671875,0.0028125,8.797265835952862,0.0625,0.28473049756044305,0.7030092906188543
cbf_safety_filter,contact_mode_shift,fragile_reaching,6,1.0,0.53125,0.0997043947663617,0.015625,0.0015625,0.049921874999999956,0.640625,0.000703125,8.795314369728812,0.015625,0.29622738812000693,0.7008461271084753
cbf_safety_filter,human_delay_shift,fragile_reaching,0,0.984375,0.5,0.06751097472223609,0.47031249999999997,0.0078125,0.04414062499999998,0.984375,0.07031249999999996,9.002373815060734,1.5625,0.3025666039260822,0.7149410989757078
cbf_safety_filter,human_delay_shift,fragile_reaching,1,1.0,0.5,0.0677444658521841,0.4531250000000001,0.0140625,0.04406249999999998,1.0,0.07312499999999997,9.018311150620807,1.625,0.29808905374201505,0.7125380397516775
cbf_safety_filter,human_delay_shift,fragile_reaching,2,1.0,0.59375,0.05832572491924858,0.34375,0.0171875,0.04531249999999998,0.984375,0.06046874999999996,8.974616772033212,1.34375,0.3046427845200595,0.7124657911867156
cbf_safety_filter,human_delay_shift,fragile_reaching,3,0.96875,0.53125,0.06399884293681832,0.38177083333333334,0.014062499999999999,0.046015624999999984,1.0,0.06609374999999997,8.994132891064025,1.46875,0.3071445618277104,0.7129124685743874
cbf_safety_filter,human_delay_shift,fragile_reaching,4,0.96875,0.6875,0.06391426844202526,0.42083333333333334,0.00625,0.044453124999999975,0.984375,0.06328124999999996,8.979205310466158,1.40625,0.336814907689016,0.7143210008135382
cbf_safety_filter,human_delay_shift,fragile_reaching,5,0.984375,0.609375,0.07264150796699775,0.39635416666666673,0.00625,0.043437499999999976,0.96875,0.07804687499999995,9.034874029997008,1.734375,0.32961891921613434,0.7126878880011969
cbf_safety_filter,human_delay_shift,fragile_reaching,6,0.96875,0.546875,0.06658828536263053,0.4229166666666667,0.017187499999999998,0.04429687499999999,0.984375,0.06890624999999996,9.000618674772774,1.53125,0.32771694013450503,0.7136994050908911
cbf_safety_filter,combined_authority_stress,fragile_reaching,0,0.9375,0.625,0.07000338279030283,0.015625,0.0015625,0.04984374999999995,0.953125,0.00140625,8.91494247643556,0.03125,0.36405128861323255,0.6539667594257768
cbf_safety_filter,combined_authority_stress,fragile_reaching,1,0.984375,0.578125,0.06741090818987512,0.015625,0.0015625,0.049921874999999956,0.96875,0.000703125,8.90993347230402,0.015625,0.3328080892747522,0.6549984860783917
cbf_safety_filter,combined_authority_stress,fragile_reaching,2,0.9375,0.671875,0.06686575622637493,0.0,0.0,0.04999999999999995,0.9375,0.0,8.904855650656403,0.0,0.39828449868865123,0.6560577397374397
cbf_safety_filter,combined_authority_stress,fragile_reaching,3,0.984375,0.640625,0.06637064883645487,0.0,0.0,0.04999999999999995,0.953125,0.0,8.905324533705192,0.0,0.3666036210452882,0.6558701865179232
cbf_safety_filter,combined_authority_stress,fragile_reaching,4,1.0,0.59375,0.06802288469373424,0.0,0.0,0.04999999999999995,0.90625,0.0,8.903836610811855,0.0,0.33451525344484373,0.656465355675257
cbf_safety_filter,combined_authority_stress,fragile_reaching,5,0.984375,0.640625,0.06846962699062027,0.0,0.0,0.04999999999999995,0.984375,0.0,8.903967952084404,0.0,0.35601358140884765,0.6564128191662382
cbf_safety_filter,combined_authority_stress,fragile_reaching,6,1.0,0.703125,0.06923797637610635,0.03125,0.004687500000000001,0.04976562499999995,0.984375,0.003515625,8.915001818799569,0.078125,0.3775355567271031,0.6569148974801714
cbf_safety_filter,nominal_shared_autonomy,contact_door_opening,0,0.984375,0.546875,0.13266080920254775,0.4938244047619047,0.009375,0.03859375000000001,1.0,0.13148437499999988,9.13060841414489,2.921875,0.28038761418116653,0.748650384342045
cbf_safety_filter,nominal_shared_autonomy,contact_door_opening,1,1.0,0.46875,0.13759335735490222,0.4739583333333334,0.015624999999999998,0.038203125,1.0,0.1307812499999999,9.128251137821321,2.90625,0.2663702612646629,0.7484526698714734
cbf_safety_filter,nominal_shared_autonomy,contact_door_opening,2,1.0,0.484375,0.14751604581362898,0.5438244047619049,0.004687500000000001,0.03726562499999999,1.0,0.1314843749999999,9.13187297164733,2.921875,0.275866279165494,0.747666436341069
cbf_safety_filter,nominal_shared_autonomy,contact_door_opening,3,0.984375,0.453125,0.14562858942838094,0.5136160714285716,0.01875,0.03742187499999999,1.0,0.13007812499999988,9.126786564525744,2.890625,0.2718498721822555,0.7477572491897023
cbf_safety_filter,nominal_shared_autonomy,contact_door_opening,4,0.984375,0.484375,0.1518603349665358,0.5019345238095239,0.012499999999999999,0.037031249999999995,0.984375,0.13359374999999987,9.144490866530031,2.96875,0.2734142389636174,0.7455349033879859
cbf_safety_filter,nominal_shared_autonomy,contact_door_opening,5,1.0,0.4375,0.14267045897311606,0.4953125000000001,0.015624999999999998,0.0378125,1.0,0.13148437499999988,9.132017074520233,2.921875,0.24605319100326892,0.7478056701919071
cbf_safety_filter,nominal_shared_autonomy,contact_door_opening,6,1.0,0.4375,0.1361914809828876,0.5203125000000001,0.009375,0.03820312500000001,1.0,0.12937499999999988,9.121339765943954,2.875,0.25836188123541426,0.7492172186224191
cbf_safety_filter,intent_ambiguity_shift,contact_door_opening,0,1.0,0.5,0.12516638938840213,0.48385416666666664,0.096875,0.05234375000000002,1.0,0.11882812499999991,9.220440729994273,2.640625,0.29369980324574213,0.6996674580022911
cbf_safety_filter,intent_ambiguity_shift,contact_door_opening,1,1.0,0.453125,0.11339230991722082,0.47343750000000007,0.09218749999999995,0.051796874999999985,1.0,0.10476562499999992,9.168893428661063,2.328125,0.28803166521260587,0.7000895035355746
cbf_safety_filter,intent_ambiguity_shift,contact_door_opening,2,1.0,0.421875,0.11047944515390896,0.4283854166666667,0.08281249999999998,0.05796875,1.0,0.1061718749999999,9.178301871432973,2.359375,0.26525928758883066,0.7005480014268105
cbf_safety_filter,intent_ambiguity_shift,contact_door_opening,3,0.984375,0.53125,0.11442564461357511,0.4555431547619047,0.09999999999999995,0.054765624999999984,1.0,0.10617187499999992,9.17725672944874,2.359375,0.29809447175661996,0.6998129332205063
cbf_safety_filter,intent_ambiguity_shift,contact_door_opening,4,1.0,0.4375,0.12025133963258604,0.42734374999999997,0.09843749999999998,0.055781250000000004,1.0,0.12023437499999991,9.23224855542492,2.671875,0.2756622213698033,0.6981818278300319
cbf_safety_filter,intent_ambiguity_shift,contact_door_opening,5,1.0,0.4375,0.12475577994811236,0.48854166666666654,0.11562499999999994,0.05242187500000001,1.0,0.1153124999999999,9.212473505655902,2.5625,0.27034690157776364,0.6978824727376374
cbf_safety_filter,intent_ambiguity_shift,contact_door_opening,6,0.96875,0.515625,0.1505442641384965,0.4845610119047618,0.12812499999999993,0.05640625000000001,1.0,0.1328906249999999,9.290425292154293,2.953125,0.31129028059261654,0.6931361331382833
cbf_safety_filter,contact_mode_shift,contact_door_opening,0,1.0,0.5,0.0,0.0,0.0,0.04999999999999995,1.0,0.0,8.753380062298339,0.0,0.2839144335536192,0.7166479750806664
cbf_safety_filter,contact_mode_shift,contact_door_opening,1,0.96875,0.4375,0.003395387877832221,0.015625,0.0015625,0.04976562499999995,1.0,0.003515625,8.772502870140187,0.078125,0.2801542903386163,0.7139144769439258
cbf_safety_filter,contact_mode_shift,contact_door_opening,2,1.0,0.515625,0.0,0.0,0.0,0.04999999999999995,1.0,0.0,8.75720492075105,0.0,0.28907074921538667,0.7151180316995789
cbf_safety_filter,contact_mode_shift,contact_door_opening,3,1.0,0.53125,0.0011337209684775646,0.015625,0.0015625,0.049921874999999956,1.0,0.000703125,8.764206760905818,0.015625,0.29257597550284375,0.7132891706376727
cbf_safety_filter,contact_mode_shift,contact_door_opening,4,0.984375,0.484375,0.0,0.0,0.0,0.04999999999999995,1.0,0.0,8.76006720401445,0.0,0.2970011576084376,0.7139731183942205
cbf_safety_filter,contact_mode_shift,contact_door_opening,5,0.984375,0.5625,0.0,0.0,0.0,0.04999999999999995,1.0,0.0,8.75983553763061,0.0,0.3147905602772123,0.7140657849477572
cbf_safety_filter,contact_mode_shift,contact_door_opening,6,0.96875,0.546875,0.001153932542483638,0.0,0.0,0.04992187499999995,1.0,0.000703125,8.760557495614837,0.015625,0.30979362929153226,0.7147488767540658
cbf_safety_filter,human_delay_shift,contact_door_opening,0,1.0,0.59375,0.04589829647118446,0.26822916666666663,0.03437500000000001,0.04648437499999997,1.0,0.04289062499999999,8.883409865109254,0.953125,0.2874413055825384,0.7243704289562984
cbf_safety_filter,human_delay_shift,contact_door_opening,1,1.0,0.46875,0.057437008078775796,0.33958333333333335,0.05000000000000003,0.04562499999999997,1.0,0.06187499999999997,8.954979754694374,1.375,0.26053472091025154,0.7224330981222505
cbf_safety_filter,human_delay_shift,contact_door_opening,2,1.0,0.390625,0.04843955163513688,0.31510416666666663,0.023437500000000003,0.04624999999999997,1.0,0.04921874999999998,8.904147225622543,1.09375,0.24707540821037263,0.7249911097509818
cbf_safety_filter,human_delay_shift,contact_door_opening,3,1.0,0.484375,0.06340160337078293,0.30885416666666665,0.04375000000000002,0.04515624999999998,1.0,0.063984375,8.963750940414855,1.421875,0.2782941715406446,0.7217558738340583
cbf_safety_filter,human_delay_shift,contact_door_opening,4,1.0,0.453125,0.04040241807392697,0.2265625,0.028125000000000008,0.04687499999999997,1.0,0.035859375,8.85420109551091,0.796875,0.25437297483789817,0.726194561795635
cbf_safety_filter,human_delay_shift,contact_door_opening,5,0.96875,0.515625,0.06069384672400409,0.328125,0.031250000000000014,0.04531249999999998,1.0,0.06257812499999997,8.956166803772803,1.390625,0.2875006253000058,0.7228457784908776
cbf_safety_filter,human_delay_shift,contact_door_opening,6,1.0,0.5,0.056718124066627025,0.3671875,0.03437500000000002,0.04562499999999997,1.0,0.05203124999999997,8.918792950248825,1.15625,0.29266961863844054,0.7229078199004696
cbf_safety_filter,combined_authority_stress,contact_door_opening,0,1.0,0.484375,0.0,0.0,0.0,0.04999999999999995,1.0,0.0,8.87265426899937,0.0,0.28495932369788407,0.6689382924002525
cbf_safety_filter,combined_authority_stress,contact_door_opening,1,0.984375,0.5,0.0,0.0,0.0,0.04999999999999995,1.0,0.0,8.86990201431728,0.0,0.30182774208313345,0.6700391942730892
cbf_safety_filter,combined_authority_stress,contact_door_opening,2,0.984375,0.46875,0.0011516748940768227,0.015625,0.0015625,0.04992187499999995,1.0,0.000703125,8.878463014134779,0.015625,0.3068010078926484,0.6675866693460876
cbf_safety_filter,combined_authority_stress,contact_door_opening,3,0.96875,0.671875,0.0012667275121810736,0.0,0.0,0.049921874999999956,1.0,0.000703125,8.871946658369978,0.015625,0.3451275012581258,0.6701932116520084
cbf_safety_filter,combined_authority_stress,contact_door_opening,4,0.96875,0.5625,0.0,0.0,0.0,0.04999999999999995,1.0,0.0,8.870329545438274,0.0,0.32913401801834813,0.6698681818246902
cbf_safety_filter,combined_authority_stress,contact_door_opening,5,1.0,0.5,0.0,0.0,0.0,0.04999999999999995,1.0,0.0,8.870817917006214,0.0,0.30724490166480434,0.6696728331975152
cbf_safety_filter,combined_authority_stress,contact_door_opening,6,0.984375,0.65625,0.0,0.0,0.0,0.04999999999999995,1.0,0.0,8.869950350765848,0.0,0.34663064854477105,0.6700198596936617
cbf_safety_filter,nominal_shared_autonomy,delayed_corridor_navigation,0,1.0,0.703125,0.14489624098177642,0.4958333333333333,0.023437500000000003,0.03664062499999999,0.9375,0.1413281249999999,9.256552762895133,3.140625,0.3672167295870682,0.7115695198419469
cbf_safety_filter,nominal_shared_autonomy,delayed_corridor_navigation,1,0.984375,0.4375,0.13253495121075995,0.43802083333333336,0.017187499999999998,0.0409375,0.9375,0.1300781249999999,9.215506441604996,2.890625,0.30384986673821635,0.7135349233580025
cbf_safety_filter,nominal_shared_autonomy,delayed_corridor_navigation,2,0.984375,0.453125,0.1366196108002878,0.4880952380952382,0.0234375,0.038828125,0.953125,0.14203124999999986,9.257296146585539,3.15625,0.2925377969747186,0.7130596663657843
cbf_safety_filter,nominal_shared_autonomy,delayed_corridor_navigation,3,1.0,0.515625,0.14187851210462496,0.502529761904762,0.029687500000000006,0.03710937499999999,0.84375,0.13992187499999992,9.249608125812285,3.109375,0.29251033579693836,0.7125161246750864
cbf_safety_filter,nominal_shared_autonomy,delayed_corridor_navigation,4,1.0,0.71875,0.14052683436071392,0.5119791666666667,0.017187499999999998,0.037031250000000016,0.96875,0.14695312499999988,9.275957606002263,3.265625,0.3558194816998086,0.7119482075990937
cbf_safety_filter,nominal_shared_autonomy,delayed_corridor_navigation,5,0.984375,0.5625,0.12676689974884015,0.49843750000000003,0.012499999999999999,0.038359374999999994,0.921875,0.1251562499999999,9.189958225830152,2.78125,0.3167969312897397,0.7158260846679386
cbf_safety_filter,nominal_shared_autonomy,delayed_corridor_navigation,6,0.96875,0.46875,0.12989794918298636,0.5582589285714287,0.014062499999999999,0.038203124999999984,0.921875,0.12445312499999991,9.193533704537012,2.765625,0.29704610745459475,0.7133396431851953
cbf_safety_filter,intent_ambiguity_shift,delayed_corridor_navigation,0,1.0,0.59375,0.16184761759593547,0.47708333333333336,0.10468749999999996,0.07031249999999999,0.625,0.1216406249999999,9.346225755400566,2.703125,0.33952072511457565,0.6598221978397738
cbf_safety_filter,intent_ambiguity_shift,delayed_corridor_navigation,1,1.0,0.484375,0.15074324821719942,0.4627604166666667,0.09843749999999998,0.066953125,0.59375,0.1160156249999999,9.31803904169405,2.578125,0.2978590349424758,0.6618875083223786
cbf_safety_filter,intent_ambiguity_shift,delayed_corridor_navigation,2,0.984375,0.5,0.14888057140224967,0.423735119047619,0.09531249999999998,0.073203125,0.609375,0.11460937499999993,9.319313906641069,2.546875,0.31143808703106873,0.6616275623435712
cbf_safety_filter,intent_ambiguity_shift,delayed_corridor_navigation,3,1.0,0.40625,0.135537040807065,0.4151041666666667,0.09062499999999998,0.06859374999999998,0.65625,0.0949218749999999,9.236212380667268,2.109375,0.2747182158555309,0.6652087977330913
cbf_safety_filter,intent_ambiguity_shift,delayed_corridor_navigation,4,0.96875,0.5625,0.1610658729103204,0.4484002976190476,0.11093749999999997,0.07210937499999999,0.640625,0.1195312499999999,9.34217058816966,2.65625,0.3352038420898691,0.6590911397321365
cbf_safety_filter,intent_ambiguity_shift,delayed_corridor_navigation,5,0.984375,0.46875,0.13701859998094226,0.33880208333333334,0.08437499999999998,0.07992187500000002,0.625,0.10968749999999992,9.3031808327748,2.4375,0.2987806216553229,0.6634995418900808
cbf_safety_filter,intent_ambiguity_shift,delayed_corridor_navigation,6,0.984375,0.546875,0.13846171906952867,0.43046875,0.08124999999999999,0.076796875,0.609375,0.10406249999999992,9.283916878926437,2.3125,0.32289942184682907,0.6620801234294248
cbf_safety_filter,contact_mode_shift,delayed_corridor_navigation,0,0.984375,0.5625,0.01140170920645619,0.0,0.0,0.04992187499999995,1.0,0.000703125,8.865872184030392,0.015625,0.32484443732183205,0.6726230013878425
cbf_safety_filter,contact_mode_shift,delayed_corridor_navigation,1,1.0,0.5,0.012227005364348054,0.0234375,0.003125,0.04984374999999996,1.0,0.002109375,8.877076509517718,0.046875,0.29340999120412864,0.670113146192913
cbf_safety_filter,contact_mode_shift,delayed_corridor_navigation,2,1.0,0.5,0.010464596110874969,0.0078125,0.0015625,0.04992187499999995,1.0,0.00140625,8.869509108107977,0.03125,0.2905505258658943,0.67216823175681
cbf_safety_filter,contact_mode_shift,delayed_corridor_navigation,3,1.0,0.5625,0.011414033533839376,0.0078125,0.0015625,0.04992187499999995,1.0,0.00140625,8.872928678265257,0.03125,0.30453459185215315,0.6708004036938963
cbf_safety_filter,contact_mode_shift,delayed_corridor_navigation,4,0.96875,0.578125,0.011457262229707358,0.015625,0.0015625,0.04984374999999995,1.0,0.00140625,8.870752674059736,0.03125,0.3388103411270363,0.6716426803761056
cbf_safety_filter,contact_mode_shift,delayed_corridor_navigation,5,1.0,0.5625,0.010765521579781613,0.0078125,0.0015625,0.04992187499999995,1.0,0.00140625,8.869615072722477,0.03125,0.31134189464105677,0.6721258459110109
cbf_safety_filter,contact_mode_shift,delayed_corridor_navigation,6,1.0,0.515625,0.010134758086998128,0.0,0.0,0.04999999999999995,1.0,0.0,8.865026175689728,0.0,0.2987479816317445,0.671989529724107
cbf_safety_filter,human_delay_shift,delayed_corridor_navigation,0,1.0,0.484375,0.04881460633743452,0.32447916666666665,0.039062500000000014,0.04570312499999998,1.0,0.05835937499999998,9.043480928103563,1.296875,0.2818945448067008,0.6820607537585747
cbf_safety_filter,human_delay_shift,delayed_corridor_navigation,1,1.0,0.546875,0.04808591944551303,0.2953125,0.03593750000000002,0.04570312499999997,1.0,0.05765624999999998,9.03678717806378,1.28125,0.3225987686504228,0.6837382537744886
cbf_safety_filter,human_delay_shift,delayed_corridor_navigation,2,1.0,0.578125,0.03894032304375541,0.23854166666666665,0.03593750000000001,0.04656249999999997,1.0,0.04499999999999999,8.98857698861057,1.0,0.2995726311284599,0.6853317045557712
cbf_safety_filter,human_delay_shift,delayed_corridor_navigation,3,0.953125,0.578125,0.044322553072937594,0.2864583333333333,0.03750000000000001,0.04609374999999998,1.0,0.05132812499999998,9.017460072703434,1.140625,0.3300521289180239,0.6826097209186269
cbf_safety_filter,human_delay_shift,delayed_corridor_navigation,4,1.0,0.609375,0.032691709613165615,0.2421875,0.021875000000000002,0.04710937499999996,1.0,0.03656249999999999,8.958854068885975,0.8125,0.31185921957028345,0.6854177474456107
cbf_safety_filter,human_delay_shift,delayed_corridor_navigation,5,1.0,0.625,0.049074742706620704,0.32291666666666663,0.04062500000000002,0.045624999999999985,1.0,0.056249999999999974,9.03544045049755,1.25,0.3298195389997275,0.6822488198009796
cbf_safety_filter,human_delay_shift,delayed_corridor_navigation,6,0.984375,0.515625,0.04846852476482689,0.4010416666666667,0.04375000000000002,0.04570312499999997,1.0,0.05835937499999996,9.040247274537382,1.296875,0.3001992985239498,0.6833542151850486
cbf_safety_filter,combined_authority_stress,delayed_corridor_navigation,0,0.953125,0.640625,0.0015203602224889133,0.0,0.0,0.04999999999999995,1.0,0.0,8.977129423700116,0.0,0.3831435385847486,0.6271482305199527
cbf_safety_filter,combined_authority_stress,delayed_corridor_navigation,1,1.0,0.5625,0.0027867835036944734,0.0078125,0.0015625,0.04992187499999995,1.0,0.00140625,8.983234517623801,0.03125,0.34597664241497605,0.626678067950479
cbf_safety_filter,combined_authority_stress,delayed_corridor_navigation,2,0.953125,0.5625,0.003797580307391048,0.03125,0.003125,0.04984374999999995,1.0,0.00140625,8.988370217943338,0.03125,0.35591718386764226,0.624595662822664
cbf_safety_filter,combined_authority_stress,delayed_corridor_navigation,3,0.953125,0.59375,0.0033390237091085236,0.015625,0.0015625,0.04992187499999995,1.0,0.000703125,8.982001716127398,0.015625,0.37359024179064776,0.6261711885490432
cbf_safety_filter,combined_authority_stress,delayed_corridor_navigation,4,1.0,0.5625,0.0014608267563808392,0.0,0.0,0.04999999999999995,1.0,0.0,8.978729339079518,0.0,0.332305856003254,0.6265082643681931
cbf_safety_filter,combined_authority_stress,delayed_corridor_navigation,5,0.984375,0.546875,0.001973243032884405,0.0,0.0,0.04999999999999995,1.0,0.0,8.982376163833527,0.0,0.33568624630789673,0.6250495344665886
cbf_safety_filter,combined_authority_stress,delayed_corridor_navigation,6,1.0,0.546875,0.0016583858840280273,0.0,0.0,0.04999999999999995,1.0,0.0,8.977460712944914,0.0,0.33339956638708157,0.627015714822036
cbf_safety_filter,nominal_shared_autonomy,tool_alignment,0,0.9375,0.625,0.35390143089734494,0.5254278273809524,0.05625000000000002,0.032265624999999985,0.140625,0.1961718749999998,9.54237236943497,4.359375,0.37904664246979874,0.6736666772260119
cbf_safety_filter,nominal_shared_autonomy,tool_alignment,1,0.921875,0.65625,0.3409849011212388,0.5573846726190477,0.05468750000000003,0.03359374999999999,0.1875,0.1940624999999998,9.529855271149934,4.3125,0.391983708633171,0.6761516415400253
cbf_safety_filter,nominal_shared_autonomy,tool_alignment,2,0.984375,0.625,0.34769154118549406,0.5646577380952381,0.04687500000000003,0.03304687499999999,0.09375,0.17999999999999983,9.480957453246283,4.0,0.3571659403839343,0.6755138937014874
cbf_safety_filter,nominal_shared_autonomy,tool_alignment,3,1.0,0.546875,0.3655466651717772,0.5722098214285717,0.0734375,0.02843749999999999,0.109375,0.18070312499999983,9.485098677210381,4.015625,0.34408067944757154,0.6731980291158487
cbf_safety_filter,nominal_shared_autonomy,tool_alignment,4,0.984375,0.546875,0.34250327526729796,0.5403459821428571,0.05937500000000002,0.039296874999999995,0.125,0.1933593749999998,9.536680980034426,4.296875,0.3427759132876206,0.6744744829862298
cbf_safety_filter,nominal_shared_autonomy,tool_alignment,5,0.96875,0.546875,0.34832298641145165,0.5395833333333333,0.06562500000000002,0.033125,0.171875,0.17718749999999983,9.474799802787391,3.9375,0.3471411071580827,0.6740050788850432
cbf_safety_filter,nominal_shared_autonomy,tool_alignment,6,0.9375,0.59375,0.3587593740502708,0.5440104166666668,0.05156250000000002,0.032187499999999994,0.09375,0.1933593749999998,9.533959236727235,4.296875,0.3736745919075763,0.673003805309108
cbf_safety_filter,intent_ambiguity_shift,tool_alignment,0,1.0,0.359375,0.21862676928604438,0.4848772321428572,0.12968749999999998,0.2874218750000001,0.8125,0.2081249999999998,9.910798943850399,4.625,0.26298672872963186,0.635152297459841
cbf_safety_filter,intent_ambiguity_shift,tool_alignment,1,0.984375,0.390625,0.22333271491229537,0.48818824404761896,0.13593749999999996,0.28289062500000006,0.78125,0.21867187499999977,9.943380314513407,4.859375,0.2766801661829596,0.6354884991946369
cbf_safety_filter,intent_ambiguity_shift,tool_alignment,2,1.0,0.421875,0.20253098061999494,0.48580729166666664,0.12343749999999999,0.31367187500000016,0.828125,0.22992187499999975,10.007907902703282,5.109375,0.27290270305736514,0.6367587139186885
cbf_safety_filter,intent_ambiguity_shift,tool_alignment,3,0.96875,0.4375,0.21000995304173525,0.4558593749999999,0.128125,0.30570312500000013,0.890625,0.2172656249999998,9.961158690294406,4.828125,0.2920463754620573,0.6345896488822375
cbf_safety_filter,intent_ambiguity_shift,tool_alignment,4,0.96875,0.546875,0.22197877785753195,0.5075148809523808,0.1374999999999999,0.29445312500000004,0.875,0.22921874999999975,9.994192167449485,5.09375,0.3188348754734627,0.6343262580202058
cbf_safety_filter,intent_ambiguity_shift,tool_alignment,5,0.984375,0.40625,0.212599940251512,0.5111173115079366,0.11249999999999999,0.29078125,0.875,0.23835937499999973,10.015859145325791,5.296875,0.28247521320948177,0.6373375918696832
cbf_safety_filter,intent_ambiguity_shift,tool_alignment,6,1.0,0.4375,0.22776673412806756,0.519549851190476,0.15156249999999993,0.2632812500000001,0.765625,0.22429687499999976,9.944550609983661,4.984375,0.2884199165803507,0.6359610060065345
cbf_safety_filter,contact_mode_shift,tool_alignment,0,1.0,0.46875,0.08231949995734628,0.1171875,0.012499999999999999,0.048593749999999956,0.859375,0.021796874999999997,8.969289432911939,0.484375,0.2962188717650002,0.6607779768352242
cbf_safety_filter,contact_mode_shift,tool_alignment,1,0.984375,0.46875,0.0754372344739413,0.1328125,0.0203125,0.05164062499999995,0.9375,0.020390624999999996,8.969085853805696,0.453125,0.30487760384537993,0.659956283477721
cbf_safety_filter,contact_mode_shift,tool_alignment,2,0.96875,0.40625,0.0810927879003686,0.11197916666666666,0.015624999999999998,0.05015624999999996,0.921875,0.016171875,8.955466569621203,0.359375,0.2988689014998521,0.658869622151519
cbf_safety_filter,contact_mode_shift,tool_alignment,3,1.0,0.53125,0.07525974258713676,0.140625,0.01875,0.04890624999999996,0.9375,0.015468749999999998,8.947746270397,0.34375,0.31964945398019995,0.6605077418412009
cbf_safety_filter,contact_mode_shift,tool_alignment,4,1.0,0.59375,0.07697213365409931,0.15625,0.015624999999999998,0.04890624999999995,0.875,0.012656250000000003,8.936841921237377,0.28125,0.32154554133104285,0.6608694815050499
cbf_safety_filter,contact_mode_shift,tool_alignment,5,1.0,0.484375,0.07634419009956685,0.10052083333333332,0.010937500000000001,0.05023437499999996,0.875,0.016874999999999994,8.952697805564338,0.375,0.29939448086152554,0.6610052527742633
cbf_safety_filter,contact_mode_shift,tool_alignment,6,1.0,0.515625,0.07358456424442177,0.125,0.012499999999999999,0.05054687499999995,0.90625,0.014062499999999999,8.943680720536785,0.3125,0.28695900140701025,0.6607245867852855
cbf_safety_filter,human_delay_shift,tool_alignment,0,0.953125,0.578125,0.1591364354140819,0.5198660714285714,0.13906249999999992,0.044531250000000015,0.984375,0.1385156249999999,9.403442458053663,3.078125,0.3566950491283109,0.6516542667785341
cbf_safety_filter,human_delay_shift,tool_alignment,1,0.96875,0.671875,0.1509638933506764,0.464360119047619,0.12499999999999996,0.04820312499999999,0.984375,0.1371093749999999,9.397767155432192,3.046875,0.3752821062399437,0.653246262827123
cbf_safety_filter,human_delay_shift,tool_alignment,2,0.984375,0.59375,0.13480757055405077,0.47500000000000003,0.11562499999999994,0.04507812499999998,1.0,0.1321874999999999,9.373307885592194,2.9375,0.3307999662563511,0.6549049707631229
cbf_safety_filter,human_delay_shift,tool_alignment,3,0.96875,0.515625,0.16703121209055338,0.5734375,0.15156250000000002,0.045390625,1.0,0.15046874999999987,9.445026281400837,3.34375,0.3315456665320405,0.6523301124396654
cbf_safety_filter,human_delay_shift,tool_alignment,4,1.0,0.515625,0.1729364418415198,0.5043154761904762,0.14687499999999998,0.047890625,1.0,0.16874999999999984,9.520961568815132,3.75,0.32957992668583946,0.6488559974739478
cbf_safety_filter,human_delay_shift,tool_alignment,5,0.953125,0.5,0.15873611154681744,0.5494791666666669,0.1359374999999999,0.043203124999999995,0.984375,0.1237499999999999,9.349819157570918,2.75,0.3358469629988783,0.6516254619716326
cbf_safety_filter,human_delay_shift,tool_alignment,6,1.0,0.546875,0.14746596905444329,0.4963541666666666,0.12656249999999994,0.04101562500000001,1.0,0.13359374999999987,9.375893729034365,2.96875,0.32741627368407045,0.6544081333862553
cbf_safety_filter,combined_authority_stress,tool_alignment,0,0.984375,0.59375,0.03654704293175403,0.0078125,0.0015625,0.04976562499999995,0.96875,0.002109375,9.010223101826858,0.046875,0.3509781102786123,0.6168263842692577
cbf_safety_filter,combined_authority_stress,tool_alignment,1,0.96875,0.65625,0.03223889812730007,0.015625,0.0015625,0.05429687499999994,0.984375,0.0063281249999999995,9.024381977031027,0.140625,0.3700580356517864,0.618794084187588
cbf_safety_filter,combined_authority_stress,tool_alignment,2,0.984375,0.5,0.03831795169600597,0.020833333333333332,0.003125,0.05570312499999996,1.0,0.007031249999999999,9.033635042756824,0.15625,0.32220919640464096,0.6165991078972707
cbf_safety_filter,combined_authority_stress,tool_alignment,3,0.984375,0.515625,0.03295355618737307,0.0234375,0.003125,0.04984374999999995,0.984375,0.002109375,9.006110781358464,0.046875,0.3262777190350568,0.6184994374566142
cbf_safety_filter,combined_authority_stress,tool_alignment,4,0.984375,0.4375,0.033200112952861106,0.0,0.0,0.04999999999999995,1.0,0.0,9.002747190176615,0.0,0.302332114346411,0.6169011239293538
cbf_safety_filter,combined_authority_stress,tool_alignment,5,0.96875,0.609375,0.036299439576361704,0.03125,0.003125,0.05124999999999995,1.0,0.00421875,9.019023561936162,0.09375,0.3597519141297978,0.6168405752255354
cbf_safety_filter,combined_authority_stress,tool_alignment,6,1.0,0.625,0.03816261873129503,0.0546875,0.00625,0.05554687499999996,0.984375,0.009140624999999998,9.041949612031294,0.203125,0.34621267665975447,0.6162170301874832
mpc_risk_arbitration,nominal_shared_autonomy,fragile_reaching,0,1.0,0.328125,0.056851815374911026,0.0953125,0.0,0.44781250000000006,0.953125,0.12234374999999989,9.497840198417443,2.71875,0.19865735953139432,0.7360764206330235
mpc_risk_arbitration,nominal_shared_autonomy,fragile_reaching,1,1.0,0.53125,0.05465848395814487,0.07604166666666666,0.0,0.46859375,0.984375,0.1258593749999999,9.534960621626784,2.796875,0.24235335843205516,0.7337095013492868
mpc_risk_arbitration,nominal_shared_autonomy,fragile_reaching,2,1.0,0.53125,0.052785407554673876,0.07317708333333334,0.0,0.47898437499999996,1.0,0.12234374999999992,9.532189927090563,2.71875,0.2317931956785019,0.733558404163774
mpc_risk_arbitration,nominal_shared_autonomy,fragile_reaching,3,1.0,0.453125,0.053318241958256976,0.06041666666666667,0.0,0.4760156249999999,0.953125,0.1209374999999999,9.527792563761526,2.6875,0.21635679223393847,0.73224859949539
mpc_risk_arbitration,nominal_shared_autonomy,fragile_reaching,4,1.0,0.453125,0.04983982273948331,0.07005208333333333,0.0,0.5027343749999998,0.984375,0.1335937499999999,9.596936323718754,2.96875,0.21225068302641847,0.7322098455124975
mpc_risk_arbitration,nominal_shared_autonomy,fragile_reaching,5,1.0,0.453125,0.052975081919968706,0.02005208333333333,0.0,0.4864062499999998,0.984375,0.11179687499999992,9.500570468071025,2.484375,0.2145892528497135,0.7338780627715895
mpc_risk_arbitration,nominal_shared_autonomy,fragile_reaching,6,1.0,0.390625,0.053382246977251496,0.08359375,0.0,0.4700781249999998,0.953125,0.12093749999999992,9.517450133544578,2.6875,0.20683084683889436,0.7342480715821689
mpc_risk_arbitration,intent_ambiguity_shift,fragile_reaching,0,1.0,0.4375,0.015508950092141744,0.21744791666666669,0.0,0.8946093750000004,1.0,0.05976562499999999,9.829608080312772,1.328125,0.2121668609351958,0.6752161428748922
mpc_risk_arbitration,intent_ambiguity_shift,fragile_reaching,1,1.0,0.390625,0.019846951196876978,0.21614583333333337,0.0,0.8723437500000002,1.0,0.05414062499999997,9.787524519924647,1.203125,0.20695317763458282,0.6760339420301407
mpc_risk_arbitration,intent_ambiguity_shift,fragile_reaching,2,1.0,0.359375,0.027764882762636025,0.23802083333333335,0.0,0.8189062500000003,1.0,0.07664062499999995,9.812826234108359,1.703125,0.20062363792703994,0.6786757563566553
mpc_risk_arbitration,intent_ambiguity_shift,fragile_reaching,3,1.0,0.59375,0.017413152183011683,0.17075892857142858,0.0,0.8767968750000005,1.0,0.06890624999999997,9.842390428980769,1.53125,0.24294778434390557,0.6766907034076914
mpc_risk_arbitration,intent_ambiguity_shift,fragile_reaching,4,1.0,0.34375,0.018589569048814706,0.19791666666666669,0.0,0.8708593750000004,1.0,0.07031249999999999,9.843124690235916,1.5625,0.20057210099803396,0.6762594989056332
mpc_risk_arbitration,intent_ambiguity_shift,fragile_reaching,5,0.984375,0.375,0.030952756113503555,0.23645833333333335,0.0,0.7951562500000001,1.0,0.08929687499999994,9.834201290117406,1.984375,0.21032107484420834,0.679575733953039
mpc_risk_arbitration,intent_ambiguity_shift,fragile_reaching,6,1.0,0.34375,0.021800842818063125,0.2625,0.0,0.8545312500000003,1.0,0.07734374999999998,9.853409312368274,1.71875,0.21057617615073404,0.6762675250526899
mpc_risk_arbitration,contact_mode_shift,fragile_reaching,0,1.0,0.59375,0.05319445260209285,0.03229166666666666,0.0,0.4403906249999999,0.984375,0.11109374999999991,9.594038161125154,2.46875,0.3098714412854846,0.6789253605499399
mpc_risk_arbitration,contact_mode_shift,fragile_reaching,1,1.0,0.46875,0.05474482605418631,0.03776041666666667,0.0,0.4136718750000001,0.984375,0.11953124999999991,9.592028604689638,2.65625,0.27213263551901323,0.682110433124146
mpc_risk_arbitration,contact_mode_shift,fragile_reaching,2,0.984375,0.65625,0.05568807718448306,0.0390625,0.0,0.404765625,0.984375,0.1124999999999999,9.558096126510906,2.5,0.32614754597650464,0.6824771743956384
mpc_risk_arbitration,contact_mode_shift,fragile_reaching,3,1.0,0.484375,0.054227543146849896,0.04348958333333333,0.0,0.42406249999999973,1.0,0.1160156249999999,9.592659147414848,2.578125,0.2757502203512995,0.6805988410340611
mpc_risk_arbitration,contact_mode_shift,fragile_reaching,4,1.0,0.40625,0.04955565412571534,0.02265625,0.0,0.461171875,0.984375,0.12656249999999988,9.668851641263808,2.8125,0.2515229945443931,0.6784812184944786
mpc_risk_arbitration,contact_mode_shift,fragile_reaching,5,1.0,0.5,0.05782331285516316,0.01171875,0.0,0.3810156249999999,1.0,0.1167187499999999,9.546037311364897,2.59375,0.2882065265439834,0.6847507004540404
mpc_risk_arbitration,contact_mode_shift,fragile_reaching,6,1.0,0.484375,0.051852492419067926,0.04166666666666667,0.0,0.43593750000000003,0.984375,0.1195312499999999,9.619619705651452,2.65625,0.28137284283765185,0.6790896177394206
mpc_risk_arbitration,human_delay_shift,fragile_reaching,0,0.984375,0.53125,0.010865480813846182,0.0,0.0,0.06335937499999994,1.0,0.008437499999999999,8.788170564007068,0.1875,0.2828048925648722,0.7195411493971724
mpc_risk_arbitration,human_delay_shift,fragile_reaching,1,1.0,0.421875,0.011632751985782955,0.0,0.0,0.057421874999999935,1.0,0.005625,8.772077943028764,0.125,0.2480243034268961,0.7198406977884947
mpc_risk_arbitration,human_delay_shift,fragile_reaching,2,1.0,0.578125,0.011160247434724782,0.0,0.0,0.06929687499999995,1.0,0.014765625,8.813698440510125,0.328125,0.2886889012047716,0.7204674987959516
mpc_risk_arbitration,human_delay_shift,fragile_reaching,3,1.0,0.484375,0.011101404872329537,0.0,0.0,0.06335937499999995,1.0,0.010546874999999999,8.794435816749852,0.234375,0.2712105117376299,0.7200350483000596
mpc_risk_arbitration,human_delay_shift,fragile_reaching,4,1.0,0.59375,0.011786108965881064,0.0,0.0,0.06187499999999995,1.0,0.010546874999999999,8.79120717887209,0.234375,0.29064227674545023,0.7207921284511656
mpc_risk_arbitration,human_delay_shift,fragile_reaching,5,0.984375,0.609375,0.011218826139702995,0.0,0.0,0.054453124999999936,1.0,0.002109375,8.754871302054244,0.046875,0.31365010084538736,0.7206546041783028
mpc_risk_arbitration,human_delay_shift,fragile_reaching,6,1.0,0.515625,0.012366908057964867,0.0,0.0,0.06632812499999993,1.0,0.01125,8.798776825042186,0.25,0.27604306178724713,0.7203673949831265
mpc_risk_arbitration,combined_authority_stress,fragile_reaching,0,0.984375,0.5625,0.05051234104218289,0.0078125,0.0,0.24000000000000013,1.0,0.07593749999999996,9.374578583217993,1.6875,0.3240967971644385,0.6445685667128042
mpc_risk_arbitration,combined_authority_stress,fragile_reaching,1,1.0,0.5625,0.053937864346536524,0.0,0.0,0.18953124999999998,0.96875,0.06398437499999997,9.28063445007941,1.421875,0.3248547706187591,0.6469774699682376
mpc_risk_arbitration,combined_authority_stress,fragile_reaching,2,0.96875,0.59375,0.05412463003161989,0.0026041666666666665,0.0,0.21179687500000016,1.0,0.06890624999999997,9.317552844543265,1.53125,0.3400696828347507,0.6472257371826945
mpc_risk_arbitration,combined_authority_stress,fragile_reaching,3,0.953125,0.5625,0.05040311987454971,0.0078125,0.0,0.2088281250000001,1.0,0.07453124999999998,9.338203889486637,1.65625,0.34240440809537875,0.645896569205345
mpc_risk_arbitration,combined_authority_stress,fragile_reaching,4,0.96875,0.65625,0.04703770291235327,0.003125,0.0,0.22812500000000016,0.984375,0.08085937499999996,9.37340953718811,1.796875,0.36468775192714764,0.6477611851247551
mpc_risk_arbitration,combined_authority_stress,fragile_reaching,5,0.953125,0.578125,0.05196137152286826,0.020833333333333332,0.0,0.22218750000000004,1.0,0.07242187499999996,9.343996121405993,1.609375,0.36230068065192955,0.6453890514376033
mpc_risk_arbitration,combined_authority_stress,fragile_reaching,6,0.953125,0.609375,0.052918026709343605,0.013020833333333332,0.0,0.20140625000000004,1.0,0.06609374999999995,9.29957536613437,1.46875,0.3670294813881367,0.6466761035462526
mpc_risk_arbitration,nominal_shared_autonomy,contact_door_opening,0,1.0,0.421875,0.0,0.0,0.0,0.04999999999999995,1.0,0.0,8.6158495496834,0.0,0.2136714475725334,0.77166018012664
mpc_risk_arbitration,nominal_shared_autonomy,contact_door_opening,1,0.984375,0.4375,0.0,0.0,0.0,0.04999999999999995,1.0,0.0,8.61513438367411,0.0,0.2426883864530769,0.7719462465303553
mpc_risk_arbitration,nominal_shared_autonomy,contact_door_opening,2,1.0,0.40625,0.0,0.0,0.0,0.04999999999999995,1.0,0.0,8.61745691474434,0.0,0.21241198592821656,0.7710172341022642
mpc_risk_arbitration,nominal_shared_autonomy,contact_door_opening,3,1.0,0.40625,0.0,0.0,0.0,0.04999999999999995,1.0,0.0,8.615939687473395,0.0,0.21066536082981163,0.7716241250106427
mpc_risk_arbitration,nominal_shared_autonomy,contact_door_opening,4,1.0,0.515625,0.0,0.0,0.0,0.04999999999999995,1.0,0.0,8.613848795691261,0.0,0.24792772345499564,0.7724604817234944
mpc_risk_arbitration,nominal_shared_autonomy,contact_door_opening,5,1.0,0.4375,0.0,0.0,0.0,0.04999999999999995,1.0,0.0,8.611403634659327,0.0,0.22371387632774903,0.7734385461362692
mpc_risk_arbitration,nominal_shared_autonomy,contact_door_opening,6,1.0,0.390625,0.0,0.0,0.0,0.04999999999999995,1.0,0.0,8.613547767986026,0.0,0.21380371790298308,0.7725808928055907
mpc_risk_arbitration,intent_ambiguity_shift,contact_door_opening,0,1.0,0.453125,0.00024022311614630717,0.0,0.0,0.04999999999999995,1.0,0.0,8.73479882446492,0.0,0.2533753587702576,0.7240804702140321
mpc_risk_arbitration,intent_ambiguity_shift,contact_door_opening,1,1.0,0.34375,0.00040396341053530944,0.0,0.0,0.04999999999999995,1.0,0.0,8.732817243937228,0.0,0.22885860772932726,0.7248731024251093
mpc_risk_arbitration,intent_ambiguity_shift,contact_door_opening,2,1.0,0.421875,0.00029676428574298747,0.0,0.0,0.04999999999999995,1.0,0.0,8.73696430564012,0.0,0.2316238932732293,0.7232142777439525
mpc_risk_arbitration,intent_ambiguity_shift,contact_door_opening,3,1.0,0.4375,0.00047630404599965546,0.0,0.0,0.04999999999999995,1.0,0.0,8.737344629771277,0.0,0.24304678719714792,0.723062148091489
mpc_risk_arbitration,intent_ambiguity_shift,contact_door_opening,4,1.0,0.40625,0.00027057150418147987,0.0,0.0,0.05148437499999995,1.0,0.000703125,8.740446146420382,0.015625,0.23271726605752288,0.7233559164318469
mpc_risk_arbitration,intent_ambiguity_shift,contact_door_opening,5,1.0,0.421875,0.0003363047040919347,0.0,0.0,0.04999999999999995,1.0,0.0,8.735198532116408,0.0,0.2464781158195395,0.7239205871534374
mpc_risk_arbitration,intent_ambiguity_shift,contact_door_opening,6,1.0,0.359375,0.00029745019041734643,0.0,0.0,0.04999999999999995,1.0,0.0,8.734338269897979,0.0,0.22243105682100123,0.7242646920408086
mpc_risk_arbitration,contact_mode_shift,contact_door_opening,0,1.0,0.4375,0.0,0.0,0.0,0.04999999999999995,1.0,0.0,8.755750165486463,0.0,0.27287448899508226,0.7156999338054147
mpc_risk_arbitration,contact_mode_shift,contact_door_opening,1,1.0,0.453125,0.0,0.0,0.0,0.04999999999999995,1.0,0.0,8.759762984544711,0.0,0.2691684455080081,0.7140948061821167
mpc_risk_arbitration,contact_mode_shift,contact_door_opening,2,1.0,0.625,0.0,0.0,0.0,0.04999999999999995,1.0,0.0,8.756880823676616,0.0,0.31797411594204844,0.7152476705293539
mpc_risk_arbitration,contact_mode_shift,contact_door_opening,3,1.0,0.46875,0.0,0.0,0.0,0.04999999999999995,1.0,0.0,8.754793387076578,0.0,0.2761729684947014,0.7160826451693685
mpc_risk_arbitration,contact_mode_shift,contact_door_opening,4,1.0,0.421875,0.0,0.0,0.0,0.04999999999999995,1.0,0.0,8.7590328980483,0.0,0.255856901947248,0.7143868407806815
mpc_risk_arbitration,contact_mode_shift,contact_door_opening,5,0.984375,0.546875,0.0,0.0,0.0,0.04999999999999995,1.0,0.0,8.762787535331519,0.0,0.3118121349079557,0.7128849858673919
mpc_risk_arbitration,contact_mode_shift,contact_door_opening,6,0.984375,0.546875,0.0,0.0,0.0,0.04999999999999995,1.0,0.0,8.755355633281903,0.0,0.29995195767565186,0.7158577466872402
mpc_risk_arbitration,human_delay_shift,contact_door_opening,0,1.0,0.390625,0.0,0.0,0.0,0.04999999999999995,1.0,0.0,8.714187428299603,0.0,0.23208026930247075,0.7323250286801583
mpc_risk_arbitration,human_delay_shift,contact_door_opening,1,1.0,0.5,0.0,0.0,0.0,0.04999999999999995,1.0,0.0,8.711888977534,0.0,0.2785901286004945,0.7332444089863995
mpc_risk_arbitration,human_delay_shift,contact_door_opening,2,1.0,0.46875,0.0,0.0,0.0,0.04999999999999995,1.0,0.0,8.709263850027801,0.0,0.23700902487793302,0.7342944599888804
mpc_risk_arbitration,human_delay_shift,contact_door_opening,3,1.0,0.546875,0.0,0.0,0.0,0.04999999999999995,1.0,0.0,8.712014659987464,0.0,0.2839239041032641,0.7331941360050138
mpc_risk_arbitration,human_delay_shift,contact_door_opening,4,1.0,0.390625,0.0,0.0,0.0,0.04999999999999995,1.0,0.0,8.708365419070207,0.0,0.22781716827725626,0.7346538323719181
mpc_risk_arbitration,human_delay_shift,contact_door_opening,5,1.0,0.40625,0.0,0.0,0.0,0.04999999999999995,1.0,0.0,8.710940628249196,0.0,0.25283766747918096,0.7336237487003214
mpc_risk_arbitration,human_delay_shift,contact_door_opening,6,0.984375,0.484375,0.0,0.0,0.0,0.04999999999999995,1.0,0.0,8.711900509731178,0.0,0.2662615913211611,0.7332397961075284
mpc_risk_arbitration,combined_authority_stress,contact_door_opening,0,0.984375,0.484375,0.0,0.0,0.0,0.04999999999999995,1.0,0.0,8.873855880020464,0.0,0.32066938904918774,0.6684576479918147
mpc_risk_arbitration,combined_authority_stress,contact_door_opening,1,0.984375,0.703125,0.0,0.0,0.0,0.04999999999999995,1.0,0.0,8.872018961339283,0.0,0.35931019941276326,0.6691924154642854
mpc_risk_arbitration,combined_authority_stress,contact_door_opening,2,1.0,0.65625,0.0,0.0,0.0,0.04999999999999995,1.0,0.0,8.871030494973118,0.0,0.3480951892498824,0.669587802010753
mpc_risk_arbitration,combined_authority_stress,contact_door_opening,3,0.953125,0.609375,0.0,0.0,0.0,0.04999999999999995,1.0,0.0,8.877008074167133,0.0,0.34951884780149184,0.6671967703331473
mpc_risk_arbitration,combined_authority_stress,contact_door_opening,4,0.984375,0.59375,0.0,0.0,0.0,0.04999999999999995,1.0,0.0,8.872017581091956,0.0,0.33249151874393296,0.6691929675632181
mpc_risk_arbitration,combined_authority_stress,contact_door_opening,5,1.0,0.5625,0.0,0.0,0.0,0.04999999999999995,1.0,0.0,8.87040851839166,0.0,0.29997306001562235,0.6698365926433354
mpc_risk_arbitration,combined_authority_stress,contact_door_opening,6,0.984375,0.578125,0.0,0.0,0.0,0.04999999999999995,1.0,0.0,8.871450762782871,0.0,0.32550773404195193,0.6694196948868517
mpc_risk_arbitration,nominal_shared_autonomy,delayed_corridor_navigation,0,1.0,0.53125,0.013517836243579315,0.0,0.0,0.06335937499999995,1.0,0.007734374999999998,8.757338099508006,0.171875,0.2791667538688379,0.7308741351967974
mpc_risk_arbitration,nominal_shared_autonomy,delayed_corridor_navigation,1,1.0,0.34375,0.01385787106012579,0.0,0.0,0.05890624999999995,1.0,0.006328125,8.75090514411011,0.140625,0.23500605235247995,0.7298441923559585
mpc_risk_arbitration,nominal_shared_autonomy,delayed_corridor_navigation,2,1.0,0.375,0.011931480350090192,0.0,0.0,0.06484374999999998,1.0,0.00984375,8.765685567876586,0.21875,0.23228092233385142,0.7310695228493653
mpc_risk_arbitration,nominal_shared_autonomy,delayed_corridor_navigation,3,1.0,0.421875,0.013189058987072597,0.0,0.0,0.06335937499999995,1.0,0.008437499999999999,8.761867992163491,0.1875,0.24677435790136107,0.7300621781346044
mpc_risk_arbitration,nominal_shared_autonomy,delayed_corridor_navigation,4,1.0,0.421875,0.012926786218725504,0.0,0.0,0.05742187499999994,1.0,0.005625,8.742318083924703,0.125,0.24026474654660332,0.7317446414301196
mpc_risk_arbitration,nominal_shared_autonomy,delayed_corridor_navigation,5,1.0,0.453125,0.01324550471195502,0.0,0.0,0.05742187499999995,1.0,0.0035156249999999997,8.738553856301,0.078125,0.24033013039879958,0.7302503324795997
mpc_risk_arbitration,nominal_shared_autonomy,delayed_corridor_navigation,6,1.0,0.5,0.012390650660169035,0.0,0.0,0.06335937499999995,1.0,0.009140625,8.761648457922474,0.203125,0.2546533013399854,0.7311499918310115
mpc_risk_arbitration,intent_ambiguity_shift,delayed_corridor_navigation,0,1.0,0.453125,0.05124868028180754,0.0,0.0,0.12718750000000004,0.984375,0.047812499999999994,9.09315717538753,1.0625,0.2670925694497634,0.676524629844987
mpc_risk_arbitration,intent_ambiguity_shift,delayed_corridor_navigation,1,1.0,0.515625,0.052341764967069895,0.0,0.0,0.10937499999999999,1.0,0.03515625,9.028291623856097,0.78125,0.27673349623196025,0.6780583504575612
mpc_risk_arbitration,intent_ambiguity_shift,delayed_corridor_navigation,2,1.0,0.328125,0.05134127578225262,0.0,0.0,0.12273437499999997,0.96875,0.03937499999999997,9.058751439583258,0.875,0.22983243665995431,0.6766837991666959
mpc_risk_arbitration,intent_ambiguity_shift,delayed_corridor_navigation,3,1.0,0.53125,0.049543351591972574,0.0,0.0,0.156875,1.0,0.045703125000000004,9.119905309910052,1.015625,0.2860788208974018,0.6735128760359799
mpc_risk_arbitration,intent_ambiguity_shift,delayed_corridor_navigation,4,0.984375,0.375,0.05034465740917135,0.0,0.0,0.15687499999999996,0.984375,0.044999999999999984,9.117327556869961,1.0,0.2594544674946228,0.6735439772520159
mpc_risk_arbitration,intent_ambiguity_shift,delayed_corridor_navigation,5,1.0,0.40625,0.049055647794218685,0.0,0.0,0.152421875,1.0,0.06046874999999999,9.166250553777376,1.34375,0.2592825363217641,0.6743716534890488
mpc_risk_arbitration,intent_ambiguity_shift,delayed_corridor_navigation,6,0.984375,0.4375,0.0513082276836411,0.015625,0.0,0.137578125,1.0,0.041484374999999976,9.080748714667486,0.921875,0.2691160374524995,0.6762286391330077
mpc_risk_arbitration,contact_mode_shift,delayed_corridor_navigation,0,0.96875,0.53125,0.009497648799314489,0.0,0.0,0.06039062499999994,1.0,0.008437499999999999,8.907001289248921,0.1875,0.32667673229804184,0.6709401093004316
mpc_risk_arbitration,contact_mode_shift,delayed_corridor_navigation,1,0.96875,0.515625,0.01020105453831253,0.0,0.0,0.05890624999999995,1.0,0.007031249999999999,8.90177779976557,0.15625,0.324850015671098,0.670495130093773
mpc_risk_arbitration,contact_mode_shift,delayed_corridor_navigation,2,1.0,0.609375,0.01018117635503625,0.0,0.0,0.05593749999999994,1.0,0.0028125,8.883604809421593,0.0625,0.32418890555648333,0.6706955762313644
mpc_risk_arbitration,contact_mode_shift,delayed_corridor_navigation,3,1.0,0.640625,0.010279207307911755,0.0,0.0,0.06039062499999996,1.0,0.009140625,8.909351379876107,0.203125,0.333095453734007,0.6710000730495577
mpc_risk_arbitration,contact_mode_shift,delayed_corridor_navigation,4,1.0,0.578125,0.010169989545489005,0.0,0.0,0.061874999999999944,1.0,0.009843749999999998,8.913578347852441,0.21875,0.32243163430820576,0.6708436608590257
mpc_risk_arbitration,contact_mode_shift,delayed_corridor_navigation,5,1.0,0.53125,0.008395768982570486,0.0,0.0,0.05445312499999994,1.0,0.0028125,8.877888088565062,0.0625,0.3138674226716083,0.6724478895739753
mpc_risk_arbitration,contact_mode_shift,delayed_corridor_navigation,6,0.984375,0.609375,0.009045865582761554,0.0,0.0,0.058906249999999924,1.0,0.0063281249999999995,8.895650256042615,0.140625,0.33400709932532374,0.6719461475829545
mpc_risk_arbitration,human_delay_shift,delayed_corridor_navigation,0,1.0,0.5625,0.0,0.0,0.0,0.04999999999999995,1.0,0.0,8.813645086462351,0.0,0.2870789707462546,0.6925419654150593
mpc_risk_arbitration,human_delay_shift,delayed_corridor_navigation,1,1.0,0.453125,0.0,0.0,0.0,0.04999999999999995,1.0,0.0,8.816142455737385,0.0,0.27043919878572537,0.6915430177050469
mpc_risk_arbitration,human_delay_shift,delayed_corridor_navigation,2,1.0,0.515625,0.0,0.0,0.0,0.04999999999999995,1.0,0.0,8.81433932162222,0.0,0.2907612673864232,0.692264271351111
mpc_risk_arbitration,human_delay_shift,delayed_corridor_navigation,3,0.984375,0.625,0.0,0.0,0.0,0.04999999999999995,1.0,0.0,8.815060611649512,0.0,0.30821848597046475,0.6919757553401964
mpc_risk_arbitration,human_delay_shift,delayed_corridor_navigation,4,1.0,0.46875,0.0,0.0,0.0,0.04999999999999995,1.0,0.0,8.81386193723871,0.0,0.2544976413040144,0.6924552251045154
mpc_risk_arbitration,human_delay_shift,delayed_corridor_navigation,5,1.0,0.546875,0.0,0.0,0.0,0.04999999999999995,1.0,0.0,8.815538952846916,0.0,0.28472972377397693,0.6917844188612328
mpc_risk_arbitration,human_delay_shift,delayed_corridor_navigation,6,1.0,0.421875,0.0,0.0,0.0,0.04999999999999995,1.0,0.0,8.814983085162373,0.0,0.2701180749175062,0.6920067659350501
mpc_risk_arbitration,combined_authority_stress,delayed_corridor_navigation,0,0.96875,0.59375,0.0019438159059391267,0.0,0.0,0.052968749999999946,1.0,0.00140625,8.990555594683963,0.03125,0.358467717665022,0.6248465121264154
mpc_risk_arbitration,combined_authority_stress,delayed_corridor_navigation,1,0.984375,0.59375,0.0019756266416224256,0.0,0.0,0.05296874999999994,1.0,0.002109375,8.986431791867897,0.046875,0.36486548735847846,0.6274960332528406
mpc_risk_arbitration,combined_authority_stress,delayed_corridor_navigation,2,0.96875,0.625,0.001904514365914066,0.0,0.0,0.05148437499999994,1.0,0.00140625,8.985082976552835,0.03125,0.3605642868780975,0.6265011843788661
mpc_risk_arbitration,combined_authority_stress,delayed_corridor_navigation,3,1.0,0.625,0.0016859204583613728,0.0,0.0,0.05148437499999995,1.0,0.00140625,8.98577074490173,0.03125,0.3528602256361739,0.6262260770393077
mpc_risk_arbitration,combined_authority_stress,delayed_corridor_navigation,4,0.953125,0.625,0.0021138636803573565,0.0,0.0,0.04999999999999995,1.0,0.0,8.980662696515534,0.0,0.37485285889454245,0.625734921393788
mpc_risk_arbitration,combined_authority_stress,delayed_corridor_navigation,5,0.9375,0.609375,0.002083151718670668,0.0,0.0,0.05148437499999995,1.0,0.00140625,8.986310448916033,0.03125,0.36638975800980894,0.6260101954335867
mpc_risk_arbitration,combined_authority_stress,delayed_corridor_navigation,6,1.0,0.703125,0.0017526358095736447,0.0,0.0,0.05148437499999995,1.0,0.000703125,8.983079749093488,0.015625,0.35906198733151146,0.6263024753626049
mpc_risk_arbitration,nominal_shared_autonomy,tool_alignment,0,1.0,0.40625,0.05709075494158531,0.01171875,0.0,0.17765625000000004,1.0,0.07664062499999996,9.145329750036836,1.703125,0.2238363398429893,0.7148243499852656
mpc_risk_arbitration,nominal_shared_autonomy,tool_alignment,1,1.0,0.4375,0.05403380238656407,0.01171875,0.0,0.20289062500000013,0.984375,0.08578124999999993,9.20441524780631,1.90625,0.24199657127369528,0.7132745258774762
mpc_risk_arbitration,nominal_shared_autonomy,tool_alignment,2,1.0,0.40625,0.05677336374666598,0.01171875,0.0,0.1746875000000001,1.0,0.05906249999999998,9.076609640257864,1.3125,0.21788514078369114,0.7162436438968535
mpc_risk_arbitration,nominal_shared_autonomy,tool_alignment,3,1.0,0.34375,0.05789918150486965,0.0234375,0.0,0.17765625000000013,1.0,0.05343749999999998,9.062634041682273,1.1875,0.20331486956664194,0.7149026333270894
mpc_risk_arbitration,nominal_shared_autonomy,tool_alignment,4,1.0,0.421875,0.05607586868846286,0.0,0.0,0.16875000000000004,0.984375,0.059062499999999976,9.069404083040046,1.3125,0.24622309426791525,0.7169883667839821
mpc_risk_arbitration,nominal_shared_autonomy,tool_alignment,5,1.0,0.46875,0.05607902974390498,0.0,0.0,0.1791406250000001,0.984375,0.06960937499999997,9.124550483497043,1.546875,0.25049188346050155,0.7136704316011815
mpc_risk_arbitration,nominal_shared_autonomy,tool_alignment,6,1.0,0.3125,0.05567916120541942,0.0078125,0.0,0.1880468750000001,0.984375,0.06820312499999996,9.125494473618824,1.515625,0.20746582462309374,0.7144990855524698
mpc_risk_arbitration,intent_ambiguity_shift,tool_alignment,0,1.0,0.375,0.06523117746069919,0.13619791666666667,0.0,0.47453124999999996,0.921875,0.12234374999999989,9.731155037587472,2.71875,0.24130355650666202,0.6523692349650111
mpc_risk_arbitration,intent_ambiguity_shift,tool_alignment,1,1.0,0.46875,0.05164506695209723,0.164453125,0.0,0.5606249999999999,0.96875,0.11390624999999993,9.78477715855105,2.53125,0.25195548173300614,0.6499141365795799
mpc_risk_arbitration,intent_ambiguity_shift,tool_alignment,2,1.0,0.4375,0.059095621694537165,0.18117559523809526,0.0,0.5086718749999999,0.953125,0.1364062499999999,9.811307463138577,3.03125,0.2419514005826127,0.6525988897445693
mpc_risk_arbitration,intent_ambiguity_shift,tool_alignment,3,1.0,0.5,0.05950611854168909,0.15442708333333335,0.0,0.5042187499999999,0.953125,0.1174218749999999,9.734674718582262,2.609375,0.28049863359022625,0.6546488625670948
mpc_risk_arbitration,intent_ambiguity_shift,tool_alignment,4,1.0,0.328125,0.05920227988919931,0.11484375,0.0,0.5086718749999999,0.953125,0.1075781249999999,9.712091981516243,2.390625,0.22688673569303597,0.651285082393503
mpc_risk_arbitration,intent_ambiguity_shift,tool_alignment,5,1.0,0.515625,0.057023380844158734,0.12135416666666667,0.0,0.5175781249999998,0.96875,0.11812499999999988,9.755472369103787,2.625,0.25305348414539747,0.6521391773584863
mpc_risk_arbitration,intent_ambiguity_shift,tool_alignment,6,1.0,0.390625,0.06165701258401257,0.13229166666666667,0.0,0.4849218749999999,0.953125,0.10968749999999988,9.695561549129748,2.4375,0.2444075037337852,0.6523472553481012
mpc_risk_arbitration,contact_mode_shift,tool_alignment,0,0.984375,0.53125,0.05065167703691007,0.0,0.0,0.14648437500000008,1.0,0.054140625,9.178945803201497,1.203125,0.30631623259397583,0.6581560537194011
mpc_risk_arbitration,contact_mode_shift,tool_alignment,1,1.0,0.375,0.05392074625283285,0.0,0.0,0.13312499999999997,1.0,0.045703125,9.131886028570918,1.015625,0.2676894466918767,0.6601705885716329
mpc_risk_arbitration,contact_mode_shift,tool_alignment,2,1.0,0.484375,0.05463161062270235,0.00390625,0.0,0.13757812500000005,1.0,0.04570312499999998,9.140648657625142,1.015625,0.28874630969515885,0.6582686619499432
mpc_risk_arbitration,contact_mode_shift,tool_alignment,3,1.0,0.53125,0.05191298742943086,0.0078125,0.0,0.14351562500000004,1.0,0.05273437499999998,9.17034179532933,1.171875,0.2996482781034049,0.6585289068682687
mpc_risk_arbitration,contact_mode_shift,tool_alignment,4,1.0,0.546875,0.05043366377721725,0.0,0.0,0.17617187500000012,1.0,0.06257812499999997,9.241571496286717,1.390625,0.2961616999477633,0.6557932764853143
mpc_risk_arbitration,contact_mode_shift,tool_alignment,5,0.984375,0.609375,0.05147120425231392,0.0,0.0,0.15835937500000008,1.0,0.052734374999999986,9.187636971276758,1.171875,0.30955725530157024,0.6569545864892962
mpc_risk_arbitration,contact_mode_shift,tool_alignment,6,1.0,0.484375,0.05101280483996417,0.0,0.0,0.15390625000000008,0.984375,0.06257812499999997,9.218361177898156,1.390625,0.2960056424540602,0.6570617788407377
mpc_risk_arbitration,human_delay_shift,tool_alignment,0,0.984375,0.421875,0.0018416767477150249,0.0,0.0,0.04999999999999995,1.0,0.0,8.838904672348724,0.0,0.2587939392213868,0.6824381310605109
mpc_risk_arbitration,human_delay_shift,tool_alignment,1,1.0,0.40625,0.0015157004110937654,0.0,0.0,0.05148437499999995,1.0,0.00140625,8.842452284246441,0.03125,0.25551314533744046,0.6835534613014235
mpc_risk_arbitration,human_delay_shift,tool_alignment,2,1.0,0.5,0.0019272510563039884,0.0,0.0,0.05148437499999994,1.0,0.00140625,8.84477097218357,0.03125,0.2771789061174161,0.6826259861265715
mpc_risk_arbitration,human_delay_shift,tool_alignment,3,1.0,0.421875,0.0016205976825128224,0.0,0.0,0.04999999999999995,1.0,0.0,8.836694825553533,0.0,0.23876314342713448,0.6833220697785869
mpc_risk_arbitration,human_delay_shift,tool_alignment,4,1.0,0.5625,0.0017443263330715476,0.0,0.0,0.04999999999999995,1.0,0.0,8.841081282779564,0.0,0.2830443640303714,0.6815674868881737
mpc_risk_arbitration,human_delay_shift,tool_alignment,5,1.0,0.484375,0.002211674753989372,0.0,0.0,0.04999999999999995,1.0,0.0,8.833977498105488,0.0,0.2757073807006657,0.6844090007578048
mpc_risk_arbitration,human_delay_shift,tool_alignment,6,1.0,0.5,0.0016595361954309766,0.0,0.0,0.04999999999999995,1.0,0.0,8.836562886209615,0.0,0.2783279421521474,0.6833748455161537
mpc_risk_arbitration,combined_authority_stress,tool_alignment,0,0.984375,0.515625,0.029308773019849545,0.0,0.0,0.08117187499999992,1.0,0.022500000000000003,9.115720525777158,0.5,0.3376012712423679,0.6149336646891366
mpc_risk_arbitration,combined_authority_stress,tool_alignment,1,0.96875,0.453125,0.031116072515004357,0.0,0.0,0.07226562499999993,1.0,0.015468750000000002,9.078083193091652,0.34375,0.31296653479172715,0.6167823477633396
mpc_risk_arbitration,combined_authority_stress,tool_alignment,2,0.96875,0.640625,0.031168415529440874,0.0,0.0,0.0782031249999999,1.0,0.019687500000000004,9.102954755790085,0.4375,0.35602899842395447,0.6149712226839661
mpc_risk_arbitration,combined_authority_stress,tool_alignment,3,0.953125,0.546875,0.02819502634324578,0.0,0.0,0.08414062499999994,1.0,0.023203125,9.114762006679602,0.515625,0.34048348753423174,0.6173858223281576
mpc_risk_arbitration,combined_authority_stress,tool_alignment,4,1.0,0.453125,0.03086203179828105,0.0,0.0,0.08117187499999998,1.0,0.0225,9.110698875555547,0.5,0.2938357300319821,0.6169423247777817
mpc_risk_arbitration,combined_authority_stress,tool_alignment,5,1.0,0.578125,0.02902155503961136,0.0,0.0,0.07523437499999994,1.0,0.015468749999999998,9.083496059300533,0.34375,0.32939763675349476,0.6156859512797883
mpc_risk_arbitration,combined_authority_stress,tool_alignment,6,0.96875,0.53125,0.03218942148573665,0.0,0.0,0.06632812499999995,1.0,0.012656249999999999,9.064113099818393,0.28125,0.3373468871922666,0.6162328850726418
controller_fusion_prior,nominal_shared_autonomy,fragile_reaching,0,0.828125,0.65625,0.43104265837434674,1.0,0.0,0.10574999999999994,0.0,0.17296874999999984,9.401549494266588,3.84375,0.4594344243600542,0.7234502022933649
controller_fusion_prior,nominal_shared_autonomy,fragile_reaching,1,0.96875,0.6875,0.428069855790764,1.0,0.0,0.10490624999999999,0.0,0.17929687499999983,9.422014639006758,3.984375,0.4004237594652722,0.7239603943972986
controller_fusion_prior,nominal_shared_autonomy,fragile_reaching,2,0.875,0.734375,0.42477288543279534,1.0,0.0,0.11418749999999998,0.0,0.16101562499999986,9.36630197468725,3.578125,0.4684510492508892,0.7235867101251015
controller_fusion_prior,nominal_shared_autonomy,fragile_reaching,3,0.875,0.640625,0.43214597274132505,1.0,0.0,0.10518749999999995,0.0,0.1933593749999998,9.475054137375059,4.296875,0.4364249559436502,0.7228458450499781
controller_fusion_prior,nominal_shared_autonomy,fragile_reaching,4,0.90625,0.734375,0.43028399624873725,1.0,0.0,0.10546875000000001,0.0,0.16804687499999985,9.382651770629344,3.734375,0.43230963391835964,0.7239080417482622
controller_fusion_prior,nominal_shared_autonomy,fragile_reaching,5,0.9375,0.71875,0.4322445303457075,1.0,0.0,0.10715624999999998,0.0,0.18281249999999982,9.434573403980247,4.0625,0.4267888061806845,0.7247468884079016
controller_fusion_prior,nominal_shared_autonomy,fragile_reaching,6,0.890625,0.671875,0.42489703269605067,0.984375,0.0,0.11193749999999995,0.0,0.16664062499999985,9.381089837270055,3.703125,0.4120695871993216,0.7248615650919782
controller_fusion_prior,intent_ambiguity_shift,fragile_reaching,0,0.921875,0.671875,0.5119904897549783,0.8469308035714287,0.11249999999999998,0.19265624999999992,0.421875,0.1891406249999998,9.735775894518204,4.203125,0.445588600547921,0.6440458921927176
controller_fusion_prior,intent_ambiguity_shift,fragile_reaching,1,0.921875,0.578125,0.5105247488044832,0.8752170138888887,0.09531249999999995,0.18865625,0.265625,0.19476562499999983,9.749493100472902,4.328125,0.4052744651667229,0.6451190098108407
controller_fusion_prior,intent_ambiguity_shift,fragile_reaching,2,0.890625,0.65625,0.4961949058641099,0.8093377976190477,0.075,0.20803125,0.421875,0.18210937499999985,9.723026805874298,4.046875,0.43887775021372655,0.6446805276502806
controller_fusion_prior,intent_ambiguity_shift,fragile_reaching,3,0.9375,0.65625,0.5101440435009988,0.8612537202380951,0.08437499999999998,0.19090624999999997,0.390625,0.19124999999999984,9.738503883442938,4.25,0.4317543555729129,0.6453246966228258
controller_fusion_prior,intent_ambiguity_shift,fragile_reaching,4,0.875,0.71875,0.5183479220447189,0.8887462797619045,0.08437500000000002,0.17496875,0.296875,0.17789062499999986,9.680372829948597,3.953125,0.4791785833174834,0.6438396180205631
controller_fusion_prior,intent_ambiguity_shift,fragile_reaching,5,0.90625,0.5625,0.5135751566345823,0.8594618055555553,0.09374999999999999,0.18512500000000004,0.328125,0.18070312499999983,9.695877214376837,4.015625,0.4162953424818669,0.6452941142492659
controller_fusion_prior,intent_ambiguity_shift,fragile_reaching,6,0.9375,0.625,0.5047472801418574,0.8417782738095237,0.07812500000000001,0.19590625,0.46875,0.1961718749999998,9.761120612015828,4.359375,0.40125202443540675,0.64507800519367
controller_fusion_prior,contact_mode_shift,fragile_reaching,0,0.859375,0.65625,0.452961444796205,0.09375,0.004687500000000001,0.17803124999999986,0.0,0.007031249999999999,9.104660292541276,0.15625,0.46395710932894435,0.6322271329834913
controller_fusion_prior,contact_mode_shift,fragile_reaching,1,0.890625,0.671875,0.4518515063111923,0.0625,0.003125,0.17887499999999987,0.0,0.00421875,9.101111402742488,0.09375,0.4697575055711399,0.6299504389030051
controller_fusion_prior,contact_mode_shift,fragile_reaching,2,0.859375,0.75,0.4529544089144273,0.140625,0.004687500000000001,0.17746874999999987,0.0,0.010546875,9.117268567124496,0.234375,0.4875854246616166,0.6319813231502024
controller_fusion_prior,contact_mode_shift,fragile_reaching,3,0.890625,0.703125,0.45111558472181923,0.046875,0.003125,0.17915624999999985,0.0,0.003515625,9.089428728227356,0.078125,0.47161321750447904,0.6337247587090594
controller_fusion_prior,contact_mode_shift,fragile_reaching,4,0.984375,0.609375,0.4524103199042527,0.046875,0.0015625,0.17915624999999985,0.0,0.002109375,9.089324711341195,0.046875,0.40725334466732804,0.6317663654635217
controller_fusion_prior,contact_mode_shift,fragile_reaching,5,0.890625,0.671875,0.45195052703857314,0.09375,0.004687500000000001,0.17831249999999987,0.0,0.006328124999999999,9.105335542890638,0.140625,0.4661322922675827,0.6310582828437458
controller_fusion_prior,contact_mode_shift,fragile_reaching,6,0.921875,0.71875,0.4497802689450796,0.09375,0.004687500000000001,0.17831249999999987,0.0,0.007031249999999999,9.10158681575345,0.15625,0.45679557829159895,0.6335577736986202
controller_fusion_prior,human_delay_shift,fragile_reaching,0,0.8125,0.65625,0.35797596961761036,0.859375,0.014062499999999999,0.152875,0.0,0.09421874999999993,9.31903015954512,2.09375,0.479071275370704,0.6614229361819527
controller_fusion_prior,human_delay_shift,fragile_reaching,1,0.90625,0.765625,0.3645467681324367,0.890625,0.0203125,0.14625000000000005,0.0,0.11390624999999993,9.384247884520855,2.53125,0.4658354839438506,0.6609508461916579
controller_fusion_prior,human_delay_shift,fragile_reaching,2,0.828125,0.71875,0.36316567866896,0.8385416666666667,0.0234375,0.14950000000000005,0.015625,0.1033593749999999,9.350957951107564,2.296875,0.483513210739315,0.6604368195569759
controller_fusion_prior,human_delay_shift,fragile_reaching,3,0.890625,0.671875,0.36208976685267114,0.890625,0.014062499999999999,0.14950000000000002,0.0,0.10054687499999992,9.337998109568595,2.234375,0.45558216906385207,0.6616207561725609
controller_fusion_prior,human_delay_shift,fragile_reaching,4,0.9375,0.6875,0.36201960455892496,0.87109375,0.004687500000000001,0.14893750000000003,0.0,0.0942187499999999,9.318078102611937,2.09375,0.4303813080207317,0.6603862589552241
controller_fusion_prior,human_delay_shift,fragile_reaching,5,0.90625,0.765625,0.3579298187708767,0.875,0.017187499999999998,0.1524375,0.0,0.09562499999999993,9.321622315512537,2.125,0.4519095762789317,0.6622285737949842
controller_fusion_prior,human_delay_shift,fragile_reaching,6,0.953125,0.640625,0.36167889140167514,0.871875,0.014062499999999999,0.1506250000000001,0.015625,0.09984374999999994,9.33934818906848,2.21875,0.4089600756452399,0.6604857243726089
controller_fusion_prior,combined_authority_stress,fragile_reaching,0,0.671875,0.75,0.4683270350738142,0.2236979166666667,0.0078125,0.20237499999999992,0.140625,0.027421875,9.368732395114558,0.609375,0.5328423613658333,0.5643620419541768
controller_fusion_prior,combined_authority_stress,fragile_reaching,1,0.71875,0.78125,0.47259151549564715,0.08333333333333333,0.0015625,0.1938124999999998,0.109375,0.016171875,9.317651105087291,0.359375,0.5342036346253732,0.5657120579650826
controller_fusion_prior,combined_authority_stress,fragile_reaching,2,0.703125,0.875,0.47769158455924804,0.0625,0.0015625,0.18868749999999987,0.0625,0.00984375,9.291763512100129,0.21875,0.5750952492494099,0.5652220951599495
controller_fusion_prior,combined_authority_stress,fragile_reaching,3,0.515625,0.734375,0.47865652658727315,0.13932291666666669,0.0078125,0.1911249999999999,0.09375,0.019687500000000004,9.337331179275699,0.4375,0.5272547379440049,0.5618725282897211
controller_fusion_prior,combined_authority_stress,fragile_reaching,4,0.546875,0.78125,0.47338353544126505,0.11197916666666667,0.0,0.19765624999999987,0.125,0.01828125,9.334766607551792,0.40625,0.5315235236738426,0.5632496069792835
controller_fusion_prior,combined_authority_stress,fragile_reaching,5,0.578125,0.796875,0.47573515448243187,0.1328125,0.0015625,0.1989374999999999,0.125,0.0196875,9.343840723328883,0.4375,0.5184670169764922,0.5620812106684454
controller_fusion_prior,combined_authority_stress,fragile_reaching,6,0.515625,0.78125,0.47528509648891815,0.09375,0.0015625,0.1938124999999999,0.046875,0.012656249999999999,9.307239281834054,0.28125,0.5707155478016056,0.5648767872663797
controller_fusion_prior,nominal_shared_autonomy,contact_door_opening,0,0.984375,0.546875,0.3648893623291137,0.4375,0.0,0.17015624999999995,0.0,0.037265625,9.01433263369639,0.828125,0.32832196405179287,0.7085231965214455
controller_fusion_prior,nominal_shared_autonomy,contact_door_opening,1,0.953125,0.453125,0.3695465624588155,0.5,0.0,0.16734375000000004,0.0,0.047109374999999995,9.050903293460665,1.046875,0.3151171649832991,0.7068824326157344
controller_fusion_prior,nominal_shared_autonomy,contact_door_opening,2,0.984375,0.53125,0.3664305477017834,0.46875,0.0,0.16875,0.0,0.037968749999999996,9.017577394902071,0.84375,0.33031880145122744,0.7077190420391721
controller_fusion_prior,nominal_shared_autonomy,contact_door_opening,3,0.984375,0.609375,0.3665613432320741,0.5,0.0,0.16818749999999996,0.0,0.04218749999999999,9.02975812417597,0.9375,0.347631801089378,0.7086442503296132
controller_fusion_prior,nominal_shared_autonomy,contact_door_opening,4,0.90625,0.625,0.3675232481948629,0.5,0.0,0.16790625,0.0,0.04570312499999998,9.046832785064762,1.015625,0.37470792675660763,0.7067131359740977
controller_fusion_prior,nominal_shared_autonomy,contact_door_opening,5,0.984375,0.484375,0.3698670726199175,0.53125,0.0015625,0.16734375,0.0,0.044296874999999986,9.039948140105118,0.984375,0.3079801512845598,0.7072644939579525
controller_fusion_prior,nominal_shared_autonomy,contact_door_opening,6,0.96875,0.703125,0.3681467589769462,0.53125,0.0015625,0.16790624999999998,0.0,0.046406249999999996,9.048688177401669,1.03125,0.3715394069240828,0.706970979039334
controller_fusion_prior,intent_ambiguity_shift,contact_door_opening,0,0.953125,0.6875,0.4322595663367348,0.41484375,0.026562500000000006,0.19278124999999993,0.0,0.05203124999999998,9.288639616208865,1.15625,0.42557177262276186,0.6279454035164548
controller_fusion_prior,intent_ambiguity_shift,contact_door_opening,1,0.96875,0.625,0.42841159219315483,0.42994791666666665,0.028125000000000004,0.19818750000000002,0.015625,0.05203124999999998,9.292254451972227,1.15625,0.37706554719516705,0.6284457192111099
controller_fusion_prior,intent_ambiguity_shift,contact_door_opening,2,0.96875,0.46875,0.4367588141553945,0.3913690476190476,0.021875000000000002,0.18465625000000002,0.015625,0.04359374999999999,9.254477605180671,0.96875,0.33675685013020773,0.6266852079277325
controller_fusion_prior,intent_ambiguity_shift,contact_door_opening,3,0.96875,0.53125,0.4321459147938414,0.4635416666666667,0.021875000000000006,0.19334375000000004,0.015625,0.04570312499999999,9.268799640094693,1.015625,0.3599810848725862,0.6270838939621215
controller_fusion_prior,intent_ambiguity_shift,contact_door_opening,4,0.921875,0.5625,0.43541311111612496,0.42708333333333337,0.023437500000000003,0.18409375000000008,0.0,0.04570312499999998,9.254970934600832,1.015625,0.36679594322303893,0.6292853761596681
controller_fusion_prior,intent_ambiguity_shift,contact_door_opening,5,0.9375,0.546875,0.4347079035511638,0.39453125,0.017187499999999998,0.18678124999999998,0.03125,0.037265625,9.232603654266825,0.828125,0.3791307362936187,0.627199788293271
controller_fusion_prior,intent_ambiguity_shift,contact_door_opening,6,0.90625,0.546875,0.429033295126586,0.3854166666666667,0.015624999999999998,0.1983125,0.046875,0.05062499999999998,9.29262631399454,1.125,0.37997337298017797,0.6263419744021851
controller_fusion_prior,contact_mode_shift,contact_door_opening,0,0.921875,0.6875,0.43886375274270306,0.015625,0.0,0.17971874999999984,0.0,0.000703125,9.120823835643119,0.015625,0.45616351595548016,0.6173692157427526
controller_fusion_prior,contact_mode_shift,contact_door_opening,1,0.90625,0.703125,0.4381367022192658,0.0,0.0,0.17999999999999985,0.0,0.0,9.115449299507697,0.0,0.4513818316216433,0.6186202801969213
controller_fusion_prior,contact_mode_shift,contact_door_opening,2,0.984375,0.625,0.43845712491553823,0.0,0.0,0.17999999999999985,0.0,0.0,9.116934104057838,0.0,0.4120193898391439,0.6180263583768656
controller_fusion_prior,contact_mode_shift,contact_door_opening,3,0.921875,0.6875,0.43802035368666187,0.0,0.0,0.17999999999999985,0.0,0.0,9.115237866627885,0.0,0.4377435809477253,0.6187048533488468
controller_fusion_prior,contact_mode_shift,contact_door_opening,4,0.90625,0.71875,0.4371128418830113,0.0078125,0.0,0.18128124999999984,0.0,0.00140625,9.122256044635266,0.03125,0.4585880718866881,0.618358832145893
controller_fusion_prior,contact_mode_shift,contact_door_opening,5,0.984375,0.578125,0.4386148598705244,0.0,0.0,0.17999999999999985,0.0,0.0,9.12190678276521,0.0,0.4016779427414372,0.6160372868939169
controller_fusion_prior,contact_mode_shift,contact_door_opening,6,0.921875,0.703125,0.43766582829683914,0.0,0.0,0.17999999999999985,0.0,0.0,9.116572913408264,0.0,0.45985923717809196,0.6181708346366939
controller_fusion_prior,human_delay_shift,contact_door_opening,0,0.953125,0.546875,0.4145867551464693,0.125,0.004687500000000001,0.17774999999999985,0.0,0.007734375,9.070920848304988,0.171875,0.3715465116965145,0.6466216606780052
controller_fusion_prior,human_delay_shift,contact_door_opening,1,0.953125,0.5625,0.4159584483500303,0.171875,0.0015625,0.1769062499999999,0.0,0.008437499999999999,9.076025329338716,0.1875,0.3852458089546805,0.6452761182645136
controller_fusion_prior,human_delay_shift,contact_door_opening,2,0.9375,0.609375,0.41711476955412075,0.25,0.0078125,0.17521874999999992,0.0,0.017578125,9.102149285688215,0.390625,0.3889423666756341,0.6472190357247142
controller_fusion_prior,human_delay_shift,contact_door_opening,3,0.96875,0.640625,0.41481507734915873,0.140625,0.004687500000000001,0.1774687499999999,0.0,0.009140625,9.077760435028251,0.203125,0.4003013777332918,0.6457845759886996
controller_fusion_prior,human_delay_shift,contact_door_opening,4,0.9375,0.578125,0.41596136174521614,0.171875,0.00625,0.1769062499999999,0.0,0.011953125,9.085452054282607,0.265625,0.40121994873902445,0.6465054282869569
controller_fusion_prior,human_delay_shift,contact_door_opening,5,0.953125,0.671875,0.4157022276832178,0.171875,0.00625,0.1769062499999999,0.0,0.011953125000000002,9.087022118136195,0.265625,0.4106077021471105,0.6458774027455226
controller_fusion_prior,human_delay_shift,contact_door_opening,6,0.9375,0.53125,0.4155184082608183,0.109375,0.00625,0.1780312499999999,0.0,0.009140624999999998,9.07682431207251,0.203125,0.37694158709631553,0.6463615251709942
controller_fusion_prior,combined_authority_stress,contact_door_opening,0,0.125,0.703125,0.5043917361093442,0.0078125,0.0,0.18128124999999987,0.0,0.00140625,9.29811920774748,0.03125,0.4900735862050424,0.5480135669010091
controller_fusion_prior,combined_authority_stress,contact_door_opening,1,0.078125,0.75,0.5059643877297754,0.0234375,0.0,0.18256249999999985,0.0,0.0028125,9.308473669546629,0.0625,0.5037491027506259,0.5463330321813493
controller_fusion_prior,combined_authority_stress,contact_door_opening,2,0.046875,0.71875,0.504845663050204,0.03125,0.0,0.18256249999999982,0.0,0.002109375,9.30542414805788,0.046875,0.5589906959509847,0.5465528407768501
controller_fusion_prior,combined_authority_stress,contact_door_opening,3,0.0625,0.65625,0.5039238620215765,0.0546875,0.0015625,0.18356249999999985,0.0,0.00421875,9.312405942438996,0.09375,0.5009363267091917,0.5471201230244022
controller_fusion_prior,combined_authority_stress,contact_door_opening,4,0.015625,0.734375,0.5042817139156135,0.046875,0.0,0.18384374999999986,0.0,0.003515625,9.311870542734283,0.078125,0.5119825064428756,0.5464355329062882
controller_fusion_prior,combined_authority_stress,contact_door_opening,5,0.0,0.734375,0.5013277031552805,0.078125,0.0,0.18640624999999983,0.0,0.006328125,9.317975648960317,0.140625,0.5101009191356365,0.5489159904158745
controller_fusion_prior,combined_authority_stress,contact_door_opening,6,0.0,0.765625,0.5060415495595277,0.0,0.0,0.18128124999999984,0.0,0.000703125,9.300156859694821,0.015625,0.5195260981118219,0.5461985061220721
controller_fusion_prior,nominal_shared_autonomy,delayed_corridor_navigation,0,0.921875,0.59375,0.37118828732766584,0.83984375,0.0109375,0.14809375000000002,0.0,0.10898437499999994,9.346870858018475,2.421875,0.39038688795681575,0.6695654067926109
controller_fusion_prior,nominal_shared_autonomy,delayed_corridor_navigation,1,0.953125,0.5625,0.36903875533195657,0.84375,0.012499999999999999,0.14962499999999998,0.0,0.09843749999999993,9.312194484734086,2.1875,0.38254081518105454,0.6689872061063663
controller_fusion_prior,nominal_shared_autonomy,delayed_corridor_navigation,2,0.9375,0.625,0.3669109409890402,0.890625,0.0109375,0.1513125000000001,0.0,0.09140624999999993,9.286891283569844,2.03125,0.3856836240650328,0.6697159865720623
controller_fusion_prior,nominal_shared_autonomy,delayed_corridor_navigation,3,0.921875,0.6875,0.3691361080707816,0.90625,0.0109375,0.14821875000000004,0.0,0.10757812499999991,9.34431973894214,2.390625,0.40761145872557153,0.6686308544231438
controller_fusion_prior,nominal_shared_autonomy,delayed_corridor_navigation,4,0.9375,0.5625,0.36833095251158665,0.875,0.004687500000000001,0.1489375,0.0,0.10406249999999993,9.328153534117085,2.3125,0.37787568924266124,0.6703560863531663
controller_fusion_prior,nominal_shared_autonomy,delayed_corridor_navigation,5,0.96875,0.5625,0.37225514335020476,0.921875,0.012499999999999999,0.14793750000000006,0.0,0.09492187499999993,9.298955783944264,2.109375,0.3723477326336368,0.6686751864222954
controller_fusion_prior,nominal_shared_autonomy,delayed_corridor_navigation,6,0.9375,0.6875,0.3587291939583479,0.76953125,0.009375,0.15950000000000006,0.03125,0.08226562499999997,9.258561295237905,1.828125,0.41165014503857716,0.6709954819048378
controller_fusion_prior,intent_ambiguity_shift,delayed_corridor_navigation,0,0.921875,0.640625,0.4324350637950094,0.7002232142857142,0.06250000000000004,0.242875,0.390625,0.12374999999999992,9.675048969149488,2.75,0.42958279094080337,0.5934154123402062
controller_fusion_prior,intent_ambiguity_shift,delayed_corridor_navigation,1,0.953125,0.609375,0.44226682141751916,0.7338169642857143,0.08124999999999999,0.23056250000000003,0.40625,0.14765624999999988,9.74860903249352,3.28125,0.4136537002844899,0.5935588870025916
controller_fusion_prior,intent_ambiguity_shift,delayed_corridor_navigation,2,0.96875,0.5625,0.4429102755635745,0.765438988095238,0.078125,0.2306875,0.359375,0.14484374999999988,9.745603453191233,3.21875,0.4077765681146322,0.5908061187235066
controller_fusion_prior,intent_ambiguity_shift,delayed_corridor_navigation,3,0.953125,0.640625,0.42631044215010494,0.7125372023809522,0.08281249999999998,0.25315625,0.546875,0.1553906249999999,9.794237719308152,3.453125,0.406897751355931,0.5944411622767394
controller_fusion_prior,intent_ambiguity_shift,delayed_corridor_navigation,4,0.921875,0.6875,0.4342757763920827,0.688095238095238,0.07031250000000001,0.23634375000000007,0.375,0.12937499999999988,9.691603675361657,2.875,0.4246402247323408,0.5924422798553369
controller_fusion_prior,intent_ambiguity_shift,delayed_corridor_navigation,5,0.921875,0.625,0.43507276031255815,0.6882068452380953,0.07656250000000002,0.24181250000000004,0.421875,0.14554687499999988,9.751142014813166,3.234375,0.4125604238874682,0.5935956940747324
controller_fusion_prior,intent_ambiguity_shift,delayed_corridor_navigation,6,0.953125,0.484375,0.4387422351040016,0.7474330357142857,0.0703125,0.23253125000000005,0.375,0.1364062499999999,9.712931028115213,3.03125,0.38280270597243693,0.592538838753917
controller_fusion_prior,contact_mode_shift,delayed_corridor_navigation,0,0.921875,0.71875,0.42318376378527245,0.015625,0.0,0.18256249999999985,0.015625,0.0028125,9.225254145951082,0.0625,0.47828604435142097,0.5796208416195686
controller_fusion_prior,contact_mode_shift,delayed_corridor_navigation,1,0.953125,0.5625,0.4240538286641856,0.03125,0.0015625,0.17943749999999986,0.0,0.00140625,9.214588865151951,0.03125,0.4140668245072857,0.5807619539392204
controller_fusion_prior,contact_mode_shift,delayed_corridor_navigation,2,0.90625,0.609375,0.422182053502892,0.015625,0.0,0.18099999999999983,0.0,0.002109375,9.220495602179271,0.046875,0.44515383042552403,0.5799617591282911
controller_fusion_prior,contact_mode_shift,delayed_corridor_navigation,3,0.9375,0.71875,0.42147165963036676,0.0,0.0,0.17999999999999985,0.0,0.0,9.211287568399714,0.0,0.46892780948513346,0.5802849726401157
controller_fusion_prior,contact_mode_shift,delayed_corridor_navigation,4,0.921875,0.578125,0.42236438578327334,0.0078125,0.0,0.18128124999999987,0.015625,0.00140625,9.217552487159361,0.03125,0.4234421542143678,0.580240255136254
controller_fusion_prior,contact_mode_shift,delayed_corridor_navigation,5,0.859375,0.734375,0.4214114148398733,0.03125,0.0015625,0.17943749999999986,0.0,0.0028125,9.223666622615841,0.0625,0.4950122065716943,0.5791308509536649
controller_fusion_prior,contact_mode_shift,delayed_corridor_navigation,6,0.90625,0.71875,0.42163959850862565,0.0,0.0,0.18128124999999984,0.015625,0.000703125,9.210720027657139,0.015625,0.47444353101677156,0.5819732389371456
controller_fusion_prior,human_delay_shift,delayed_corridor_navigation,0,0.953125,0.609375,0.3930308621385823,0.359375,0.021875000000000002,0.17212499999999997,0.0,0.03093750000000001,9.24329541109918,0.6875,0.3940671079020167,0.6086468355603276
controller_fusion_prior,human_delay_shift,delayed_corridor_navigation,1,0.9375,0.640625,0.3936825279112789,0.4375,0.021875000000000002,0.17071875,0.0,0.029531249999999995,9.23638929566361,0.65625,0.42426574014799695,0.6089030317345568
controller_fusion_prior,human_delay_shift,delayed_corridor_navigation,2,0.90625,0.671875,0.3954729472293957,0.5078125,0.03750000000000001,0.16946874999999997,0.0,0.04570312499999998,9.293785464770513,1.015625,0.45026072587959637,0.6084945640917951
controller_fusion_prior,human_delay_shift,delayed_corridor_navigation,3,0.90625,0.625,0.3963717933963037,0.515625,0.028125000000000004,0.16846875,0.0,0.04218749999999999,9.281144344410565,0.9375,0.4392465503644756,0.6081910122357728
controller_fusion_prior,human_delay_shift,delayed_corridor_navigation,4,0.984375,0.5625,0.3993502014593507,0.578125,0.048437500000000015,0.16621875,0.0,0.05062499999999998,9.308027848105771,1.125,0.3792196219678744,0.608627610757693
controller_fusion_prior,human_delay_shift,delayed_corridor_navigation,5,0.890625,0.578125,0.39288592726713795,0.40625,0.0203125,0.1715625,0.0,0.031640625,9.24361973608214,0.703125,0.4324373598653842,0.6093146055671448
controller_fusion_prior,human_delay_shift,delayed_corridor_navigation,6,0.984375,0.5625,0.39459974842050316,0.53125,0.026562500000000003,0.17003124999999994,0.0,0.04148437499999998,9.275389009180323,0.921875,0.3880475213478307,0.6100556463278685
controller_fusion_prior,combined_authority_stress,delayed_corridor_navigation,0,0.0,0.71875,0.47794758737965803,0.0546875,0.0015625,0.18484374999999986,0.015625,0.004218749999999999,9.401062281115767,0.09375,0.5250766471475119,0.512118837553693
controller_fusion_prior,combined_authority_stress,delayed_corridor_navigation,1,0.0,0.65625,0.479104548090841,0.03125,0.0,0.18256249999999985,0.0,0.00140625,9.392045461806154,0.03125,0.5340789765641883,0.5109043152775388
controller_fusion_prior,combined_authority_stress,delayed_corridor_navigation,2,0.0,0.796875,0.4793149001239582,0.0234375,0.0015625,0.18099999999999986,0.0,0.0028125,9.38874179012283,0.0625,0.5313813372219065,0.5136632839508699
controller_fusion_prior,combined_authority_stress,delayed_corridor_navigation,3,0.0,0.765625,0.48017530742785686,0.0078125,0.0,0.18128124999999984,0.0,0.00140625,9.389172290698154,0.03125,0.5689986819425409,0.5115923337207389
controller_fusion_prior,combined_authority_stress,delayed_corridor_navigation,4,0.0,0.78125,0.47958262040098687,0.0078125,0.0,0.18128124999999984,0.0,0.00140625,9.386939064113376,0.03125,0.5511809575082808,0.5124856243546513
controller_fusion_prior,combined_authority_stress,delayed_corridor_navigation,5,0.0,0.765625,0.47989945373899906,0.03125,0.0015625,0.18099999999999983,0.0,0.00140625,9.389386939621257,0.03125,0.521457778078108,0.511405224151498
controller_fusion_prior,combined_authority_stress,delayed_corridor_navigation,6,0.0,0.734375,0.4812173287008154,0.0,0.0,0.17999999999999985,0.0,0.0,9.382019188884168,0.0,0.5209478165446821,0.5119923244463335
controller_fusion_prior,nominal_shared_autonomy,tool_alignment,0,0.9375,0.578125,0.49387414608658525,0.9921875,0.020312500000000004,0.11593749999999999,0.015625,0.16664062499999988,9.58050220057836,3.703125,0.3987537241920666,0.6465366197686544
controller_fusion_prior,nominal_shared_autonomy,tool_alignment,1,0.96875,0.609375,0.4794790060302275,0.9562313988095238,0.015625,0.12718749999999998,0.015625,0.16804687499999985,9.591091146790877,3.734375,0.3935657788626427,0.6483510412836498
controller_fusion_prior,nominal_shared_autonomy,tool_alignment,2,0.96875,0.5,0.48617638034286575,0.9539062500000001,0.0203125,0.12746874999999994,0.03125,0.16593749999999988,9.589756481119716,3.6875,0.33883018697133166,0.6459861575521141
controller_fusion_prior,nominal_shared_autonomy,tool_alignment,3,0.96875,0.546875,0.48997562338641576,0.9829241071428572,0.028125000000000008,0.12143750000000002,0.0625,0.16804687499999985,9.591188532409252,3.734375,0.3750039795467653,0.6462420870362984
controller_fusion_prior,nominal_shared_autonomy,tool_alignment,4,0.984375,0.515625,0.47943783618256786,0.9639136904761905,0.0203125,0.128375,0.0625,0.16453124999999985,9.578791913911418,3.65625,0.3460423542414062,0.6486982344354333
controller_fusion_prior,nominal_shared_autonomy,tool_alignment,5,0.9375,0.578125,0.48184110845353506,0.9464657738095238,0.017187499999999998,0.131625,0.0625,0.1589062499999999,9.57110454719346,3.53125,0.37608078882217527,0.644943181122616
controller_fusion_prior,nominal_shared_autonomy,tool_alignment,6,0.953125,0.5,0.4835723162214119,0.9608506944444445,0.0203125,0.13009375,0.078125,0.17156249999999984,9.610880154515183,3.8125,0.3548020543805899,0.646481688193927
controller_fusion_prior,intent_ambiguity_shift,tool_alignment,0,0.984375,0.609375,0.3254532411735437,0.5758742559523812,0.0765625,0.52853125,0.96875,0.23484374999999977,10.319259131173792,5.21875,0.3378744195957277,0.5965675975304828
controller_fusion_prior,intent_ambiguity_shift,tool_alignment,1,0.96875,0.375,0.32853351079058474,0.5754092261904764,0.08437499999999996,0.5258125000000001,0.9375,0.24117187499999976,10.339655870044462,5.359375,0.30652673414144777,0.5964301519822157
controller_fusion_prior,intent_ambiguity_shift,tool_alignment,2,1.0,0.453125,0.31732536107137577,0.5693390376984128,0.1015625,0.5423749999999999,0.984375,0.2566406249999998,10.411418070844364,5.703125,0.3003784428115796,0.5956877716622564
controller_fusion_prior,intent_ambiguity_shift,tool_alignment,3,0.984375,0.5625,0.356831824194376,0.5848586309523811,0.10624999999999997,0.48571875000000003,0.921875,0.24539062499999972,10.325751720924323,5.453125,0.34703885829988096,0.5935580616302714
controller_fusion_prior,intent_ambiguity_shift,tool_alignment,4,0.984375,0.546875,0.3449411469463548,0.5978050595238098,0.1,0.5062812499999999,0.953125,0.23765624999999974,10.318082817079528,5.28125,0.3302554680249626,0.5930281231681884
controller_fusion_prior,intent_ambiguity_shift,tool_alignment,5,1.0,0.484375,0.33357003260847634,0.5770027281746033,0.07968750000000002,0.51771875,0.96875,0.24398437499999973,10.344268427572963,5.421875,0.3268616847595441,0.5956713789708167
controller_fusion_prior,intent_ambiguity_shift,tool_alignment,6,1.0,0.5625,0.3384139893604286,0.5996403769841271,0.07968750000000001,0.5070312499999999,0.9375,0.2369531249999998,10.309255953303667,5.265625,0.3404775042399795,0.5958288686785344
controller_fusion_prior,contact_mode_shift,tool_alignment,0,0.609375,0.625,0.4872527544584255,0.1015625,0.0,0.2004999999999999,0.078125,0.016875,9.332980404206564,0.375,0.4394310810433123,0.5629878383173763
controller_fusion_prior,contact_mode_shift,tool_alignment,1,0.609375,0.5625,0.49610604507792005,0.16796875,0.004687500000000001,0.19524999999999992,0.140625,0.021796875000000004,9.34849028256853,0.484375,0.41909280763391094,0.5618938869725889
controller_fusion_prior,contact_mode_shift,tool_alignment,2,0.546875,0.625,0.499100645217903,0.13541666666666666,0.0078125,0.18543749999999984,0.078125,0.01265625,9.303546090407846,0.28125,0.45854416669598297,0.5633390638368625
controller_fusion_prior,contact_mode_shift,tool_alignment,3,0.5625,0.671875,0.49305426022883503,0.19791666666666666,0.00625,0.1980937499999999,0.09375,0.018984374999999994,9.337303636965153,0.421875,0.442546083981978,0.5633922952139402
controller_fusion_prior,contact_mode_shift,tool_alignment,4,0.6875,0.625,0.4958708268950236,0.09375,0.0015625,0.1919687499999999,0.125,0.014765625,9.316042686259024,0.328125,0.436606794227027,0.5636916754963904
controller_fusion_prior,contact_mode_shift,tool_alignment,5,0.515625,0.484375,0.4947237033620469,0.1328125,0.003125,0.19424999999999995,0.125,0.016874999999999998,9.32868908622595,0.375,0.4004692032633227,0.5624543655096209
controller_fusion_prior,contact_mode_shift,tool_alignment,6,0.6875,0.625,0.4944373513030555,0.109375,0.003125,0.1919687499999999,0.109375,0.013359375000000001,9.309135456324091,0.296875,0.4359088768908604,0.5644545674703648
controller_fusion_prior,human_delay_shift,tool_alignment,0,0.984375,0.65625,0.4449769176210626,0.8333333333333333,0.07656249999999998,0.1562812500000001,0.0,0.09492187499999992,9.510098059052709,2.109375,0.4039530610081969,0.5872220263789172
controller_fusion_prior,human_delay_shift,tool_alignment,1,0.9375,0.609375,0.4382332406071463,0.8119791666666666,0.06875,0.16706250000000009,0.0625,0.08578124999999998,9.486095833738178,1.90625,0.41899272991833636,0.5877041665047291
controller_fusion_prior,human_delay_shift,tool_alignment,2,0.984375,0.71875,0.44330179097206984,0.8453124999999999,0.08593749999999997,0.16125000000000006,0.015625,0.08929687499999994,9.497791205579437,1.984375,0.41262470992753303,0.5859335177682262
controller_fusion_prior,human_delay_shift,tool_alignment,3,0.9375,0.671875,0.4442276110108869,0.8841145833333334,0.0734375,0.1585937500000001,0.03125,0.10898437499999991,9.563452560491836,2.421875,0.4283887420943577,0.5867127258032657
controller_fusion_prior,human_delay_shift,tool_alignment,4,0.96875,0.578125,0.43825019037908425,0.8286458333333332,0.06093750000000004,0.17209375000000002,0.078125,0.10757812499999991,9.572117521809977,2.390625,0.4191985893621347,0.5861067412760096
controller_fusion_prior,human_delay_shift,tool_alignment,5,0.953125,0.5625,0.44327772002072013,0.8193576388888887,0.090625,0.16271875000000002,0.015625,0.10124999999999994,9.53804339775626,2.25,0.4116367506219192,0.5873613908974958
controller_fusion_prior,human_delay_shift,tool_alignment,6,0.9375,0.640625,0.443067365425375,0.8763020833333334,0.07187500000000001,0.15928125000000007,0.015625,0.10195312499999994,9.536298935569706,2.265625,0.4246873464137266,0.5878216757721177
controller_fusion_prior,combined_authority_stress,tool_alignment,0,0.0,0.671875,0.47131035879940797,0.33489583333333334,0.0015625,0.27965625,0.5,0.08507812499999996,9.799831635968838,1.890625,0.503248046988895,0.5017435956124665
controller_fusion_prior,combined_authority_stress,tool_alignment,1,0.0,0.53125,0.4808014886500982,0.3589285714285714,0.0015625,0.2637187499999999,0.4375,0.07734374999999996,9.755547611973189,1.71875,0.4383712725208975,0.5027197052107235
controller_fusion_prior,combined_authority_stress,tool_alignment,2,0.0,0.65625,0.4692648320968733,0.375,0.0015625,0.2860624999999999,0.4375,0.08507812499999996,9.801805253718307,1.890625,0.47553500656615827,0.5032603985126785
controller_fusion_prior,combined_authority_stress,tool_alignment,3,0.0,0.65625,0.47744005561546343,0.32447916666666665,0.0015625,0.27196875,0.5,0.07945312499999994,9.773301432184788,1.765625,0.4653679034851473,0.5015881771260863
controller_fusion_prior,combined_authority_stress,tool_alignment,4,0.0,0.671875,0.47772284418407984,0.3046130952380952,0.0015625,0.27453124999999984,0.46875,0.07171874999999996,9.749799534932988,1.59375,0.4741495346797581,0.5009114360268062
controller_fusion_prior,combined_authority_stress,tool_alignment,5,0.0,0.640625,0.47804958686171023,0.35416666666666663,0.0015625,0.27581249999999996,0.453125,0.08578124999999995,9.801640258216178,1.90625,0.4532212463324867,0.5006363967135298
controller_fusion_prior,combined_authority_stress,tool_alignment,6,0.0,0.515625,0.48843536185330183,0.30104166666666665,0.004687500000000001,0.25218749999999995,0.28125,0.061171874999999994,9.695664442204741,1.359375,0.43650380402543054,0.4995217231181036
proposed_authority_boundary,nominal_shared_autonomy,fragile_reaching,0,1.0,0.4375,0.0,0.0,0.0,0.9999999999999999,1.0,0.0,9.656644078393027,0.0,0.19256607611243307,0.6973423686427889
proposed_authority_boundary,nominal_shared_autonomy,fragile_reaching,1,1.0,0.484375,0.0,0.0,0.0,0.9999999999999999,1.0,0.0,9.658637253940856,0.0,0.2101803962575703,0.6965450984236576
proposed_authority_boundary,nominal_shared_autonomy,fragile_reaching,2,1.0,0.296875,3.687547068939763e-06,0.0,0.0,0.9999999999999999,1.0,0.0,9.656948002124249,0.0,0.17232200796142214,0.6972207991503019
proposed_authority_boundary,nominal_shared_autonomy,fragile_reaching,3,1.0,0.328125,9.12640003845635e-05,0.0,0.0,0.9985156249999999,1.0,0.000703125,9.658443078900422,0.015625,0.1817498406209794,0.6970883934398299
proposed_authority_boundary,nominal_shared_autonomy,fragile_reaching,4,1.0,0.3125,0.0,0.0,0.0,0.9999999999999999,1.0,0.0,9.658462945767425,0.0,0.1726411968095795,0.6966148216930291
proposed_authority_boundary,nominal_shared_autonomy,fragile_reaching,5,1.0,0.453125,2.40441263067475e-05,0.0,0.0,0.9955468749999999,1.0,0.00421875,9.667588772822114,0.09375,0.20034814709213597,0.6973613658711552
proposed_authority_boundary,nominal_shared_autonomy,fragile_reaching,6,1.0,0.328125,5.7066728702379056e-05,0.0,0.0,0.9985156249999999,1.0,0.00140625,9.661457002572615,0.03125,0.19086503177636496,0.6968828239709551
proposed_authority_boundary,intent_ambiguity_shift,fragile_reaching,0,1.0,0.375,0.0,0.0,0.0,0.9999999999999999,1.0,0.0,9.725609009120996,0.0,0.2052541003123252,0.6697563963516008
proposed_authority_boundary,intent_ambiguity_shift,fragile_reaching,1,1.0,0.40625,0.0,0.0,0.0,0.9999999999999999,1.0,0.0,9.725886723262839,0.0,0.2130417542276256,0.6696453106948617
proposed_authority_boundary,intent_ambiguity_shift,fragile_reaching,2,1.0,0.265625,0.0,0.0,0.0,0.9999999999999999,1.0,0.0,9.726293265959638,0.0,0.19037610896498977,0.6694826936161438
proposed_authority_boundary,intent_ambiguity_shift,fragile_reaching,3,1.0,0.40625,0.0,0.0,0.0,0.9999999999999999,1.0,0.0,9.72472992753411,0.0,0.21505069547366817,0.6701080289863579
proposed_authority_boundary,intent_ambiguity_shift,fragile_reaching,4,1.0,0.46875,0.0,0.0,0.0,0.9999999999999999,1.0,0.0,9.726728958829352,0.0,0.22847835923627194,0.6693084164682606
proposed_authority_boundary,intent_ambiguity_shift,fragile_reaching,5,1.0,0.34375,0.0,0.0,0.0,0.9999999999999999,1.0,0.0,9.72494285088822,0.0,0.2035309831637464,0.6700228596447129
proposed_authority_boundary,intent_ambiguity_shift,fragile_reaching,6,1.0,0.5,0.0,0.0,0.0,0.9999999999999999,1.0,0.0,9.725125338796722,0.0,0.2359030255491305,0.6699498644813104
proposed_authority_boundary,contact_mode_shift,fragile_reaching,0,1.0,0.53125,2.2129052156207377e-05,0.0,0.0,0.9999999999999999,1.0,0.0,9.788756350576627,0.0,0.2639716052648613,0.6444974597693486
proposed_authority_boundary,contact_mode_shift,fragile_reaching,1,0.96875,0.53125,0.0,0.0,0.0,0.9999999999999999,1.0,0.0,9.791453290692612,0.0,0.2685644268941698,0.6434186837229565
proposed_authority_boundary,contact_mode_shift,fragile_reaching,2,1.0,0.40625,4.6336500101789785e-05,0.0,0.0,0.9985156249999999,1.0,0.00140625,9.791039792833903,0.03125,0.24386591954550146,0.6450497078664388
proposed_authority_boundary,contact_mode_shift,fragile_reaching,3,1.0,0.609375,4.053603682406537e-06,0.0,0.0,0.9999999999999999,1.0,0.0,9.789021665839728,0.0,0.27622943311934767,0.6443913336641096
proposed_authority_boundary,contact_mode_shift,fragile_reaching,4,1.0,0.46875,1.3291762634606852e-06,0.0,0.0,0.9999999999999999,1.0,0.0,9.789960976932562,0.0,0.24634256793719747,0.6440156092269751
proposed_authority_boundary,contact_mode_shift,fragile_reaching,5,1.0,0.515625,0.0,0.0,0.0,0.9999999999999999,1.0,0.0,9.79102957715352,0.0,0.261905260555109,0.6435881691385921
proposed_authority_boundary,contact_mode_shift,fragile_reaching,6,0.984375,0.421875,7.336662714809115e-05,0.0,0.0,0.9999999999999999,1.0,0.0,9.791167178590525,0.0,0.2557295665528253,0.6435331285637902
proposed_authority_boundary,human_delay_shift,fragile_reaching,0,1.0,0.484375,0.012357217580575976,0.0,0.0,0.9807031250000001,1.0,0.011953125,9.836531464446544,0.265625,0.25164206137767403,0.6354405392213833
proposed_authority_boundary,human_delay_shift,fragile_reaching,1,1.0,0.453125,0.012737380109510163,0.0,0.0,0.989609375,1.0,0.007734375,9.83125355472362,0.171875,0.25434542451460945,0.6347579531105537
proposed_authority_boundary,human_delay_shift,fragile_reaching,2,1.0,0.34375,0.013388416276960455,0.0,0.0,0.980703125,1.0,0.011953124999999998,9.834970485819706,0.265625,0.23219890685602151,0.6360649306721183
proposed_authority_boundary,human_delay_shift,fragile_reaching,3,0.984375,0.546875,0.013960004268278306,0.0,0.0,0.9747656250000001,1.0,0.011953124999999998,9.82830024490101,0.265625,0.2868605050686839,0.6365955270395959
proposed_authority_boundary,human_delay_shift,fragile_reaching,4,1.0,0.359375,0.01318936281662428,0.0,0.0,0.96140625,1.0,0.022500000000000003,9.850747736359272,0.5,0.23194412829950742,0.6378071554562906
proposed_authority_boundary,human_delay_shift,fragile_reaching,5,1.0,0.40625,0.012974135403095156,0.0,0.0,0.9732812500000001,1.0,0.018984375,9.852093249382136,0.421875,0.2472035825723542,0.6365439502471454
proposed_authority_boundary,human_delay_shift,fragile_reaching,6,1.0,0.359375,0.013018004202737653,0.0,0.0,0.9762500000000001,1.0,0.016171875,9.8471315956914,0.359375,0.22282568192551752,0.635597361723441
proposed_authority_boundary,combined_authority_stress,fragile_reaching,0,1.0,0.546875,0.00031860768756659767,0.0,0.0,0.9985156249999999,1.0,0.00140625,9.913809976427764,0.03125,0.3015927404475019,0.5959416344288929
proposed_authority_boundary,combined_authority_stress,fragile_reaching,1,1.0,0.65625,0.00016238950849219448,0.0,0.0,0.9999999999999999,1.0,0.0,9.908520406488968,0.0,0.31687901310066835,0.5965918374044115
proposed_authority_boundary,combined_authority_stress,fragile_reaching,2,1.0,0.609375,0.00028130336449423146,0.0,0.0,0.9999999999999999,1.0,0.0,9.910662199431146,0.0,0.3252023202817684,0.5957351202275422
proposed_authority_boundary,combined_authority_stress,fragile_reaching,3,1.0,0.53125,0.0005643310352058654,0.0,0.0,0.9985156249999999,1.0,0.000703125,9.90951841419026,0.015625,0.2970442175676051,0.5966582593238966
proposed_authority_boundary,combined_authority_stress,fragile_reaching,4,1.0,0.5625,0.00018755710547437853,0.0,0.0,0.9999999999999999,1.0,0.0,9.911051395148437,0.0,0.30793459396671263,0.5955794419406256
proposed_authority_boundary,combined_authority_stress,fragile_reaching,5,1.0,0.5,0.0001678574229196976,0.0,0.0,0.9985156249999999,1.0,0.00140625,9.912279195034472,0.03125,0.29154933417829804,0.5965539469862138
proposed_authority_boundary,combined_authority_stress,fragile_reaching,6,1.0,0.546875,0.00023956083488478087,0.0,0.0,0.9970312499999999,1.0,0.002109375,9.917717108459735,0.046875,0.29972366000096046,0.5948444066161046
proposed_authority_boundary,nominal_shared_autonomy,contact_door_opening,0,1.0,0.46875,0.02918530628439761,0.04088541666666667,0.0,0.3171875,0.984375,0.08296874999999995,9.235234927317727,1.84375,0.2359780058906981,0.7380935290729108
proposed_authority_boundary,nominal_shared_autonomy,contact_door_opening,1,1.0,0.3125,0.025099124589243967,0.09114583333333333,0.0,0.2771093750000001,1.0,0.08156249999999995,9.18269311523217,1.8125,0.19360139027434659,0.7426821289071326
proposed_authority_boundary,nominal_shared_autonomy,contact_door_opening,2,1.0,0.34375,0.0289202812976371,0.08333333333333333,0.0,0.31421875,1.0,0.08718749999999995,9.25000754009584,1.9375,0.20141494056334183,0.7371157339616636
proposed_authority_boundary,nominal_shared_autonomy,contact_door_opening,3,1.0,0.34375,0.037675030221207335,0.09791666666666667,0.0,0.38398437499999993,0.984375,0.08437499999999994,9.321080020315874,1.875,0.19967145831489896,0.7298023668736516
proposed_authority_boundary,nominal_shared_autonomy,contact_door_opening,4,1.0,0.390625,0.03089458511975048,0.049479166666666664,0.0,0.336484375,0.984375,0.09070312499999993,9.28382532208795,2.015625,0.21820388640017255,0.7366042461648216
proposed_authority_boundary,nominal_shared_autonomy,contact_door_opening,5,1.0,0.328125,0.034728203115769754,0.071875,0.0,0.37359375,1.0,0.09351562499999992,9.338778577270768,2.078125,0.21111834004265045,0.7319823190916935
proposed_authority_boundary,nominal_shared_autonomy,contact_door_opening,6,1.0,0.4375,0.028159945925961057,0.08437499999999999,0.0,0.306796875,0.984375,0.07945312499999994,9.21182698582147,1.765625,0.22409143280825164,0.7387160806714119
proposed_authority_boundary,intent_ambiguity_shift,contact_door_opening,0,1.0,0.453125,0.060276067162341664,0.01953125,0.0,0.9495312500000003,0.96875,0.025312499999999998,9.882812758263775,0.5625,0.2680888513705743,0.6247061466944909
proposed_authority_boundary,intent_ambiguity_shift,contact_door_opening,1,1.0,0.40625,0.06106450358457708,0.0,0.0,0.9658593750000003,0.953125,0.028125000000000008,9.913071556913351,0.625,0.24703438838921787,0.6224807522346595
proposed_authority_boundary,intent_ambiguity_shift,contact_door_opening,2,1.0,0.375,0.05850478445008393,0.0078125,0.0,0.9525000000000001,0.984375,0.028125000000000004,9.89560529674626,0.625,0.2248475830468491,0.6246578813014955
proposed_authority_boundary,intent_ambiguity_shift,contact_door_opening,3,1.0,0.34375,0.05735129835708261,0.0,0.0,0.9421093750000002,0.96875,0.03515624999999999,9.903074581691447,0.78125,0.2180400245472628,0.6279295423234217
proposed_authority_boundary,intent_ambiguity_shift,contact_door_opening,4,1.0,0.375,0.06037785677416301,0.0,0.0,0.9584375,0.984375,0.027421875,9.900370664402217,0.609375,0.23900040440743345,0.6238892342391122
proposed_authority_boundary,intent_ambiguity_shift,contact_door_opening,5,1.0,0.46875,0.059111661778554626,0.0,0.0,0.9554687500000002,1.0,0.030234375000000008,9.904215494941148,0.671875,0.2658465177831888,0.6252825520235405
proposed_authority_boundary,intent_ambiguity_shift,contact_door_opening,6,1.0,0.4375,0.06027681954716051,0.0,0.0,0.9569531250000002,0.90625,0.026015625,9.895749685626532,0.578125,0.24681809728017226,0.6232032507493878
proposed_authority_boundary,contact_mode_shift,contact_door_opening,0,1.0,0.484375,0.03779884617741817,0.1,0.0,0.3706250000000001,0.984375,0.09421874999999992,9.476853214619515,2.09375,0.29353988544386467,0.6766837141521937
proposed_authority_boundary,contact_mode_shift,contact_door_opening,1,1.0,0.4375,0.0463701440667871,0.1963541666666667,0.0,0.4300000000000001,0.953125,0.08789062499999993,9.531239167028817,1.953125,0.26845599872903664,0.6673043331884738
proposed_authority_boundary,contact_mode_shift,contact_door_opening,2,0.984375,0.515625,0.04162707164675304,0.14713541666666669,0.0,0.39437500000000003,0.984375,0.09562499999999993,9.511657020193839,2.125,0.30172818091263437,0.6733121919224648
proposed_authority_boundary,contact_mode_shift,contact_door_opening,3,1.0,0.453125,0.05022006519698985,0.14077380952380952,0.0,0.4671093749999998,0.953125,0.10546874999999993,9.636934465370805,2.34375,0.27643177163725424,0.6633855888516781
proposed_authority_boundary,contact_mode_shift,contact_door_opening,4,1.0,0.46875,0.04381494376242922,0.1526041666666667,0.0,0.41367187499999986,1.0,0.11812499999999988,9.614484047411146,2.625,0.28530144567339355,0.6711282560355407
proposed_authority_boundary,contact_mode_shift,contact_door_opening,5,1.0,0.46875,0.04401519508684058,0.14375,0.0,0.41218749999999993,0.96875,0.08648437499999993,9.50272394408466,1.921875,0.279405169856388,0.6702979223661357
proposed_authority_boundary,contact_mode_shift,contact_door_opening,6,1.0,0.5625,0.04390951802282186,0.14341517857142858,0.0,0.42257812499999997,0.984375,0.10757812499999991,9.588023123491716,2.390625,0.28950504775221436,0.6699188756033129
proposed_authority_boundary,human_delay_shift,contact_door_opening,0,1.0,0.40625,0.007644970389862615,0.09895833333333333,0.0,0.08710937499999998,1.0,0.021093749999999998,8.835192990698637,0.46875,0.2478395454175875,0.7272821787205451
proposed_authority_boundary,human_delay_shift,contact_door_opening,1,1.0,0.390625,0.005434787346454024,0.0546875,0.0,0.07523437499999996,1.0,0.013359375,8.787476853281083,0.296875,0.2352360767099714,0.7310936336875682
proposed_authority_boundary,human_delay_shift,contact_door_opening,2,1.0,0.4375,0.005370609847610428,0.0859375,0.0,0.07671874999999995,1.0,0.01125,8.786294418469563,0.25,0.24830280867344562,0.7291009826121747
proposed_authority_boundary,human_delay_shift,contact_door_opening,3,1.0,0.546875,0.006127900758456197,0.0859375,0.0,0.07968749999999994,1.0,0.016875,8.811710775618677,0.375,0.2811149104570274,0.7280031897525294
proposed_authority_boundary,human_delay_shift,contact_door_opening,4,1.0,0.4375,0.002283135608625169,0.057291666666666664,0.0,0.06187499999999994,1.0,0.007734375,8.753608998135476,0.171875,0.2516604744110036,0.7318314007458109
proposed_authority_boundary,human_delay_shift,contact_door_opening,5,1.0,0.40625,0.005053193824542495,0.12239583333333334,0.0,0.07523437499999998,1.0,0.014765625000000001,8.797196290660983,0.328125,0.24318476013927692,0.7292058587356073
proposed_authority_boundary,human_delay_shift,contact_door_opening,6,1.0,0.4375,0.006794923363229886,0.1171875,0.0,0.08265624999999996,1.0,0.016171875,8.80861955889435,0.359375,0.2465575553462412,0.729308426442261
proposed_authority_boundary,combined_authority_stress,contact_door_opening,0,0.96875,0.578125,0.0662173053694513,0.3450520833333333,0.0,0.47749999999999976,0.890625,0.11812499999999991,9.819399032818962,2.625,0.32172578763084714,0.6121403868724157
proposed_authority_boundary,combined_authority_stress,contact_door_opening,1,0.984375,0.515625,0.060505903520772564,0.35338541666666673,0.0,0.4463281249999999,0.984375,0.11179687499999992,9.75383428490311,2.484375,0.3333317718009162,0.6181444110387561
proposed_authority_boundary,combined_authority_stress,contact_door_opening,2,0.921875,0.546875,0.058520205979648764,0.3276041666666666,0.0,0.43445312499999994,0.90625,0.10054687499999992,9.69983314270064,2.234375,0.3296665574429675,0.6194698679197449
proposed_authority_boundary,combined_authority_stress,contact_door_opening,3,0.921875,0.5625,0.06553330773391501,0.3118675595238095,0.0,0.4715624999999998,0.921875,0.10124999999999994,9.750430530967398,2.25,0.3438073602107865,0.6135902876130398
proposed_authority_boundary,combined_authority_stress,contact_door_opening,4,0.96875,0.578125,0.061315508438488445,0.37239583333333337,0.0,0.443359375,0.921875,0.10687499999999991,9.730284390678175,2.375,0.33843335368687133,0.61949561872873
proposed_authority_boundary,combined_authority_stress,contact_door_opening,5,0.984375,0.484375,0.05912842385593559,0.29218749999999993,0.0,0.43742187499999985,0.9375,0.09140624999999993,9.668300648070813,2.03125,0.30341498796899413,0.6201516157716739
proposed_authority_boundary,combined_authority_stress,contact_door_opening,6,0.96875,0.578125,0.06484797664624686,0.37421875,0.0,0.46710937499999994,0.96875,0.11601562499999989,9.794645612836604,2.578125,0.35726501317265785,0.61530112986536
proposed_authority_boundary,nominal_shared_autonomy,delayed_corridor_navigation,0,1.0,0.296875,0.012527613963905828,0.0,0.0,0.9762500000000001,1.0,0.015468749999999998,9.818471414487957,0.34375,0.2058975480479227,0.6460614342048178
proposed_authority_boundary,nominal_shared_autonomy,delayed_corridor_navigation,1,1.0,0.484375,0.01189611544432567,0.0,0.0,0.9703125000000001,1.0,0.020390625000000002,9.830245109743839,0.453125,0.2421173955017771,0.646214456102464
proposed_authority_boundary,nominal_shared_autonomy,delayed_corridor_navigation,2,1.0,0.390625,0.012081426832215887,0.0,0.0,0.9569531250000002,1.0,0.02390625,9.827007256175836,0.53125,0.23158826738284186,0.6477002225296652
proposed_authority_boundary,nominal_shared_autonomy,delayed_corridor_navigation,3,1.0,0.390625,0.01140266009497203,0.0,0.0,0.9584375,1.0,0.021796875000000004,9.818237994318956,0.484375,0.22691870731391175,0.6487423022724182
proposed_authority_boundary,nominal_shared_autonomy,delayed_corridor_navigation,4,1.0,0.390625,0.011572692285244362,0.0,0.0,0.9614062500000001,1.0,0.020390625000000002,9.817622915803389,0.453125,0.21927557131281947,0.6480570836786453
proposed_authority_boundary,nominal_shared_autonomy,delayed_corridor_navigation,5,1.0,0.53125,0.0107018434937599,0.0,0.0,0.9554687500000003,1.0,0.028828125000000003,9.842923422186118,0.640625,0.2553332898023892,0.647799381125552
proposed_authority_boundary,nominal_shared_autonomy,delayed_corridor_navigation,6,1.0,0.421875,0.010938577669864936,0.0,0.0,0.9643750000000001,1.0,0.01546875,9.806134951685802,0.34375,0.24189055289447525,0.6467210193256802
proposed_authority_boundary,intent_ambiguity_shift,delayed_corridor_navigation,0,1.0,0.5,0.0005760237765432024,0.0,0.0,0.9999999999999999,1.0,0.0,9.862835342483368,0.0,0.27337940765497626,0.6148658630066524
proposed_authority_boundary,intent_ambiguity_shift,delayed_corridor_navigation,1,1.0,0.53125,0.000571173264446414,0.0,0.0,0.9999999999999999,1.0,0.0,9.861383260045436,0.0,0.27366105775225186,0.6154466959818259
proposed_authority_boundary,intent_ambiguity_shift,delayed_corridor_navigation,2,1.0,0.375,0.00032539430302026134,0.0,0.0,0.9999999999999999,1.0,0.0,9.861367967325707,0.0,0.25036171044090055,0.6154528130697177
proposed_authority_boundary,intent_ambiguity_shift,delayed_corridor_navigation,3,1.0,0.46875,0.0005952773743424816,0.0,0.0,0.9999999999999999,1.0,0.0,9.862086645534859,0.0,0.2583717792991176,0.6151653417860554
proposed_authority_boundary,intent_ambiguity_shift,delayed_corridor_navigation,4,1.0,0.375,0.0003198130904758217,0.0,0.0,0.9999999999999999,1.0,0.0,9.863739369191645,0.0,0.24456732294224753,0.6145042523233425
proposed_authority_boundary,intent_ambiguity_shift,delayed_corridor_navigation,5,0.984375,0.453125,0.0005560318479196764,0.0,0.0,0.9999999999999999,1.0,0.0,9.861578963875402,0.0,0.2595448364729182,0.6153684144498397
proposed_authority_boundary,intent_ambiguity_shift,delayed_corridor_navigation,6,1.0,0.53125,0.0006914041638040269,0.0,0.0,0.9999999999999999,1.0,0.0,9.861428619455186,0.0,0.28730864884652435,0.6154285522179235
proposed_authority_boundary,contact_mode_shift,delayed_corridor_navigation,0,1.0,0.59375,0.0162255976042585,0.0,0.0,0.977734375,1.0,0.010546875,9.942106403977252,0.234375,0.337423552029972,0.5901418134091011
proposed_authority_boundary,contact_mode_shift,delayed_corridor_navigation,1,0.96875,0.421875,0.01484131620736035,0.0,0.0,0.977734375,1.0,0.016171875,9.960021178691088,0.359375,0.28748466432524455,0.5909759035235652
proposed_authority_boundary,contact_mode_shift,delayed_corridor_navigation,2,0.96875,0.515625,0.01727998588267564,0.0,0.0,0.9792187500000001,1.0,0.014062499999999999,9.955118862089535,0.3125,0.31441420243201057,0.5904712051641864
proposed_authority_boundary,contact_mode_shift,delayed_corridor_navigation,3,0.984375,0.546875,0.015509236456086841,0.0,0.0,0.989609375,1.0,0.007734374999999999,9.941878453701083,0.171875,0.3051962654478645,0.5905079935195673
proposed_authority_boundary,contact_mode_shift,delayed_corridor_navigation,4,1.0,0.484375,0.01670553745183139,0.0,0.0,0.9821875,1.0,0.011953125,9.950789781156255,0.265625,0.31989371651278803,0.5902715875374984
proposed_authority_boundary,contact_mode_shift,delayed_corridor_navigation,5,0.984375,0.46875,0.015593303164897605,0.0,0.0,0.9851562500000001,1.0,0.009140625,9.941079291655157,0.203125,0.29981451063507336,0.5912245333379373
proposed_authority_boundary,contact_mode_shift,delayed_corridor_navigation,6,0.984375,0.578125,0.016894515910923093,0.0,0.0,0.977734375,1.0,0.012656249999999997,9.948120916627586,0.28125,0.33188627424824046,0.5907360083489657
proposed_authority_boundary,human_delay_shift,delayed_corridor_navigation,0,1.0,0.53125,0.06224886004714226,0.11848958333333333,0.0,0.6333593750000001,0.953125,0.09843749999999994,9.857455824826939,2.1875,0.2838735749065745,0.625027045069225
proposed_authority_boundary,human_delay_shift,delayed_corridor_navigation,1,0.984375,0.4375,0.058981039078920154,0.06432291666666666,0.0,0.6096093750000001,0.890625,0.09421874999999995,9.818201881851973,2.09375,0.290707743853059,0.6261786222592115
proposed_authority_boundary,human_delay_shift,delayed_corridor_navigation,2,1.0,0.4375,0.06972418972025374,0.06640625,0.0,0.7075781249999998,0.90625,0.09914062499999994,9.950371940057282,2.203125,0.29191225756949274,0.6155793489770869
proposed_authority_boundary,human_delay_shift,delayed_corridor_navigation,3,1.0,0.46875,0.05911946509981467,0.07135416666666666,0.0,0.6140625,0.96875,0.11601562499999993,9.899648562923074,2.578125,0.28730801599521,0.6262030748307714
proposed_authority_boundary,human_delay_shift,delayed_corridor_navigation,4,1.0,0.453125,0.06365295152707123,0.07552083333333333,0.0,0.65859375,0.96875,0.10898437499999991,9.928807337290388,2.421875,0.2830636099678034,0.6205708150838455
proposed_authority_boundary,human_delay_shift,delayed_corridor_navigation,5,1.0,0.515625,0.06392048130185826,0.09557291666666666,0.0,0.6630468750000001,1.0,0.10546874999999992,9.91879413347109,2.34375,0.30059800784590734,0.6211792216115649
proposed_authority_boundary,human_delay_shift,delayed_corridor_navigation,6,1.0,0.453125,0.059395820145140055,0.04739583333333333,0.0,0.6289062499999999,0.953125,0.12164062499999989,9.935432346335155,2.703125,0.27065397256272905,0.6252333114659384
proposed_authority_boundary,combined_authority_stress,delayed_corridor_navigation,0,0.03125,0.71875,0.03856524325573741,0.0,0.0,0.9658593750000002,1.0,0.021796875,10.089380509805263,0.484375,0.3839171073724766,0.5429571710778924
proposed_authority_boundary,combined_authority_stress,delayed_corridor_navigation,1,0.015625,0.546875,0.039469585467886016,0.0,0.0,0.977734375,1.0,0.016171875,10.082792936819704,0.359375,0.34606122551155316,0.5418672002721197
proposed_authority_boundary,combined_authority_stress,delayed_corridor_navigation,2,0.015625,0.765625,0.03849385985312267,0.0,0.0,0.9732812500000001,1.0,0.014062499999999997,10.069258468267885,0.3125,0.39668258706565973,0.5426778626928461
proposed_authority_boundary,combined_authority_stress,delayed_corridor_navigation,3,0.0,0.53125,0.04096171991768655,0.0,0.0,0.986640625,1.0,0.00984375,10.070510907600038,0.21875,0.3438396411599197,0.5409862619599849
proposed_authority_boundary,combined_authority_stress,delayed_corridor_navigation,4,0.03125,0.671875,0.040369510236682955,0.0,0.0,0.989609375,1.0,0.007734375,10.066359356040905,0.171875,0.38419751247725104,0.5407156325836374
proposed_authority_boundary,combined_authority_stress,delayed_corridor_navigation,5,0.015625,0.609375,0.040074858921342216,0.0,0.0,0.9836718750000001,1.0,0.00984375,10.066840602444827,0.21875,0.38016247059960684,0.5413856340220689
proposed_authority_boundary,combined_authority_stress,delayed_corridor_navigation,6,0.0,0.546875,0.0405832186887723,0.0,0.0,0.989609375,1.0,0.0084375,10.065574625723439,0.1875,0.33313072074042005,0.5420295247106257
proposed_authority_boundary,nominal_shared_autonomy,tool_alignment,0,0.984375,0.5,0.00014032940361922622,0.0,0.0,0.9999999999999999,1.0,0.0,9.762336534712485,0.0,0.23304344591522935,0.655065386115005
proposed_authority_boundary,nominal_shared_autonomy,tool_alignment,1,1.0,0.375,0.00029078707409329696,0.0,0.0,0.9970312499999999,1.0,0.002109375,9.765270907728107,0.046875,0.20428616882156636,0.6558228869087562
proposed_authority_boundary,nominal_shared_autonomy,tool_alignment,2,1.0,0.40625,0.0002304954407060682,0.0,0.0,0.9970312499999999,1.0,0.002109375,9.769066177185998,0.046875,0.21476390592115505,0.6543047791255997
proposed_authority_boundary,nominal_shared_autonomy,tool_alignment,3,1.0,0.40625,0.00018129816113508117,0.0,0.0,0.9955468749999999,1.0,0.00421875,9.773321970822508,0.09375,0.21792398971319424,0.6550680866709981
proposed_authority_boundary,nominal_shared_autonomy,tool_alignment,4,1.0,0.359375,0.00016384534837769353,0.0,0.0,0.9955468749999999,1.0,0.00421875,9.773021497723672,0.09375,0.21105907931668566,0.6551882759105317
proposed_authority_boundary,nominal_shared_autonomy,tool_alignment,5,1.0,0.359375,0.000239268395204462,0.0,0.0,0.9999999999999999,1.0,0.0,9.760921951050753,0.0,0.2035748161543297,0.6556312195797016
proposed_authority_boundary,nominal_shared_autonomy,tool_alignment,6,1.0,0.265625,0.0002321593424327355,0.0,0.0,0.9970312499999999,1.0,0.002109375,9.76981131943726,0.046875,0.18819570924567935,0.6540067222250966
proposed_authority_boundary,intent_ambiguity_shift,tool_alignment,0,1.0,0.328125,1.0394455773581058e-05,0.0,0.0,0.9999999999999999,1.0,0.0,9.83223594879443,0.0,0.22145757282185002,0.6271056204822281
proposed_authority_boundary,intent_ambiguity_shift,tool_alignment,1,1.0,0.34375,0.0,0.0,0.0,0.9999999999999999,1.0,0.0,9.831115574299735,0.0,0.21176399888345748,0.6275537702801073
proposed_authority_boundary,intent_ambiguity_shift,tool_alignment,2,1.0,0.375,0.0,0.0,0.0,0.9999999999999999,1.0,0.0,9.833243771260817,0.0,0.2226017813127516,0.6267024914956749
proposed_authority_boundary,intent_ambiguity_shift,tool_alignment,3,1.0,0.375,0.0,0.0,0.0,0.9999999999999999,1.0,0.0,9.835712270704962,0.0,0.21940314800591346,0.6257150917180156
proposed_authority_boundary,intent_ambiguity_shift,tool_alignment,4,1.0,0.453125,0.0,0.0,0.0,0.9999999999999999,1.0,0.0,9.833330963915765,0.0,0.23693072428368173,0.6266676144336929
proposed_authority_boundary,intent_ambiguity_shift,tool_alignment,5,1.0,0.4375,0.0,0.0,0.0,0.9999999999999999,1.0,0.0,9.835441867264537,0.0,0.24435970952978522,0.6258232530941855
proposed_authority_boundary,intent_ambiguity_shift,tool_alignment,6,0.984375,0.390625,6.347852252129582e-06,0.0,0.0,0.9999999999999999,1.0,0.0,9.834597028847904,0.0,0.2426771785410917,0.626161188460838
proposed_authority_boundary,contact_mode_shift,tool_alignment,0,0.984375,0.546875,0.0005363115564197332,0.0,0.0,0.9999999999999999,1.0,0.0,9.8967778884109,0.0,0.31051275072643375,0.6012888446356388
proposed_authority_boundary,contact_mode_shift,tool_alignment,1,1.0,0.46875,0.00031847588457898783,0.0,0.0,0.9999999999999999,1.0,0.0,9.898328330379556,0.0,0.2825366196025646,0.6006686678481801
proposed_authority_boundary,contact_mode_shift,tool_alignment,2,1.0,0.390625,0.0003142998215387841,0.0,0.0,0.9999999999999999,1.0,0.0,9.897900772909027,0.0,0.26252247276958673,0.6008396908363884
proposed_authority_boundary,contact_mode_shift,tool_alignment,3,1.0,0.375,0.00034001430097370736,0.0,0.0,0.9985156249999999,1.0,0.00140625,9.90403337506904,0.03125,0.2741678803075601,0.5998522749723834
proposed_authority_boundary,contact_mode_shift,tool_alignment,4,1.0,0.46875,0.0004802698381629916,0.0,0.0,0.9999999999999999,1.0,0.0,9.90160828678981,0.0,0.2809772015402932,0.5993566852840763
proposed_authority_boundary,contact_mode_shift,tool_alignment,5,1.0,0.5,0.0005877027543219999,0.0,0.0,0.9999999999999999,1.0,0.0,9.898500595670635,0.0,0.28069891839202626,0.6005997617317469
proposed_authority_boundary,contact_mode_shift,tool_alignment,6,1.0,0.390625,0.0004652056017127224,0.0,0.0,0.9999999999999999,1.0,0.0,9.901573917983573,0.0,0.2554810440331699,0.5993704328065703
proposed_authority_boundary,human_delay_shift,tool_alignment,0,1.0,0.515625,0.03787264602956571,0.0,0.0,0.9554687500000002,1.0,0.028828125000000003,9.974622818910813,0.640625,0.27126010223866914,0.5951196224356766
proposed_authority_boundary,human_delay_shift,tool_alignment,1,1.0,0.375,0.039440276804365605,0.0,0.0,0.9673437500000001,0.984375,0.023203125,9.967178093614988,0.515625,0.24698639514740103,0.5943725125540044
proposed_authority_boundary,human_delay_shift,tool_alignment,2,1.0,0.4375,0.04205140712903109,0.0,0.0,0.9703125000000001,1.0,0.01828125,9.961997455684374,0.40625,0.2645276795343245,0.5905135177262507
proposed_authority_boundary,human_delay_shift,tool_alignment,3,1.0,0.4375,0.04024804603612314,0.0,0.0,0.9717968750000001,1.0,0.0225,9.972168926796533,0.5,0.2842739507074951,0.5929793042813858
proposed_authority_boundary,human_delay_shift,tool_alignment,4,1.0,0.375,0.03914026458383695,0.0,0.0,0.953984375,1.0,0.02531250000000001,9.964166913850887,0.5625,0.2520453868850357,0.5937676094596467
proposed_authority_boundary,human_delay_shift,tool_alignment,5,1.0,0.53125,0.03923287456794361,0.0,0.0,0.9435937500000001,1.0,0.030937500000000003,9.970603412154007,0.6875,0.2811009022170211,0.5954523851383974
proposed_authority_boundary,human_delay_shift,tool_alignment,6,1.0,0.546875,0.03907728675033579,0.0,0.0,0.9539843750000002,1.0,0.027421875000000002,9.967680885913124,0.609375,0.290508946817169,0.5953620206347523
proposed_authority_boundary,combined_authority_stress,tool_alignment,0,0.125,0.40625,0.003591923450778469,0.0,0.0,0.9999999999999999,1.0,0.0,10.019578121441763,0.0,0.3181188835707883,0.552168751423294
proposed_authority_boundary,combined_authority_stress,tool_alignment,1,0.046875,0.59375,0.0037272747260832426,0.0,0.0,0.9985156249999999,1.0,0.00140625,10.02882128936735,0.03125,0.33838588776648454,0.5499371092530608
proposed_authority_boundary,combined_authority_stress,tool_alignment,2,0.078125,0.59375,0.0041767224287759235,0.0,0.0,0.9999999999999999,1.0,0.0,10.021727038993047,0.0,0.34816004192695127,0.5513091844027818
proposed_authority_boundary,combined_authority_stress,tool_alignment,3,0.09375,0.578125,0.003224302545096542,0.0,0.0,0.9985156249999999,1.0,0.000703125,10.023161109843672,0.015625,0.3474709316193089,0.5512011810625308
proposed_authority_boundary,combined_authority_stress,tool_alignment,4,0.109375,0.546875,0.003071618142333794,0.0,0.0,0.9985156249999999,1.0,0.00140625,10.023968723124078,0.03125,0.3177194631900671,0.5518781357503698
proposed_authority_boundary,combined_authority_stress,tool_alignment,5,0.046875,0.453125,0.0033134268904455345,0.0,0.0,0.9999999999999999,1.0,0.0,10.024257627410249,0.0,0.29827236712091104,0.5502969490359018
proposed_authority_boundary,combined_authority_stress,tool_alignment,6,0.125,0.625,0.003541180705449303,0.0,0.0,0.9985156249999999,1.0,0.00140625,10.021870140864712,0.03125,0.3602407081918324,0.5527175686541161
oracle_authority_boundary,nominal_shared_autonomy,fragile_reaching,0,1.0,0.359375,0.003413265692619602,0.0,0.0,0.9272656250000002,1.0,0.05624999999999999,9.77684600907611,1.25,0.19738198340980928,0.7030772213695562
oracle_authority_boundary,nominal_shared_autonomy,fragile_reaching,1,1.0,0.359375,0.0034569473193137566,0.0,0.0,0.9257812500000004,1.0,0.060468749999999995,9.792622120707914,1.34375,0.17815353859600114,0.7022324017168313
oracle_authority_boundary,nominal_shared_autonomy,fragile_reaching,2,1.0,0.3125,0.0034134951405689466,0.0,0.0,0.9257812500000003,1.0,0.06187499999999999,9.796958100937108,1.375,0.1809272583202963,0.702498009625158
oracle_authority_boundary,nominal_shared_autonomy,fragile_reaching,3,0.984375,0.375,0.0031744212998383696,0.0,0.0,0.9332031250000004,1.0,0.055546874999999996,9.782182498878479,1.234375,0.21004142873797335,0.7020801254486095
oracle_authority_boundary,nominal_shared_autonomy,fragile_reaching,4,1.0,0.4375,0.0036361960594453045,0.0,0.0,0.9257812500000003,1.0,0.059765624999999975,9.78920281646825,1.328125,0.1920862244097477,0.7026001234127003
oracle_authority_boundary,nominal_shared_autonomy,fragile_reaching,5,1.0,0.421875,0.003467252797320709,0.0,0.0,0.9287500000000003,1.0,0.06046874999999998,9.793295424450733,1.34375,0.1964945975408331,0.7030318302197089
oracle_authority_boundary,nominal_shared_autonomy,fragile_reaching,6,1.0,0.453125,0.0021010919902453187,0.0,0.0,0.9554687500000003,1.0,0.040078125,9.752602957186003,0.890625,0.21441893487493918,0.6999275671255989
oracle_authority_boundary,intent_ambiguity_shift,fragile_reaching,0,1.0,0.4375,0.0,0.0,0.0,0.9999999999999999,1.0,0.0,9.723755055993944,0.0,0.21379940354491625,0.6704979776024235
oracle_authority_boundary,intent_ambiguity_shift,fragile_reaching,1,1.0,0.296875,9.557627042419345e-05,0.0,0.0,0.9985156249999999,1.0,0.00140625,9.726411751534258,0.03125,0.17992886262013838,0.6709009243862968
oracle_authority_boundary,intent_ambiguity_shift,fragile_reaching,2,1.0,0.359375,0.0,0.0,0.0,0.9999999999999999,1.0,0.0,9.724923121362737,0.0,0.19695961072377724,0.6700307514549037
oracle_authority_boundary,intent_ambiguity_shift,fragile_reaching,3,0.984375,0.53125,0.0,0.0,0.0,0.9999999999999999,1.0,0.0,9.724455784777094,0.0,0.2304424740738893,0.6702176860891642
oracle_authority_boundary,intent_ambiguity_shift,fragile_reaching,4,1.0,0.375,0.0,0.0,0.0,0.9999999999999999,1.0,0.0,9.72782954336687,0.0,0.20577669320666359,0.6688681826532515
oracle_authority_boundary,intent_ambiguity_shift,fragile_reaching,5,1.0,0.453125,0.0,0.0,0.0,0.9999999999999999,1.0,0.0,9.72718712564434,0.0,0.21692964740815923,0.6691251497422648
oracle_authority_boundary,intent_ambiguity_shift,fragile_reaching,6,1.0,0.421875,0.00013526991337452915,0.0,0.0,0.9970312499999999,1.0,0.0028125,9.735777562144214,0.0625,0.216952626852039,0.6686202251423137
oracle_authority_boundary,contact_mode_shift,fragile_reaching,0,1.0,0.59375,0.004228839267412869,0.0,0.0,0.9020312500000002,1.0,0.07664062499999996,9.958990576417786,1.703125,0.28960701940263195,0.650135019432888
oracle_authority_boundary,contact_mode_shift,fragile_reaching,1,1.0,0.5,0.00541338662712218,0.0,0.0,0.8767968750000005,1.0,0.08507812499999996,9.961415563163442,1.890625,0.2651419762246565,0.6520806497346228
oracle_authority_boundary,contact_mode_shift,fragile_reaching,2,1.0,0.484375,0.005077999377785683,0.0,0.0,0.8901562500000003,1.0,0.07523437499999996,9.938618609882878,1.671875,0.26352172930544976,0.6520088060468494
oracle_authority_boundary,contact_mode_shift,fragile_reaching,3,0.984375,0.515625,0.005381042776414548,0.0,0.0,0.8797656250000003,1.0,0.09843749999999993,10.007349355176194,2.1875,0.28037606868407033,0.6537758829295213
oracle_authority_boundary,contact_mode_shift,fragile_reaching,4,1.0,0.53125,0.005082013036777459,0.0,0.0,0.8871875000000007,1.0,0.08789062499999993,9.978284234048907,1.953125,0.27731998909198385,0.6530738063804398
oracle_authority_boundary,contact_mode_shift,fragile_reaching,5,1.0,0.578125,0.004164197617867551,0.0,0.0,0.9079687500000004,1.0,0.06960937499999996,9.937960944053998,1.546875,0.268797382086451,0.6506843723784003
oracle_authority_boundary,contact_mode_shift,fragile_reaching,6,0.984375,0.46875,0.004260889397028837,0.0,0.0,0.9020312500000004,1.0,0.08578124999999995,9.988941747907786,1.90625,0.25930768900895185,0.6511545508368866
oracle_authority_boundary,human_delay_shift,fragile_reaching,0,0.984375,0.53125,0.008804214113346925,0.0,0.0,0.08117187499999992,1.0,0.024609375000000003,8.860083826393385,0.546875,0.26650899156336366,0.7201883444426475
oracle_authority_boundary,human_delay_shift,fragile_reaching,1,1.0,0.40625,0.010005748910008432,0.0,0.0,0.07671874999999993,1.0,0.018984374999999998,8.839896845056208,0.421875,0.24098653115972693,0.718660011977517
oracle_authority_boundary,human_delay_shift,fragile_reaching,2,1.0,0.59375,0.010497413049293249,0.0,0.0,0.07078124999999992,1.0,0.016874999999999998,8.825105287604352,0.375,0.27942229182321826,0.7194391349582586
oracle_authority_boundary,human_delay_shift,fragile_reaching,3,1.0,0.578125,0.009207601199468297,0.0,0.0,0.08710937499999993,1.0,0.026718750000000003,8.87760432958393,0.59375,0.27501332546575835,0.7183176431664281
oracle_authority_boundary,human_delay_shift,fragile_reaching,4,1.0,0.515625,0.010002493960887862,0.0,0.0,0.07820312499999996,1.0,0.019687499999999997,8.841072800407142,0.4375,0.27360722605154947,0.719724004837144
oracle_authority_boundary,human_delay_shift,fragile_reaching,5,1.0,0.46875,0.00943581128998388,0.0,0.0,0.08414062499999994,1.0,0.027421875000000002,8.87912536415282,0.609375,0.26638275991062504,0.7176404793388725
oracle_authority_boundary,human_delay_shift,fragile_reaching,6,1.0,0.515625,0.009590425560530604,0.0,0.0,0.07078124999999996,1.0,0.014765625,8.818378255196325,0.328125,0.26346397239687447,0.7191299479214699
oracle_authority_boundary,combined_authority_stress,fragile_reaching,0,1.0,0.625,0.014801840565312873,0.0,0.0,0.5903125000000001,1.0,0.17789062499999983,10.099740927026897,3.953125,0.33713039885156726,0.6256161291892409
oracle_authority_boundary,combined_authority_stress,fragile_reaching,1,1.0,0.625,0.01619548417467775,0.0,0.0,0.584375,1.0,0.2003906249999998,10.175656261839231,4.453125,0.32427854021822955,0.6251124952643083
oracle_authority_boundary,combined_authority_stress,fragile_reaching,2,0.96875,0.609375,0.014407016062453265,0.0,0.0,0.6229687499999998,1.0,0.1898437499999998,10.174798082648135,4.21875,0.35031970727047657,0.6243495169407477
oracle_authority_boundary,combined_authority_stress,fragile_reaching,3,1.0,0.546875,0.0142657715620402,0.0,0.0,0.6318750000000001,1.0,0.18632812499999982,10.177210209183674,4.140625,0.3044107414157348,0.6215909163265293
oracle_authority_boundary,combined_authority_stress,fragile_reaching,4,0.984375,0.546875,0.015057061066807797,0.0,0.0,0.6110937499999997,1.0,0.20953124999999978,10.234343822250255,4.65625,0.30319088238089453,0.6242562210998975
oracle_authority_boundary,combined_authority_stress,fragile_reaching,5,0.984375,0.421875,0.015307719171408976,0.0,0.0,0.6081249999999999,1.0,0.1954687499999998,10.182885836633996,4.34375,0.2777407426191106,0.6237706653464018
oracle_authority_boundary,combined_authority_stress,fragile_reaching,6,0.984375,0.578125,0.013352707285604047,0.0,0.0,0.6214843749999998,1.0,0.1940624999999998,10.190043596398977,4.3125,0.32302030441973695,0.6237169364404079
oracle_authority_boundary,nominal_shared_autonomy,contact_door_opening,0,1.0,0.421875,0.0,0.0,0.0,0.04999999999999995,1.0,0.0,8.615798440176562,0.0,0.22067819046870835,0.7716806239293778
oracle_authority_boundary,nominal_shared_autonomy,contact_door_opening,1,1.0,0.515625,0.0,0.0,0.0,0.04999999999999995,1.0,0.0,8.61563108188088,0.0,0.24098086679477765,0.7717475672476473
oracle_authority_boundary,nominal_shared_autonomy,contact_door_opening,2,1.0,0.328125,0.0,0.0,0.0,0.04999999999999995,1.0,0.0,8.61483787310408,0.0,0.19192980094880568,0.7720648507583684
oracle_authority_boundary,nominal_shared_autonomy,contact_door_opening,3,1.0,0.40625,0.0,0.0,0.0,0.04999999999999995,1.0,0.0,8.617258386496468,0.0,0.2211210972336472,0.7710966454014125
oracle_authority_boundary,nominal_shared_autonomy,contact_door_opening,4,1.0,0.234375,0.0,0.0,0.0,0.04999999999999995,1.0,0.0,8.61427236580293,0.0,0.1761755364150571,0.7722910536788281
oracle_authority_boundary,nominal_shared_autonomy,contact_door_opening,5,1.0,0.484375,0.0,0.0,0.0,0.04999999999999995,1.0,0.0,8.61350827193869,0.0,0.24032606762674646,0.7725966912245227
oracle_authority_boundary,nominal_shared_autonomy,contact_door_opening,6,1.0,0.390625,0.0,0.0,0.0,0.04999999999999995,1.0,0.0,8.618826715244245,0.0,0.209174911208057,0.7704693139023026
oracle_authority_boundary,intent_ambiguity_shift,contact_door_opening,0,1.0,0.4375,0.0003078066455884664,0.0,0.0,0.04999999999999995,1.0,0.0,8.734575467955425,0.0,0.24804138561697567,0.7241698128178313
oracle_authority_boundary,intent_ambiguity_shift,contact_door_opening,1,1.0,0.40625,0.0003537187888250887,0.0,0.0,0.04999999999999995,1.0,0.0,8.736180911357545,0.0,0.2339928415606232,0.7235276354569818
oracle_authority_boundary,intent_ambiguity_shift,contact_door_opening,2,1.0,0.453125,0.0002302658570024071,0.0,0.0,0.04999999999999995,1.0,0.0,8.73362256107919,0.0,0.24673701372720927,0.7245509755683228
oracle_authority_boundary,intent_ambiguity_shift,contact_door_opening,3,1.0,0.421875,0.00043239943514379717,0.0,0.0,0.04999999999999995,1.0,0.0,8.736820219582835,0.0,0.2419808488126356,0.7232719121668655
oracle_authority_boundary,intent_ambiguity_shift,contact_door_opening,4,1.0,0.34375,0.00019954474522132365,0.0,0.0,0.04999999999999995,1.0,0.0,8.736378999105954,0.0,0.22976174772225053,0.7234484003576195
oracle_authority_boundary,intent_ambiguity_shift,contact_door_opening,5,0.96875,0.328125,0.00021246584492282583,0.0,0.0,0.04999999999999995,1.0,0.0,8.737594831097578,0.0,0.2433333124607353,0.7229620675609693
oracle_authority_boundary,intent_ambiguity_shift,contact_door_opening,6,1.0,0.46875,0.00040072257034023896,0.0,0.0,0.04999999999999995,1.0,0.0,8.737608050296025,0.0,0.2453186943421661,0.7229567798815897
oracle_authority_boundary,contact_mode_shift,contact_door_opening,0,1.0,0.59375,0.0,0.0,0.0,0.04999999999999995,1.0,0.0,8.75568730411403,0.0,0.3208936683811445,0.7157250783543875
oracle_authority_boundary,contact_mode_shift,contact_door_opening,1,0.984375,0.546875,0.0,0.0,0.0,0.04999999999999995,1.0,0.0,8.757128567657588,0.0,0.30222218424347835,0.7151485729369649
oracle_authority_boundary,contact_mode_shift,contact_door_opening,2,1.0,0.453125,0.0,0.0,0.0,0.04999999999999995,1.0,0.0,8.75792432458255,0.0,0.26636102467601025,0.7148302701669794
oracle_authority_boundary,contact_mode_shift,contact_door_opening,3,1.0,0.609375,0.0,0.0,0.0,0.04999999999999995,1.0,0.0,8.756404082527617,0.0,0.30335458518138686,0.7154383669889529
oracle_authority_boundary,contact_mode_shift,contact_door_opening,4,1.0,0.53125,0.0,0.0,0.0,0.04999999999999995,1.0,0.0,8.757780562298862,0.0,0.29273211045157427,0.7148877750804556
oracle_authority_boundary,contact_mode_shift,contact_door_opening,5,1.0,0.625,0.0,0.0,0.0,0.04999999999999995,1.0,0.0,8.760064114080054,0.0,0.2994293120504136,0.7139743543679788
oracle_authority_boundary,contact_mode_shift,contact_door_opening,6,1.0,0.390625,0.0,0.0,0.0,0.04999999999999995,1.0,0.0,8.754944092208834,0.0,0.2672609439268372,0.716022363116466
oracle_authority_boundary,human_delay_shift,contact_door_opening,0,1.0,0.421875,0.0,0.0,0.0,0.04999999999999995,1.0,0.0,8.714748533291067,0.0,0.24620732733640457,0.7321005866835745
oracle_authority_boundary,human_delay_shift,contact_door_opening,1,1.0,0.421875,0.0,0.0,0.0,0.04999999999999995,1.0,0.0,8.70718600993362,0.0,0.24498117075182047,0.7351255960265535
oracle_authority_boundary,human_delay_shift,contact_door_opening,2,1.0,0.34375,0.0,0.0,0.0,0.04999999999999995,1.0,0.0,8.71168796478024,0.0,0.23028462483440953,0.7333248140879047
oracle_authority_boundary,human_delay_shift,contact_door_opening,3,1.0,0.390625,0.0,0.0,0.0,0.04999999999999995,1.0,0.0,8.714423211075475,0.0,0.23622104311678177,0.7322307155698095
oracle_authority_boundary,human_delay_shift,contact_door_opening,4,1.0,0.421875,0.0,0.0,0.0,0.04999999999999995,1.0,0.0,8.711560778065529,0.0,0.2326020672688876,0.7333756887737879
oracle_authority_boundary,human_delay_shift,contact_door_opening,5,1.0,0.515625,0.0,0.0,0.0,0.04999999999999995,1.0,0.0,8.712340026802611,0.0,0.26089921388589576,0.7330639892789558
oracle_authority_boundary,human_delay_shift,contact_door_opening,6,1.0,0.46875,0.0,0.0,0.0,0.04999999999999995,1.0,0.0,8.709215824048101,0.0,0.2710803467477225,0.7343136703807599
oracle_authority_boundary,combined_authority_stress,contact_door_opening,0,1.0,0.5,0.0,0.0,0.0,0.04999999999999995,1.0,0.0,8.872389387999355,0.0,0.312800470334228,0.6690442448002581
oracle_authority_boundary,combined_authority_stress,contact_door_opening,1,0.9375,0.5,0.0,0.0,0.0,0.04999999999999995,1.0,0.0,8.871241131318047,0.0,0.32348318498342965,0.6695035474727815
oracle_authority_boundary,combined_authority_stress,contact_door_opening,2,0.96875,0.515625,0.0,0.0,0.0,0.04999999999999995,1.0,0.0,8.873905856149921,0.0,0.3147318038284591,0.6684376575400324
oracle_authority_boundary,combined_authority_stress,contact_door_opening,3,0.984375,0.5625,0.0,0.0,0.0,0.04999999999999995,1.0,0.0,8.870717444228353,0.0,0.3259744586097554,0.6697130223086585
oracle_authority_boundary,combined_authority_stress,contact_door_opening,4,0.984375,0.59375,0.0,0.0,0.0,0.04999999999999995,1.0,0.0,8.871309518862118,0.0,0.34004140737533406,0.6694761924551528
oracle_authority_boundary,combined_authority_stress,contact_door_opening,5,1.0,0.484375,0.0,0.0,0.0,0.04999999999999995,1.0,0.0,8.870644572075836,0.0,0.29613065793855287,0.6697421711696632
oracle_authority_boundary,combined_authority_stress,contact_door_opening,6,0.984375,0.609375,0.0,0.0,0.0,0.04999999999999995,1.0,0.0,8.871731086169572,0.0,0.3353519947503954,0.6693075655321703
oracle_authority_boundary,nominal_shared_autonomy,delayed_corridor_navigation,0,0.984375,0.46875,0.010930158918269591,0.0,0.0,0.07820312499999994,1.0,0.02109375,8.82118521296558,0.46875,0.25109815565987575,0.7296790398137691
oracle_authority_boundary,nominal_shared_autonomy,delayed_corridor_navigation,1,1.0,0.375,0.010604487391827892,0.0,0.0,0.08414062499999993,1.0,0.022500000000000006,8.833393441413493,0.5,0.2331660037129618,0.7289332484346025
oracle_authority_boundary,nominal_shared_autonomy,delayed_corridor_navigation,2,1.0,0.453125,0.010669114504915343,0.0,0.0,0.09007812499999995,1.0,0.028828125000000007,8.863319362381713,0.640625,0.23413831643440003,0.7281003800473158
oracle_authority_boundary,nominal_shared_autonomy,delayed_corridor_navigation,3,1.0,0.53125,0.010410098925917754,0.0,0.0,0.07671874999999993,1.0,0.019687499999999997,8.817024487916752,0.4375,0.2711529620807814,0.7288089548332991
oracle_authority_boundary,nominal_shared_autonomy,delayed_corridor_navigation,4,1.0,0.375,0.011240187656060106,0.0,0.0,0.07374999999999993,1.0,0.019687499999999997,8.811264446972624,0.4375,0.22488198052423006,0.7300442212109505
oracle_authority_boundary,nominal_shared_autonomy,delayed_corridor_navigation,5,1.0,0.53125,0.010797954060255976,0.0,0.0,0.08414062499999997,1.0,0.02390625,8.840544951511635,0.53125,0.27787656724467724,0.7280726443953474
oracle_authority_boundary,nominal_shared_autonomy,delayed_corridor_navigation,6,1.0,0.359375,0.010607999882334414,0.0,0.0,0.08859374999999993,1.0,0.029531250000000002,8.861863593558072,0.65625,0.21244983135765308,0.7291483125767719
oracle_authority_boundary,intent_ambiguity_shift,delayed_corridor_navigation,0,1.0,0.359375,0.020720798272601954,0.0,0.0,0.4492968750000001,1.0,0.2102343749999998,10.007526182072006,4.671875,0.2363773881592625,0.6577364021711986
oracle_authority_boundary,intent_ambiguity_shift,delayed_corridor_navigation,1,1.0,0.484375,0.020752907554173073,0.0,0.0,0.45671874999999995,1.0,0.18773437499999981,9.939367810082912,4.171875,0.2654741785277714,0.6556716259668348
oracle_authority_boundary,intent_ambiguity_shift,delayed_corridor_navigation,2,1.0,0.4375,0.021138972718380306,0.0,0.0,0.45374999999999993,1.0,0.1968749999999998,9.965003396954794,4.375,0.25817007670981473,0.6573486412180833
oracle_authority_boundary,intent_ambiguity_shift,delayed_corridor_navigation,3,1.0,0.4375,0.02199134190375789,0.0,0.0,0.42999999999999994,1.0,0.1947656249999998,9.934265130262537,4.328125,0.26247843066284476,0.6580939478949875
oracle_authority_boundary,intent_ambiguity_shift,delayed_corridor_navigation,4,0.984375,0.46875,0.021715649206518584,0.0,0.0,0.4552343749999999,1.0,0.1905468749999998,9.946065856504292,4.234375,0.26924996830744485,0.6564580323982829
oracle_authority_boundary,intent_ambiguity_shift,delayed_corridor_navigation,5,1.0,0.5,0.02192835655368288,0.0,0.0,0.43445312500000005,1.0,0.18070312499999983,9.886565069272628,4.015625,0.2605484550901659,0.6587770972909496
oracle_authority_boundary,intent_ambiguity_shift,delayed_corridor_navigation,6,0.984375,0.53125,0.019723975481943167,0.0,0.0,0.4656249999999999,1.0,0.2095312499999998,10.0215884740495,4.65625,0.2792373405195748,0.6569896103801987
oracle_authority_boundary,contact_mode_shift,delayed_corridor_navigation,0,0.984375,0.4375,0.007935437133503928,0.0,0.0,0.05890624999999993,1.0,0.008437499999999999,8.904005544297501,0.1875,0.29438419017431744,0.6716040322810005
oracle_authority_boundary,contact_mode_shift,delayed_corridor_navigation,1,1.0,0.578125,0.007718280958777643,0.0,0.0,0.07968749999999995,1.0,0.0196875,8.967029081669558,0.4375,0.30823527741697837,0.669875867332177
oracle_authority_boundary,contact_mode_shift,delayed_corridor_navigation,2,1.0,0.53125,0.008740542550718973,0.0,0.0,0.06335937499999994,1.0,0.009843749999999998,8.912020974473773,0.21875,0.308091271517578,0.6720009852104906
oracle_authority_boundary,contact_mode_shift,delayed_corridor_navigation,3,0.96875,0.484375,0.008412488350846308,0.0,0.0,0.06335937499999995,1.0,0.00984375,8.91159355714814,0.21875,0.31521626264153657,0.6721719521407454
oracle_authority_boundary,contact_mode_shift,delayed_corridor_navigation,4,1.0,0.515625,0.008314293477057822,0.0,0.0,0.07078124999999993,1.0,0.016171875,8.945384209802938,0.359375,0.3045433008788066,0.6703275660788252
oracle_authority_boundary,contact_mode_shift,delayed_corridor_navigation,5,0.984375,0.5,0.008199218380313721,0.0,0.0,0.07671874999999995,1.0,0.018984375,8.959246069011584,0.421875,0.3052937229635636,0.6709203223953673
oracle_authority_boundary,contact_mode_shift,delayed_corridor_navigation,6,0.984375,0.625,0.009096300141449703,0.0,0.0,0.07078124999999995,1.0,0.01828125,8.950048350240982,0.40625,0.346933555316709,0.6714619099036068
oracle_authority_boundary,human_delay_shift,delayed_corridor_navigation,0,1.0,0.421875,2.4977141593640616e-05,0.0,0.0,0.04999999999999995,1.0,0.0,8.817419823776534,0.0,0.26981797782768535,0.6910320704893873
oracle_authority_boundary,human_delay_shift,delayed_corridor_navigation,1,1.0,0.46875,2.696996236057382e-05,0.0,0.0,0.04999999999999995,1.0,0.0,8.818308318997587,0.0,0.27367403169775734,0.6906766724009644
oracle_authority_boundary,human_delay_shift,delayed_corridor_navigation,2,0.984375,0.578125,0.0,0.0,0.0,0.04999999999999995,1.0,0.0,8.817884397537906,0.0,0.29977027110711435,0.6908462409848375
oracle_authority_boundary,human_delay_shift,delayed_corridor_navigation,3,1.0,0.40625,6.045384807450774e-05,0.0,0.0,0.04999999999999995,1.0,0.0,8.815807321209098,0.0,0.2538748819405797,0.6916770715163615
oracle_authority_boundary,human_delay_shift,delayed_corridor_navigation,4,1.0,0.46875,0.0,0.0,0.0,0.04999999999999995,1.0,0.0,8.812941449758423,0.0,0.2829514493112881,0.6928234200966311
oracle_authority_boundary,human_delay_shift,delayed_corridor_navigation,5,1.0,0.453125,0.0,0.0,0.0,0.04999999999999995,1.0,0.0,8.816952340488339,0.0,0.2670395462868075,0.6912190638046652
oracle_authority_boundary,human_delay_shift,delayed_corridor_navigation,6,1.0,0.453125,2.987312151153769e-05,0.0,0.0,0.04999999999999995,1.0,0.0,8.816228382889436,0.0,0.264322931902956,0.6915086468442264
oracle_authority_boundary,combined_authority_stress,delayed_corridor_navigation,0,0.953125,0.515625,0.0018980305141657497,0.0,0.0,0.04999999999999995,1.0,0.0,8.978994775206175,0.0,0.34662566300646497,0.6264020899175283
oracle_authority_boundary,combined_authority_stress,delayed_corridor_navigation,1,0.921875,0.625,0.001479755867266801,0.0,0.0,0.05148437499999995,1.0,0.000703125,8.983512326599131,0.015625,0.3789669584411165,0.6261294443603469
oracle_authority_boundary,combined_authority_stress,delayed_corridor_navigation,2,0.953125,0.59375,0.001845003767409058,0.0,0.0,0.04999999999999995,1.0,0.0,8.978696395814804,0.0,0.34794926475496374,0.6265214416740792
oracle_authority_boundary,combined_authority_stress,delayed_corridor_navigation,3,0.984375,0.640625,0.0020465406534417373,0.0,0.0,0.05148437499999995,1.0,0.00140625,8.98591353266754,0.03125,0.358671377059265,0.6261689619329848
oracle_authority_boundary,combined_authority_stress,delayed_corridor_navigation,4,0.984375,0.4375,0.0017345286200037594,0.0,0.0,0.04999999999999995,1.0,0.0,8.979222072574931,0.0,0.2993974612969173,0.6263111709700263
oracle_authority_boundary,combined_authority_stress,delayed_corridor_navigation,5,0.984375,0.546875,0.0018731146877106703,0.0,0.0,0.04999999999999995,1.0,0.0,8.976909127007433,0.0,0.34339255240503963,0.6272363491970271
oracle_authority_boundary,combined_authority_stress,delayed_corridor_navigation,6,0.953125,0.640625,0.0016439187336921145,0.0,0.0,0.04999999999999995,1.0,0.0,8.98045441397158,0.0,0.3777336850412551,0.6258182344113685
oracle_authority_boundary,nominal_shared_autonomy,tool_alignment,0,1.0,0.3125,0.015942987527975152,0.0,0.0,0.59921875,1.0,0.1947656249999998,10.016213164654934,4.328125,0.19725689350785386,0.6862334841380262
oracle_authority_boundary,nominal_shared_autonomy,tool_alignment,1,1.0,0.46875,0.01878156928263932,0.0,0.0,0.5561718749999999,1.0,0.2003906249999998,9.990623694361716,4.453125,0.2323323073341877,0.6889723972553148
oracle_authority_boundary,nominal_shared_autonomy,tool_alignment,2,1.0,0.4375,0.019425760479271203,0.0,0.0,0.5665624999999999,1.0,0.1884374999999998,9.956989464705668,4.1875,0.21579135634603197,0.6891667141177342
oracle_authority_boundary,nominal_shared_autonomy,tool_alignment,3,1.0,0.46875,0.01883743168458745,0.0,0.0,0.5635937499999999,1.0,0.19617187499999986,9.977453228204752,4.359375,0.23001250965674744,0.6909124587181005
oracle_authority_boundary,nominal_shared_autonomy,tool_alignment,4,1.0,0.453125,0.01901628508649571,0.0,0.0,0.5517187499999997,1.0,0.1975781249999998,9.972457024400423,4.390625,0.22907437780545636,0.6906359402398308
oracle_authority_boundary,nominal_shared_autonomy,tool_alignment,5,0.984375,0.515625,0.019256867623143003,0.0,0.0,0.5635937499999997,1.0,0.2024999999999998,10.00434191012513,4.5,0.2434677411717803,0.6891569859499491
oracle_authority_boundary,nominal_shared_autonomy,tool_alignment,6,0.984375,0.453125,0.018787907701212254,0.0,0.0,0.556171875,1.0,0.20742187499999978,10.014501808067207,4.609375,0.23339968083236484,0.6894211517731174
oracle_authority_boundary,intent_ambiguity_shift,tool_alignment,0,1.0,0.453125,0.002062098490843909,0.0,0.0,0.9628906250000002,1.0,0.030937500000000007,9.905555793260227,0.6875,0.2514346233923852,0.6284183076959112
oracle_authority_boundary,intent_ambiguity_shift,tool_alignment,1,1.0,0.40625,0.001341548947748257,0.0,0.0,0.9762500000000002,1.0,0.021093749999999998,9.879356220392111,0.46875,0.2394437737483255,0.6297075118431572
oracle_authority_boundary,intent_ambiguity_shift,tool_alignment,2,1.0,0.375,0.002142710834253778,0.0,0.0,0.9614062500000002,1.0,0.030234375000000004,9.899245596465063,0.671875,0.22407275946243177,0.6294080114139751
oracle_authority_boundary,intent_ambiguity_shift,tool_alignment,3,1.0,0.421875,0.0018709442604022358,0.0,0.0,0.9673437500000003,1.0,0.030937500000000003,9.908902566892435,0.6875,0.23919352137642347,0.6286827232430272
oracle_authority_boundary,intent_ambiguity_shift,tool_alignment,4,1.0,0.359375,0.001596294081909977,0.0,0.0,0.9732812500000002,1.0,0.0225,9.881834234403604,0.5,0.2167675613940019,0.6296475562385587
oracle_authority_boundary,intent_ambiguity_shift,tool_alignment,5,1.0,0.40625,0.002106934873000324,0.0,0.0,0.9643750000000001,1.0,0.026015625,9.887757294956545,0.578125,0.2403932128171478,0.6290720820173816
oracle_authority_boundary,intent_ambiguity_shift,tool_alignment,6,1.0,0.359375,0.001589986020833887,0.0,0.0,0.9732812500000002,1.0,0.024609375000000006,9.894118010517259,0.546875,0.23145178338171418,0.6277340457930963
oracle_authority_boundary,contact_mode_shift,tool_alignment,0,1.0,0.4375,0.020360422510184443,0.0,0.0,0.4760156249999998,1.0,0.2024999999999998,10.050285428105687,4.5,0.27683573241932957,0.6392514537577257
oracle_authority_boundary,contact_mode_shift,tool_alignment,1,0.984375,0.5,0.01979923100064838,0.0,0.0,0.5146093749999999,1.0,0.2010937499999998,10.089321840096787,4.46875,0.2856441477918579,0.6355306389612883
oracle_authority_boundary,contact_mode_shift,tool_alignment,2,0.984375,0.375,0.019428893481676614,0.0,0.0,0.49085937499999976,1.0,0.1884374999999998,10.015684094683616,4.1875,0.26869585152103465,0.6384357371265531
oracle_authority_boundary,contact_mode_shift,tool_alignment,3,1.0,0.390625,0.01948214941563466,0.0,0.0,0.50421875,1.0,0.1884374999999998,10.028366208190159,4.1875,0.2611068707504141,0.6381722667239357
oracle_authority_boundary,contact_mode_shift,tool_alignment,4,1.0,0.40625,0.019838022163989597,0.0,0.0,0.5071875,1.0,0.1954687499999998,10.055902640274562,4.34375,0.2645897540531988,0.6382264438901761
oracle_authority_boundary,contact_mode_shift,tool_alignment,5,1.0,0.421875,0.020385515113270112,0.0,0.0,0.49679687499999997,1.0,0.2017968749999998,10.069293643942805,4.484375,0.27727991380924755,0.6381294174228805
oracle_authority_boundary,contact_mode_shift,tool_alignment,6,1.0,0.59375,0.02049706252599629,0.0,0.0,0.4878906249999999,1.0,0.2046093749999998,10.070782842003624,4.546875,0.3335128936215524,0.6383274881985509
oracle_authority_boundary,human_delay_shift,tool_alignment,0,1.0,0.515625,0.0013883447777169303,0.0,0.0,0.04999999999999995,1.0,0.0,8.837518923287602,0.0,0.28139337083305865,0.6829924306849596
oracle_authority_boundary,human_delay_shift,tool_alignment,1,1.0,0.390625,0.0016668092629164033,0.0,0.0,0.04999999999999995,1.0,0.0,8.83667559005136,0.0,0.24930630529997305,0.6833297639794543
oracle_authority_boundary,human_delay_shift,tool_alignment,2,1.0,0.46875,0.0016930215834423852,0.0,0.0,0.05148437499999995,1.0,0.000703125,8.840016503206298,0.015625,0.2819565183020078,0.6835277737174812
oracle_authority_boundary,human_delay_shift,tool_alignment,3,1.0,0.578125,0.002095462176260836,0.0,0.0,0.05296874999999995,1.0,0.00140625,8.845537503401065,0.03125,0.29997631389216195,0.6828537486395752
oracle_authority_boundary,human_delay_shift,tool_alignment,4,1.0,0.453125,0.0017790093782501701,0.0,0.0,0.05148437499999994,1.0,0.000703125,8.842300956895116,0.015625,0.2639306732857473,0.682613992241954
oracle_authority_boundary,human_delay_shift,tool_alignment,5,1.0,0.4375,0.0018088709879473246,0.0,0.0,0.05148437499999994,1.0,0.00140625,8.843461782211746,0.03125,0.25237845871972575,0.6831496621153024
oracle_authority_boundary,human_delay_shift,tool_alignment,6,0.984375,0.359375,0.0017022146225693716,0.0,0.0,0.04999999999999995,1.0,0.0,8.839138968259231,0.0,0.25320916593041,0.6823444126963083
oracle_authority_boundary,combined_authority_stress,tool_alignment,0,0.9375,0.546875,0.019858739036059194,0.0,0.0,0.19695312500000003,1.0,0.09914062499999991,9.501580720008896,2.203125,0.3417865785298789,0.6112708369964421
oracle_authority_boundary,combined_authority_stress,tool_alignment,1,0.984375,0.578125,0.01969206653304476,0.0,0.0,0.1835937500000001,1.0,0.09773437499999993,9.487781854012944,2.171875,0.3493302418096724,0.6099810083948222
oracle_authority_boundary,combined_authority_stress,tool_alignment,2,1.0,0.375,0.02114198762066602,0.0,0.0,0.20437500000000008,1.0,0.11039062499999992,9.552296893367267,2.453125,0.2876282028031241,0.6096562426530944
oracle_authority_boundary,combined_authority_stress,tool_alignment,3,1.0,0.546875,0.022132877138365124,0.0,0.0,0.19101562500000002,1.0,0.09492187499999993,9.484249282930811,2.109375,0.3268642915724716,0.6100659118276756
oracle_authority_boundary,combined_authority_stress,tool_alignment,4,0.984375,0.578125,0.020707989303317045,0.0,0.0,0.18953125000000004,1.0,0.09984374999999994,9.498881173219207,2.21875,0.34042299760210987,0.6106787807123183
oracle_authority_boundary,combined_authority_stress,tool_alignment,5,1.0,0.59375,0.02090002965814492,0.0,0.0,0.18210937500000005,1.0,0.09562499999999995,9.474618212095645,2.125,0.33805456642774195,0.6117120901617416
oracle_authority_boundary,combined_authority_stress,tool_alignment,6,1.0,0.625,0.022207874529965154,0.0,0.0,0.1850781250000001,1.0,0.09914062499999995,9.49518064649767,2.203125,0.3389253888091683,0.6095558664009323
