stress_axis,stress_level,method,seed,n,task_success,safety_violation,authority_regret,human_burden,late_handoff,handoff_churn,recovery_success,intervention_cost,boundary_calibration_error,override_precision,unsafe_autonomy,robust_utility
authority_churn,0.00,authority_boundary_v5,0,120,0.291667,0.266667,0.327281,0.711662,0.344655,0.381159,0.611018,0.376293,0.282082,0.500530,0.066706,-0.215918
authority_churn,0.00,authority_boundary_v5,1,120,0.333333,0.233333,0.325218,0.710844,0.339683,0.374423,0.613596,0.373548,0.279831,0.506545,0.066370,-0.150788
authority_churn,0.00,authority_boundary_v5,2,120,0.266667,0.208333,0.326160,0.710866,0.341251,0.380332,0.611471,0.375154,0.284947,0.505414,0.066504,-0.203486
authority_churn,0.00,authority_boundary_v5,3,120,0.308333,0.216667,0.324212,0.710469,0.344111,0.379135,0.610980,0.375119,0.283604,0.504800,0.067178,-0.166753
authority_churn,0.00,authority_boundary_v5,4,120,0.300000,0.158333,0.325527,0.706481,0.339322,0.378489,0.613825,0.372570,0.281555,0.504461,0.068057,-0.136965
authority_churn,0.00,authority_boundary_v5,5,120,0.425000,0.191667,0.326559,0.709355,0.341451,0.380443,0.610131,0.374316,0.281955,0.502426,0.067169,-0.034624
authority_churn,0.00,authority_boundary_v5,6,120,0.333333,0.233333,0.324830,0.703792,0.336415,0.378950,0.610354,0.373212,0.278960,0.504510,0.067779,-0.149244
authority_churn,0.00,authority_boundary_v5,7,120,0.283333,0.225000,0.325744,0.706684,0.341392,0.377284,0.610496,0.373383,0.281021,0.507238,0.067834,-0.195602
authority_churn,0.00,authority_boundary_v5,8,120,0.291667,0.266667,0.326449,0.708654,0.339500,0.374843,0.612496,0.371521,0.282505,0.506904,0.067118,-0.212810
authority_churn,0.00,authority_boundary_v5,9,120,0.300000,0.291667,0.327720,0.712700,0.345772,0.380830,0.608219,0.375671,0.280664,0.501458,0.066351,-0.223744
authority_churn,0.00,bayesian_authority_allocation,0,120,0.208333,0.258333,0.346659,0.732900,0.376969,0.371716,0.532869,0.367714,0.282998,0.462860,0.067624,-0.313457
authority_churn,0.00,bayesian_authority_allocation,1,120,0.250000,0.233333,0.345624,0.732628,0.375942,0.365608,0.531850,0.365666,0.281734,0.465011,0.067388,-0.254946
authority_churn,0.00,bayesian_authority_allocation,2,120,0.291667,0.216667,0.344692,0.736366,0.377395,0.368989,0.530079,0.368463,0.281999,0.462772,0.066634,-0.204669
authority_churn,0.00,bayesian_authority_allocation,3,120,0.266667,0.200000,0.346255,0.733110,0.377625,0.371332,0.530072,0.369854,0.283757,0.464588,0.067166,-0.219403
authority_churn,0.00,bayesian_authority_allocation,4,120,0.250000,0.283333,0.344974,0.732547,0.376256,0.367691,0.530338,0.366797,0.280578,0.464447,0.067685,-0.286298
authority_churn,0.00,bayesian_authority_allocation,5,120,0.200000,0.258333,0.346044,0.734478,0.377662,0.368435,0.531794,0.367215,0.281791,0.463969,0.067252,-0.321768
authority_churn,0.00,bayesian_authority_allocation,6,120,0.358333,0.283333,0.346017,0.731650,0.373982,0.367875,0.531406,0.366871,0.281398,0.465046,0.067585,-0.177590
authority_churn,0.00,bayesian_authority_allocation,7,120,0.333333,0.283333,0.344454,0.734895,0.375696,0.366884,0.530602,0.367232,0.279984,0.465232,0.067148,-0.203234
authority_churn,0.00,bayesian_authority_allocation,8,120,0.216667,0.241667,0.343349,0.732167,0.372203,0.366065,0.535332,0.365746,0.280123,0.465332,0.067842,-0.291952
authority_churn,0.00,bayesian_authority_allocation,9,120,0.233333,0.183333,0.345564,0.736442,0.379358,0.369021,0.530238,0.368362,0.282480,0.463645,0.066857,-0.242867
authority_churn,0.00,cbf_safety_filter,0,120,0.400000,0.158333,0.275509,0.329759,0.330717,0.298870,0.647642,0.219989,0.274163,0.530505,0.109765,0.094847
authority_churn,0.00,cbf_safety_filter,1,120,0.441667,0.166667,0.275463,0.324485,0.328726,0.294758,0.649020,0.219758,0.269857,0.534419,0.109834,0.133570
authority_churn,0.00,cbf_safety_filter,2,120,0.425000,0.133333,0.275560,0.329231,0.329369,0.298379,0.649035,0.221057,0.272203,0.533006,0.109907,0.135741
authority_churn,0.00,cbf_safety_filter,3,120,0.391667,0.158333,0.275158,0.325122,0.332215,0.299209,0.648590,0.221012,0.271725,0.534296,0.110133,0.087408
authority_churn,0.00,cbf_safety_filter,4,120,0.375000,0.200000,0.276187,0.327921,0.327337,0.297310,0.649121,0.219985,0.272034,0.535406,0.109141,0.045132
authority_churn,0.00,cbf_safety_filter,5,120,0.433333,0.258333,0.276724,0.326707,0.330730,0.299443,0.647631,0.219358,0.273670,0.536099,0.110040,0.066600
authority_churn,0.00,cbf_safety_filter,6,120,0.416667,0.166667,0.275316,0.324628,0.325439,0.296632,0.649376,0.220221,0.271856,0.535525,0.109783,0.108855
authority_churn,0.00,cbf_safety_filter,7,120,0.425000,0.108333,0.277186,0.327476,0.329858,0.300222,0.651847,0.220289,0.271382,0.532295,0.109216,0.151257
authority_churn,0.00,cbf_safety_filter,8,120,0.450000,0.225000,0.275370,0.324478,0.328625,0.296717,0.649697,0.221177,0.272272,0.535815,0.109824,0.105455
authority_churn,0.00,cbf_safety_filter,9,120,0.400000,0.125000,0.278105,0.331696,0.333289,0.298238,0.647291,0.222550,0.272143,0.531977,0.109810,0.113780
authority_churn,0.00,confidence_threshold_shared_control,0,120,0.133333,0.358333,0.452900,0.885365,0.432076,0.431338,0.337211,0.374307,0.343119,0.341693,0.062138,-0.545892
authority_churn,0.00,confidence_threshold_shared_control,1,120,0.133333,0.291667,0.452639,0.880276,0.430718,0.423343,0.340734,0.375864,0.339056,0.347405,0.061716,-0.501969
authority_churn,0.00,confidence_threshold_shared_control,2,120,0.141667,0.425000,0.450142,0.885067,0.431155,0.430994,0.338163,0.373919,0.343969,0.343831,0.061825,-0.577828
authority_churn,0.00,confidence_threshold_shared_control,3,120,0.116667,0.275000,0.453503,0.886189,0.431259,0.429067,0.339286,0.374542,0.341413,0.347830,0.061996,-0.510695
authority_churn,0.00,confidence_threshold_shared_control,4,120,0.141667,0.275000,0.454571,0.886427,0.430355,0.429700,0.338595,0.374691,0.340604,0.345974,0.061824,-0.486021
authority_churn,0.00,confidence_threshold_shared_control,5,120,0.191667,0.333333,0.453794,0.884693,0.430049,0.428727,0.337498,0.375728,0.341666,0.345189,0.062174,-0.471603
authority_churn,0.00,confidence_threshold_shared_control,6,120,0.133333,0.316667,0.452399,0.880425,0.426594,0.429188,0.340134,0.373481,0.341254,0.343344,0.062093,-0.517297
authority_churn,0.00,confidence_threshold_shared_control,7,120,0.133333,0.350000,0.453158,0.883186,0.428270,0.424781,0.340925,0.374150,0.341328,0.347267,0.061879,-0.538559
authority_churn,0.00,confidence_threshold_shared_control,8,120,0.133333,0.308333,0.450625,0.881420,0.427429,0.425252,0.339132,0.374791,0.338259,0.343100,0.061775,-0.511798
authority_churn,0.00,confidence_threshold_shared_control,9,120,0.125000,0.283333,0.455660,0.886119,0.434808,0.429016,0.335793,0.374848,0.343643,0.343634,0.062238,-0.508923
authority_churn,0.00,mpc_risk_arbitration,0,120,0.450000,0.158333,0.254958,0.373367,0.315075,0.310773,0.716698,0.287763,0.253024,0.561700,0.123971,0.139341
authority_churn,0.00,mpc_risk_arbitration,1,120,0.450000,0.150000,0.253373,0.371587,0.314051,0.303897,0.716934,0.287770,0.250292,0.562106,0.123604,0.146338
authority_churn,0.00,mpc_risk_arbitration,2,120,0.483333,0.216667,0.254653,0.375640,0.312988,0.308680,0.716960,0.288012,0.253343,0.564693,0.122589,0.136619
authority_churn,0.00,mpc_risk_arbitration,3,120,0.466667,0.158333,0.255574,0.373875,0.316668,0.309671,0.715404,0.287600,0.252318,0.563837,0.123674,0.155521
authority_churn,0.00,mpc_risk_arbitration,4,120,0.408333,0.166667,0.256535,0.373469,0.312661,0.306216,0.718712,0.287122,0.251193,0.563851,0.124134,0.093247
authority_churn,0.00,mpc_risk_arbitration,5,120,0.533333,0.250000,0.254955,0.371900,0.315929,0.306844,0.716422,0.288755,0.251631,0.564299,0.123967,0.166407
authority_churn,0.00,mpc_risk_arbitration,6,120,0.433333,0.141667,0.254880,0.372435,0.310883,0.308578,0.717247,0.286709,0.249921,0.566366,0.124047,0.134334
authority_churn,0.00,mpc_risk_arbitration,7,120,0.458333,0.191667,0.254040,0.375062,0.314565,0.310302,0.716249,0.287949,0.251252,0.563764,0.123741,0.126913
authority_churn,0.00,mpc_risk_arbitration,8,120,0.441667,0.183333,0.254007,0.371273,0.313190,0.305031,0.718646,0.287562,0.249424,0.566473,0.123627,0.117414
authority_churn,0.00,mpc_risk_arbitration,9,120,0.458333,0.191667,0.256369,0.373912,0.317698,0.308975,0.716638,0.288562,0.251352,0.562891,0.124621,0.126235
authority_churn,0.00,pomdp_handoff_policy,0,120,0.383333,0.200000,0.293794,0.558023,0.340154,0.349723,0.643039,0.350280,0.264223,0.520282,0.097258,-0.028017
authority_churn,0.00,pomdp_handoff_policy,1,120,0.358333,0.208333,0.292001,0.554138,0.337659,0.343054,0.646247,0.347940,0.261530,0.526793,0.097694,-0.055113
authority_churn,0.00,pomdp_handoff_policy,2,120,0.341667,0.200000,0.293568,0.555416,0.339477,0.349561,0.646633,0.349528,0.263049,0.524707,0.097919,-0.068511
authority_churn,0.00,pomdp_handoff_policy,3,120,0.341667,0.300000,0.293769,0.558714,0.341318,0.346789,0.646836,0.349416,0.261434,0.523912,0.096723,-0.131287
authority_churn,0.00,pomdp_handoff_policy,4,120,0.400000,0.175000,0.292380,0.553112,0.338109,0.347129,0.648256,0.347198,0.261493,0.523082,0.097800,0.007046
authority_churn,0.00,pomdp_handoff_policy,5,120,0.400000,0.266667,0.293795,0.557414,0.339867,0.348169,0.643652,0.349066,0.261958,0.523185,0.097337,-0.052135
authority_churn,0.00,pomdp_handoff_policy,6,120,0.408333,0.183333,0.290943,0.554866,0.337239,0.347033,0.647912,0.348849,0.261600,0.525985,0.097490,0.010109
authority_churn,0.00,pomdp_handoff_policy,7,120,0.391667,0.200000,0.294974,0.558791,0.338780,0.347471,0.646958,0.348939,0.262102,0.524836,0.097667,-0.019225
authority_churn,0.00,pomdp_handoff_policy,8,120,0.433333,0.216667,0.293923,0.558204,0.336603,0.347002,0.643352,0.347515,0.261309,0.523927,0.096517,0.012770
authority_churn,0.00,pomdp_handoff_policy,9,120,0.358333,0.283333,0.294174,0.561160,0.341331,0.346950,0.643135,0.350257,0.262251,0.521724,0.097025,-0.105377
authority_churn,0.00,recovery_aware_mpc,0,120,0.375000,0.216667,0.269637,0.423291,0.313446,0.319680,0.764885,0.337743,0.265384,0.552411,0.120734,0.010571
authority_churn,0.00,recovery_aware_mpc,1,120,0.508333,0.241667,0.268752,0.419855,0.309845,0.314317,0.766276,0.336578,0.262510,0.555580,0.120451,0.130898
authority_churn,0.00,recovery_aware_mpc,2,120,0.466667,0.191667,0.268465,0.419686,0.313823,0.316663,0.764136,0.335645,0.263190,0.553578,0.121089,0.119347
authority_churn,0.00,recovery_aware_mpc,3,120,0.441667,0.150000,0.270129,0.422114,0.311495,0.319964,0.765827,0.335972,0.261923,0.553746,0.119767,0.119261
authority_churn,0.00,recovery_aware_mpc,4,120,0.441667,0.191667,0.269520,0.417811,0.309312,0.319177,0.762505,0.334315,0.262229,0.552953,0.121159,0.094956
authority_churn,0.00,recovery_aware_mpc,5,120,0.458333,0.216667,0.269557,0.420684,0.314593,0.317229,0.763567,0.335639,0.262084,0.555493,0.120608,0.094766
authority_churn,0.00,recovery_aware_mpc,6,120,0.483333,0.150000,0.269643,0.420949,0.308309,0.319082,0.767125,0.336151,0.262693,0.554692,0.120808,0.162030
authority_churn,0.00,recovery_aware_mpc,7,120,0.483333,0.225000,0.269673,0.422181,0.310284,0.315453,0.765152,0.336341,0.259521,0.554106,0.120569,0.115170
authority_churn,0.00,recovery_aware_mpc,8,120,0.441667,0.200000,0.269866,0.418175,0.308708,0.315665,0.767253,0.334458,0.261873,0.557374,0.119676,0.090500
authority_churn,0.00,recovery_aware_mpc,9,120,0.341667,0.241667,0.270609,0.422453,0.311805,0.320586,0.764533,0.336340,0.262881,0.554167,0.120984,-0.038038
authority_churn,0.20,authority_boundary_v5,0,120,0.383333,0.275000,0.327398,0.707692,0.342170,0.422111,0.606599,0.378020,0.283550,0.501257,0.068528,-0.133537
authority_churn,0.20,authority_boundary_v5,1,120,0.308333,0.233333,0.328636,0.708249,0.344493,0.416274,0.605957,0.376182,0.283395,0.503628,0.068041,-0.182685
authority_churn,0.20,authority_boundary_v5,2,120,0.325000,0.258333,0.330590,0.708393,0.341104,0.419754,0.607312,0.377958,0.282363,0.503820,0.068323,-0.181987
authority_churn,0.20,authority_boundary_v5,3,120,0.341667,0.275000,0.329697,0.707561,0.339309,0.421586,0.610211,0.378204,0.282178,0.506261,0.068528,-0.174955
authority_churn,0.20,authority_boundary_v5,4,120,0.325000,0.325000,0.330196,0.709238,0.340808,0.418079,0.611081,0.377083,0.284050,0.503844,0.068213,-0.222787
authority_churn,0.20,authority_boundary_v5,5,120,0.275000,0.266667,0.329980,0.707206,0.338936,0.418178,0.607680,0.376579,0.282056,0.505087,0.068621,-0.236013
authority_churn,0.20,authority_boundary_v5,6,120,0.266667,0.216667,0.331489,0.709109,0.341749,0.417621,0.608509,0.375381,0.282375,0.503466,0.068193,-0.214377
authority_churn,0.20,authority_boundary_v5,7,120,0.341667,0.325000,0.332260,0.710077,0.345685,0.417949,0.605439,0.378319,0.281170,0.502413,0.067544,-0.208177
authority_churn,0.20,authority_boundary_v5,8,120,0.291667,0.233333,0.330192,0.710013,0.338434,0.420095,0.607509,0.378134,0.283168,0.504840,0.068238,-0.199725
authority_churn,0.20,authority_boundary_v5,9,120,0.275000,0.250000,0.329001,0.709271,0.340934,0.414956,0.607705,0.378273,0.280169,0.505179,0.068000,-0.226030
authority_churn,0.20,bayesian_authority_allocation,0,120,0.266667,0.200000,0.350118,0.731811,0.379201,0.408458,0.527416,0.371476,0.282401,0.464510,0.068718,-0.225139
authority_churn,0.20,bayesian_authority_allocation,1,120,0.283333,0.225000,0.352203,0.737008,0.380840,0.407417,0.528363,0.371383,0.281408,0.462646,0.067400,-0.225793
authority_churn,0.20,bayesian_authority_allocation,2,120,0.216667,0.275000,0.350486,0.733011,0.376461,0.408739,0.525980,0.370094,0.282280,0.465919,0.068462,-0.321591
authority_churn,0.20,bayesian_authority_allocation,3,120,0.216667,0.283333,0.348696,0.731878,0.375913,0.406954,0.529349,0.368532,0.281223,0.463791,0.068535,-0.325311
authority_churn,0.20,bayesian_authority_allocation,4,120,0.275000,0.258333,0.349080,0.734328,0.375843,0.409630,0.527549,0.371345,0.282633,0.465034,0.067939,-0.252896
authority_churn,0.20,bayesian_authority_allocation,5,120,0.250000,0.241667,0.348516,0.728620,0.373355,0.406732,0.531062,0.369074,0.282196,0.464164,0.069882,-0.264798
authority_churn,0.20,bayesian_authority_allocation,6,120,0.233333,0.325000,0.349762,0.733386,0.376932,0.406065,0.527626,0.372302,0.281818,0.465183,0.068431,-0.335677
authority_churn,0.20,bayesian_authority_allocation,7,120,0.325000,0.250000,0.352076,0.735591,0.377930,0.409531,0.525697,0.371445,0.282699,0.462307,0.068174,-0.199262
authority_churn,0.20,bayesian_authority_allocation,8,120,0.333333,0.250000,0.350173,0.736484,0.376039,0.410642,0.529955,0.372723,0.280683,0.463914,0.067506,-0.190285
authority_churn,0.20,bayesian_authority_allocation,9,120,0.216667,0.258333,0.349370,0.732646,0.376006,0.405161,0.530377,0.369526,0.281030,0.463948,0.068360,-0.309980
authority_churn,0.20,cbf_safety_filter,0,120,0.383333,0.191667,0.281351,0.330418,0.329497,0.338259,0.644029,0.224407,0.271984,0.535675,0.111878,0.050633
authority_churn,0.20,cbf_safety_filter,1,120,0.408333,0.133333,0.279095,0.327673,0.328856,0.338564,0.641134,0.224958,0.272383,0.531729,0.113493,0.112802
authority_churn,0.20,cbf_safety_filter,2,120,0.391667,0.150000,0.282358,0.323572,0.330644,0.337218,0.644874,0.223494,0.272016,0.536081,0.112554,0.086291
authority_churn,0.20,cbf_safety_filter,3,120,0.366667,0.216667,0.281321,0.327433,0.328734,0.340142,0.644846,0.225033,0.270265,0.535523,0.111724,0.019089
authority_churn,0.20,cbf_safety_filter,4,120,0.441667,0.133333,0.279701,0.327337,0.330026,0.339069,0.643924,0.223602,0.270971,0.534014,0.112072,0.146175
authority_churn,0.20,cbf_safety_filter,5,120,0.366667,0.141667,0.280912,0.325846,0.328009,0.338185,0.647575,0.223827,0.272812,0.535860,0.112828,0.066762
authority_churn,0.20,cbf_safety_filter,6,120,0.383333,0.241667,0.281654,0.329654,0.328190,0.340788,0.643887,0.224568,0.271095,0.532613,0.112028,0.019619
authority_churn,0.20,cbf_safety_filter,7,120,0.450000,0.141667,0.282381,0.328784,0.333265,0.338445,0.644880,0.223567,0.271846,0.533844,0.112616,0.147961
authority_churn,0.20,cbf_safety_filter,8,120,0.350000,0.208333,0.279722,0.328433,0.329717,0.341192,0.644258,0.222105,0.273705,0.534485,0.112272,0.007711
authority_churn,0.20,cbf_safety_filter,9,120,0.483333,0.175000,0.279769,0.329130,0.329462,0.335774,0.647002,0.225740,0.271561,0.533528,0.111286,0.162079
authority_churn,0.20,confidence_threshold_shared_control,0,120,0.133333,0.375000,0.457830,0.886207,0.431722,0.467795,0.334710,0.379025,0.342484,0.345078,0.062439,-0.562650
authority_churn,0.20,confidence_threshold_shared_control,1,120,0.133333,0.291667,0.457009,0.883940,0.431960,0.465712,0.335434,0.377730,0.342440,0.346151,0.062643,-0.509835
authority_churn,0.20,confidence_threshold_shared_control,2,120,0.116667,0.341667,0.456771,0.880816,0.430519,0.468464,0.332708,0.378188,0.340864,0.345786,0.063093,-0.557056
authority_churn,0.20,confidence_threshold_shared_control,3,120,0.183333,0.350000,0.457756,0.882169,0.430281,0.469751,0.334007,0.375569,0.340281,0.343700,0.062615,-0.495878
authority_churn,0.20,confidence_threshold_shared_control,4,120,0.125000,0.266667,0.458400,0.882861,0.430410,0.468281,0.332954,0.377998,0.341750,0.346122,0.062270,-0.503043
authority_churn,0.20,confidence_threshold_shared_control,5,120,0.191667,0.266667,0.456574,0.881983,0.430068,0.468085,0.337003,0.376835,0.342558,0.344393,0.063060,-0.435191
authority_churn,0.20,confidence_threshold_shared_control,6,120,0.141667,0.358333,0.457360,0.884393,0.430690,0.467264,0.334507,0.376961,0.342408,0.345718,0.062709,-0.543012
authority_churn,0.20,confidence_threshold_shared_control,7,120,0.083333,0.400000,0.459181,0.884284,0.432391,0.468322,0.332799,0.376333,0.340768,0.343918,0.062826,-0.628081
authority_churn,0.20,confidence_threshold_shared_control,8,120,0.175000,0.275000,0.457718,0.882270,0.433049,0.470952,0.334263,0.377582,0.342501,0.342124,0.062411,-0.458493
authority_churn,0.20,confidence_threshold_shared_control,9,120,0.075000,0.383333,0.455970,0.885481,0.429635,0.466994,0.334916,0.376050,0.341190,0.342155,0.062507,-0.624767
authority_churn,0.20,mpc_risk_arbitration,0,120,0.416667,0.225000,0.260259,0.375965,0.314880,0.348815,0.713139,0.291610,0.252109,0.563362,0.125439,0.057522
authority_churn,0.20,mpc_risk_arbitration,1,120,0.416667,0.216667,0.259663,0.376336,0.317189,0.346390,0.712221,0.291888,0.251270,0.564296,0.125188,0.062569
authority_churn,0.20,mpc_risk_arbitration,2,120,0.416667,0.208333,0.258841,0.372485,0.314974,0.348938,0.711883,0.291043,0.251786,0.564844,0.125834,0.068971
authority_churn,0.20,mpc_risk_arbitration,3,120,0.441667,0.275000,0.258099,0.373327,0.314280,0.350044,0.715415,0.290298,0.251962,0.565083,0.125102,0.052957
authority_churn,0.20,mpc_risk_arbitration,4,120,0.408333,0.175000,0.259158,0.370931,0.313919,0.348357,0.711956,0.291579,0.251972,0.564244,0.126870,0.081789
authority_churn,0.20,mpc_risk_arbitration,5,120,0.475000,0.175000,0.257826,0.372257,0.311543,0.348585,0.716345,0.289655,0.250151,0.563995,0.125337,0.149367
authority_churn,0.20,mpc_risk_arbitration,6,120,0.416667,0.116667,0.259093,0.374916,0.313655,0.346019,0.712248,0.292034,0.252135,0.563035,0.125909,0.125650
authority_churn,0.20,mpc_risk_arbitration,7,120,0.458333,0.208333,0.259921,0.374318,0.316337,0.346629,0.713198,0.293288,0.252119,0.563899,0.125204,0.109868
authority_churn,0.20,mpc_risk_arbitration,8,120,0.400000,0.258333,0.258718,0.374474,0.316610,0.349744,0.712894,0.291797,0.252307,0.565120,0.126545,0.020505
authority_churn,0.20,mpc_risk_arbitration,9,120,0.475000,0.241667,0.257557,0.376600,0.313910,0.347958,0.714523,0.291664,0.251668,0.562327,0.125802,0.106408
authority_churn,0.20,pomdp_handoff_policy,0,120,0.291667,0.191667,0.297480,0.556257,0.341017,0.390190,0.641233,0.351751,0.261536,0.523347,0.098258,-0.120300
authority_churn,0.20,pomdp_handoff_policy,1,120,0.333333,0.258333,0.298033,0.560214,0.341042,0.388025,0.640616,0.354892,0.260470,0.523813,0.097537,-0.121163
authority_churn,0.20,pomdp_handoff_policy,2,120,0.400000,0.216667,0.297654,0.556847,0.337479,0.385813,0.642281,0.351646,0.261944,0.525169,0.099282,-0.026467
authority_churn,0.20,pomdp_handoff_policy,3,120,0.433333,0.133333,0.294203,0.556728,0.338392,0.389199,0.640893,0.352127,0.262377,0.525140,0.097953,0.058713
authority_churn,0.20,pomdp_handoff_policy,4,120,0.308333,0.283333,0.295392,0.558156,0.337949,0.387611,0.644259,0.351608,0.261263,0.526045,0.098819,-0.159344
authority_churn,0.20,pomdp_handoff_policy,5,120,0.350000,0.233333,0.297555,0.555254,0.338068,0.388923,0.642312,0.350656,0.260866,0.523792,0.099722,-0.086759
authority_churn,0.20,pomdp_handoff_policy,6,120,0.308333,0.175000,0.297625,0.557870,0.338484,0.388932,0.642175,0.351597,0.261007,0.523107,0.098730,-0.093076
authority_churn,0.20,pomdp_handoff_policy,7,120,0.366667,0.225000,0.298772,0.561159,0.339693,0.386568,0.641210,0.354470,0.262147,0.524755,0.097956,-0.067094
authority_churn,0.20,pomdp_handoff_policy,8,120,0.316667,0.225000,0.296900,0.558109,0.338806,0.389444,0.642177,0.351378,0.263348,0.526192,0.098717,-0.115710
authority_churn,0.20,pomdp_handoff_policy,9,120,0.350000,0.233333,0.294989,0.556387,0.336841,0.388710,0.642112,0.352593,0.260247,0.525640,0.099223,-0.086377
authority_churn,0.20,recovery_aware_mpc,0,120,0.458333,0.225000,0.273978,0.420315,0.311492,0.359154,0.761147,0.340287,0.260279,0.555278,0.122504,0.083389
authority_churn,0.20,recovery_aware_mpc,1,120,0.450000,0.233333,0.273164,0.423405,0.315284,0.356356,0.758950,0.340173,0.261559,0.554864,0.122165,0.068915
authority_churn,0.20,recovery_aware_mpc,2,120,0.375000,0.216667,0.273099,0.419411,0.309432,0.359650,0.762096,0.340557,0.260973,0.552925,0.122740,0.005978
authority_churn,0.20,recovery_aware_mpc,3,120,0.383333,0.183333,0.272789,0.420671,0.310111,0.357387,0.764162,0.338821,0.262012,0.554113,0.121308,0.035255
authority_churn,0.20,recovery_aware_mpc,4,120,0.483333,0.208333,0.272830,0.420095,0.307656,0.354993,0.762070,0.338167,0.261758,0.554611,0.123241,0.120461
authority_churn,0.20,recovery_aware_mpc,5,120,0.291667,0.233333,0.274071,0.417791,0.308459,0.358915,0.762466,0.338273,0.261870,0.555686,0.124044,-0.087041
authority_churn,0.20,recovery_aware_mpc,6,120,0.450000,0.216667,0.273400,0.423053,0.308758,0.357704,0.762617,0.338457,0.262624,0.553240,0.122448,0.080622
authority_churn,0.20,recovery_aware_mpc,7,120,0.416667,0.216667,0.275311,0.421961,0.312027,0.357857,0.761678,0.339823,0.262221,0.556244,0.122356,0.046320
authority_churn,0.20,recovery_aware_mpc,8,120,0.450000,0.250000,0.273840,0.420038,0.312711,0.360156,0.761489,0.338416,0.261855,0.555932,0.122412,0.059556
authority_churn,0.20,recovery_aware_mpc,9,120,0.416667,0.200000,0.272979,0.420253,0.307892,0.358247,0.760777,0.338675,0.260734,0.553926,0.124180,0.058303
authority_churn,0.40,authority_boundary_v5,0,120,0.333333,0.258333,0.331894,0.705716,0.338168,0.461204,0.603924,0.379926,0.284684,0.503712,0.069717,-0.178309
authority_churn,0.40,authority_boundary_v5,1,120,0.300000,0.250000,0.333452,0.710727,0.341049,0.460465,0.604455,0.383092,0.283781,0.503153,0.069371,-0.208714
authority_churn,0.40,authority_boundary_v5,2,120,0.316667,0.191667,0.333360,0.709565,0.343637,0.464285,0.604080,0.382823,0.285539,0.502452,0.069110,-0.156454
authority_churn,0.40,authority_boundary_v5,3,120,0.250000,0.266667,0.334062,0.709755,0.342117,0.460591,0.603056,0.382195,0.283259,0.504543,0.069361,-0.269175
authority_churn,0.40,authority_boundary_v5,4,120,0.358333,0.241667,0.332832,0.709471,0.341602,0.461251,0.602774,0.380704,0.283816,0.502817,0.068977,-0.144836
authority_churn,0.40,authority_boundary_v5,5,120,0.266667,0.275000,0.334924,0.707830,0.339013,0.461915,0.604816,0.381783,0.284142,0.503881,0.069341,-0.256908
authority_churn,0.40,authority_boundary_v5,6,120,0.350000,0.191667,0.335131,0.707118,0.339257,0.460416,0.603165,0.381456,0.284531,0.503556,0.069873,-0.121748
authority_churn,0.40,authority_boundary_v5,7,120,0.241667,0.183333,0.335742,0.708023,0.343138,0.464199,0.601529,0.381511,0.283542,0.503497,0.069362,-0.226496
authority_churn,0.40,authority_boundary_v5,8,120,0.366667,0.225000,0.335600,0.713368,0.342249,0.463586,0.601123,0.380740,0.284699,0.500690,0.068455,-0.128316
authority_churn,0.40,authority_boundary_v5,9,120,0.425000,0.300000,0.334180,0.708653,0.340857,0.458971,0.603392,0.380965,0.281822,0.500778,0.068882,-0.114060
authority_churn,0.40,bayesian_authority_allocation,0,120,0.250000,0.283333,0.353817,0.731849,0.374996,0.449058,0.524896,0.373688,0.283287,0.461781,0.069689,-0.299028
authority_churn,0.40,bayesian_authority_allocation,1,120,0.258333,0.308333,0.354646,0.735575,0.378862,0.449078,0.523587,0.373495,0.283667,0.462479,0.068873,-0.308003
authority_churn,0.40,bayesian_authority_allocation,2,120,0.308333,0.183333,0.355862,0.733821,0.378651,0.451989,0.525475,0.373941,0.282405,0.460058,0.069379,-0.180595
authority_churn,0.40,bayesian_authority_allocation,3,120,0.241667,0.225000,0.355058,0.736894,0.378942,0.452213,0.523491,0.375174,0.283819,0.461398,0.068622,-0.273987
authority_churn,0.40,bayesian_authority_allocation,4,120,0.308333,0.291667,0.354703,0.733187,0.375532,0.449970,0.523402,0.375162,0.285421,0.461638,0.069360,-0.246866
authority_churn,0.40,bayesian_authority_allocation,5,120,0.308333,0.191667,0.353845,0.733994,0.376965,0.450933,0.524977,0.373105,0.284940,0.463299,0.069045,-0.184859
authority_churn,0.40,bayesian_authority_allocation,6,120,0.366667,0.225000,0.354073,0.735091,0.375113,0.450319,0.522698,0.373417,0.282466,0.463427,0.069217,-0.147355
authority_churn,0.40,bayesian_authority_allocation,7,120,0.150000,0.258333,0.353142,0.733644,0.376854,0.451643,0.523357,0.375816,0.284215,0.463118,0.069200,-0.384734
authority_churn,0.40,bayesian_authority_allocation,8,120,0.300000,0.291667,0.354336,0.734582,0.376546,0.450638,0.524306,0.374919,0.285152,0.463377,0.069859,-0.255588
authority_churn,0.40,bayesian_authority_allocation,9,120,0.208333,0.283333,0.354771,0.735765,0.376701,0.452568,0.524284,0.374260,0.283109,0.464680,0.068865,-0.342673
authority_churn,0.40,cbf_safety_filter,0,120,0.383333,0.133333,0.284281,0.328496,0.328016,0.379743,0.640977,0.226471,0.272188,0.535448,0.113259,0.081337
authority_churn,0.40,cbf_safety_filter,1,120,0.441667,0.108333,0.284399,0.329462,0.328993,0.381653,0.641268,0.227633,0.274209,0.533663,0.114467,0.154430
authority_churn,0.40,cbf_safety_filter,2,120,0.466667,0.133333,0.286860,0.328644,0.331695,0.381852,0.638351,0.228629,0.276541,0.532507,0.114988,0.162722
authority_churn,0.40,cbf_safety_filter,3,120,0.383333,0.150000,0.284792,0.329347,0.331629,0.383052,0.640727,0.228552,0.274711,0.533377,0.114181,0.069468
authority_churn,0.40,cbf_safety_filter,4,120,0.350000,0.208333,0.285781,0.328483,0.330217,0.380495,0.640454,0.225604,0.276493,0.535476,0.115421,0.000734
authority_churn,0.40,cbf_safety_filter,5,120,0.408333,0.183333,0.286062,0.325785,0.330432,0.380394,0.638633,0.227514,0.271694,0.532833,0.115312,0.074785
authority_churn,0.40,cbf_safety_filter,6,120,0.350000,0.175000,0.284649,0.327603,0.330469,0.379734,0.643739,0.225497,0.273090,0.534414,0.116042,0.022219
authority_churn,0.40,cbf_safety_filter,7,120,0.441667,0.216667,0.285992,0.331253,0.330136,0.384114,0.640207,0.227680,0.272666,0.530753,0.114827,0.085868
authority_churn,0.40,cbf_safety_filter,8,120,0.391667,0.158333,0.287209,0.328103,0.329680,0.384592,0.642455,0.227839,0.273736,0.532274,0.114764,0.072666
authority_churn,0.40,cbf_safety_filter,9,120,0.433333,0.166667,0.283359,0.330519,0.329107,0.379047,0.640492,0.227264,0.272811,0.536426,0.113825,0.110206
authority_churn,0.40,confidence_threshold_shared_control,0,120,0.033333,0.366667,0.461939,0.882254,0.429211,0.508954,0.332253,0.380760,0.342637,0.342097,0.062996,-0.662470
authority_churn,0.40,confidence_threshold_shared_control,1,120,0.108333,0.333333,0.462312,0.880567,0.432754,0.511770,0.328759,0.381090,0.344089,0.343197,0.063780,-0.567709
authority_churn,0.40,confidence_threshold_shared_control,2,120,0.133333,0.358333,0.462752,0.883837,0.433379,0.513317,0.329889,0.381161,0.345142,0.341569,0.063633,-0.559306
authority_churn,0.40,confidence_threshold_shared_control,3,120,0.108333,0.300000,0.462565,0.885621,0.431518,0.512945,0.331046,0.382011,0.344700,0.342555,0.063483,-0.548171
authority_churn,0.40,confidence_threshold_shared_control,4,120,0.100000,0.333333,0.462909,0.885523,0.429429,0.513932,0.333664,0.382704,0.343287,0.341903,0.063239,-0.576877
authority_churn,0.40,confidence_threshold_shared_control,5,120,0.108333,0.316667,0.461492,0.883276,0.429659,0.510453,0.328598,0.380309,0.343597,0.341248,0.063832,-0.557102
authority_churn,0.40,confidence_threshold_shared_control,6,120,0.058333,0.291667,0.462402,0.885961,0.431038,0.509863,0.329369,0.381427,0.342938,0.345175,0.063728,-0.592674
authority_churn,0.40,confidence_threshold_shared_control,7,120,0.191667,0.366667,0.462693,0.883914,0.433437,0.513951,0.330926,0.380825,0.344378,0.341944,0.063050,-0.506112
authority_churn,0.40,confidence_threshold_shared_control,8,120,0.175000,0.391667,0.461767,0.882430,0.430676,0.511781,0.331353,0.379819,0.345235,0.341822,0.063566,-0.536854
authority_churn,0.40,confidence_threshold_shared_control,9,120,0.066667,0.383333,0.460478,0.885544,0.430359,0.512518,0.331150,0.379436,0.347217,0.342150,0.063032,-0.640461
authority_churn,0.40,mpc_risk_arbitration,0,120,0.341667,0.216667,0.264117,0.376550,0.313824,0.388992,0.711045,0.295543,0.252369,0.563843,0.127449,-0.018629
authority_churn,0.40,mpc_risk_arbitration,1,120,0.400000,0.241667,0.263610,0.374216,0.315262,0.390386,0.709419,0.294440,0.254664,0.562299,0.128277,0.024474
authority_churn,0.40,mpc_risk_arbitration,2,120,0.400000,0.191667,0.264320,0.372127,0.316714,0.392826,0.706763,0.296248,0.254019,0.563290,0.128746,0.054879
authority_churn,0.40,mpc_risk_arbitration,3,120,0.450000,0.258333,0.264008,0.377044,0.314695,0.392251,0.709032,0.295308,0.254647,0.561227,0.127206,0.063111
authority_churn,0.40,mpc_risk_arbitration,4,120,0.450000,0.241667,0.264317,0.373700,0.314398,0.393076,0.710439,0.295047,0.255801,0.559201,0.128328,0.074257
authority_churn,0.40,mpc_risk_arbitration,5,120,0.375000,0.166667,0.263970,0.372415,0.313977,0.391766,0.709586,0.294508,0.255954,0.560789,0.128631,0.046363
authority_churn,0.40,mpc_risk_arbitration,6,120,0.400000,0.175000,0.264319,0.374184,0.313337,0.391520,0.707109,0.296396,0.253776,0.563263,0.128465,0.065429
authority_churn,0.40,mpc_risk_arbitration,7,120,0.425000,0.133333,0.266336,0.375731,0.315196,0.392966,0.709618,0.295633,0.255227,0.562193,0.127396,0.115193
authority_churn,0.40,mpc_risk_arbitration,8,120,0.416667,0.175000,0.264209,0.375632,0.313821,0.394013,0.708738,0.296743,0.255401,0.563849,0.127846,0.081494
authority_churn,0.40,mpc_risk_arbitration,9,120,0.425000,0.216667,0.263501,0.375166,0.316270,0.390983,0.710407,0.293984,0.254397,0.561107,0.126291,0.064665
authority_churn,0.40,pomdp_handoff_policy,0,120,0.433333,0.250000,0.302583,0.557164,0.335958,0.429712,0.639629,0.354719,0.264017,0.522881,0.100467,-0.020652
authority_churn,0.40,pomdp_handoff_policy,1,120,0.350000,0.241667,0.300518,0.557325,0.341193,0.430416,0.636620,0.355400,0.266109,0.522393,0.100180,-0.099572
authority_churn,0.40,pomdp_handoff_policy,2,120,0.383333,0.250000,0.303321,0.558910,0.341383,0.432019,0.635699,0.356622,0.265998,0.521327,0.100949,-0.072905
authority_churn,0.40,pomdp_handoff_policy,3,120,0.375000,0.208333,0.301310,0.556302,0.338582,0.431051,0.637472,0.355476,0.266177,0.520652,0.101015,-0.053456
authority_churn,0.40,pomdp_handoff_policy,4,120,0.316667,0.258333,0.302582,0.559802,0.340673,0.431602,0.638952,0.356050,0.263154,0.524667,0.099642,-0.144287
authority_churn,0.40,pomdp_handoff_policy,5,120,0.408333,0.200000,0.303233,0.559342,0.339415,0.432593,0.635910,0.357356,0.266254,0.521554,0.100434,-0.016797
authority_churn,0.40,pomdp_handoff_policy,6,120,0.358333,0.250000,0.301723,0.556986,0.337164,0.432835,0.634606,0.355616,0.263319,0.524408,0.101308,-0.096454
authority_churn,0.40,pomdp_handoff_policy,7,120,0.358333,0.250000,0.302216,0.557243,0.339781,0.433449,0.637895,0.356032,0.264968,0.521155,0.100550,-0.096909
authority_churn,0.40,pomdp_handoff_policy,8,120,0.408333,0.241667,0.301189,0.558826,0.340251,0.430322,0.636832,0.357021,0.265650,0.523650,0.100687,-0.041750
authority_churn,0.40,pomdp_handoff_policy,9,120,0.375000,0.150000,0.301227,0.556693,0.339182,0.431862,0.639362,0.356695,0.265010,0.524000,0.100121,-0.017526
authority_churn,0.40,recovery_aware_mpc,0,120,0.483333,0.141667,0.277786,0.419209,0.309353,0.400480,0.758553,0.342286,0.264824,0.554781,0.125122,0.154345
authority_churn,0.40,recovery_aware_mpc,1,120,0.458333,0.241667,0.275730,0.421023,0.308390,0.398646,0.758004,0.342977,0.263515,0.553979,0.125183,0.067685
authority_churn,0.40,recovery_aware_mpc,2,120,0.466667,0.266667,0.279318,0.420279,0.313845,0.404246,0.759407,0.343400,0.265791,0.552903,0.124358,0.058325
authority_churn,0.40,recovery_aware_mpc,3,120,0.400000,0.225000,0.278309,0.420499,0.310361,0.400341,0.757960,0.344135,0.264765,0.552638,0.124509,0.018528
authority_churn,0.40,recovery_aware_mpc,4,120,0.475000,0.225000,0.277519,0.419278,0.308771,0.403463,0.758154,0.341537,0.265083,0.552934,0.125620,0.094173
authority_churn,0.40,recovery_aware_mpc,5,120,0.500000,0.241667,0.278843,0.419313,0.307644,0.403157,0.753873,0.342862,0.264982,0.553475,0.125486,0.108242
authority_churn,0.40,recovery_aware_mpc,6,120,0.458333,0.200000,0.278192,0.420380,0.312474,0.398521,0.756157,0.342338,0.263470,0.553125,0.126202,0.092334
authority_churn,0.40,recovery_aware_mpc,7,120,0.408333,0.241667,0.277450,0.423200,0.311847,0.401520,0.760044,0.343319,0.264579,0.553499,0.124263,0.015963
authority_churn,0.40,recovery_aware_mpc,8,120,0.483333,0.158333,0.278485,0.421143,0.310475,0.404287,0.757838,0.342421,0.265156,0.553303,0.124589,0.142666
authority_churn,0.40,recovery_aware_mpc,9,120,0.416667,0.291667,0.276946,0.422719,0.310269,0.402022,0.757433,0.343695,0.263813,0.553420,0.124253,-0.006516
authority_churn,0.60,authority_boundary_v5,0,120,0.316667,0.191667,0.338529,0.709287,0.340637,0.507637,0.597978,0.385465,0.293927,0.497716,0.070630,-0.163154
authority_churn,0.60,authority_boundary_v5,1,120,0.333333,0.225000,0.339362,0.712268,0.341904,0.507917,0.599282,0.384538,0.290248,0.500341,0.069514,-0.168117
authority_churn,0.60,authority_boundary_v5,2,120,0.333333,0.283333,0.338138,0.706797,0.338956,0.506669,0.599829,0.383278,0.291514,0.501715,0.071967,-0.201874
authority_churn,0.60,authority_boundary_v5,3,120,0.308333,0.300000,0.337478,0.708321,0.344084,0.509616,0.598453,0.384734,0.290873,0.500117,0.070676,-0.238838
authority_churn,0.60,authority_boundary_v5,4,120,0.366667,0.283333,0.338277,0.708069,0.338345,0.506036,0.601248,0.384121,0.291865,0.499761,0.071817,-0.168678
authority_churn,0.60,authority_boundary_v5,5,120,0.275000,0.216667,0.337036,0.706863,0.340678,0.509874,0.600037,0.383664,0.293285,0.499906,0.071188,-0.219297
authority_churn,0.60,authority_boundary_v5,6,120,0.350000,0.241667,0.338695,0.710378,0.341252,0.508923,0.597817,0.383648,0.291837,0.497233,0.070402,-0.161208
authority_churn,0.60,authority_boundary_v5,7,120,0.383333,0.166667,0.338467,0.710378,0.340000,0.506169,0.602710,0.386179,0.290392,0.500733,0.069761,-0.080649
authority_churn,0.60,authority_boundary_v5,8,120,0.316667,0.275000,0.339426,0.711105,0.341348,0.506977,0.600405,0.383530,0.291839,0.499408,0.070100,-0.215129
authority_churn,0.60,authority_boundary_v5,9,120,0.366667,0.200000,0.339804,0.709542,0.341938,0.506212,0.602928,0.384676,0.291387,0.500292,0.070838,-0.118263
authority_churn,0.60,bayesian_authority_allocation,0,120,0.208333,0.325000,0.360378,0.731343,0.377428,0.496938,0.521220,0.376666,0.291024,0.461274,0.071567,-0.374773
authority_churn,0.60,bayesian_authority_allocation,1,120,0.275000,0.250000,0.360125,0.733628,0.376924,0.496650,0.519838,0.378802,0.292770,0.458738,0.071102,-0.262301
authority_churn,0.60,bayesian_authority_allocation,2,120,0.291667,0.250000,0.359346,0.734160,0.374761,0.497017,0.521374,0.377274,0.291644,0.459815,0.070633,-0.244990
authority_churn,0.60,bayesian_authority_allocation,3,120,0.266667,0.266667,0.359973,0.734861,0.380340,0.498617,0.519767,0.376180,0.291400,0.459614,0.070737,-0.281751
authority_churn,0.60,bayesian_authority_allocation,4,120,0.258333,0.316667,0.358234,0.733541,0.374558,0.498132,0.519973,0.376943,0.293027,0.458537,0.071156,-0.319410
authority_churn,0.60,bayesian_authority_allocation,5,120,0.275000,0.258333,0.359017,0.733305,0.373994,0.496212,0.517466,0.376473,0.290921,0.460856,0.070791,-0.266549
authority_churn,0.60,bayesian_authority_allocation,6,120,0.175000,0.291667,0.359327,0.733082,0.379782,0.497252,0.516475,0.376345,0.292274,0.457449,0.070983,-0.388357
authority_churn,0.60,bayesian_authority_allocation,7,120,0.266667,0.183333,0.357790,0.731936,0.375846,0.495192,0.519165,0.377050,0.292598,0.458167,0.071032,-0.227842
authority_churn,0.60,bayesian_authority_allocation,8,120,0.250000,0.333333,0.360234,0.734866,0.376038,0.496855,0.518946,0.377538,0.292265,0.459682,0.070532,-0.339120
authority_churn,0.60,bayesian_authority_allocation,9,120,0.283333,0.225000,0.358054,0.734679,0.376981,0.498490,0.519129,0.377803,0.291897,0.458864,0.070377,-0.238389
authority_churn,0.60,cbf_safety_filter,0,120,0.275000,0.216667,0.288957,0.328289,0.328160,0.425304,0.637370,0.231034,0.280493,0.527851,0.117005,-0.086018
authority_churn,0.60,cbf_safety_filter,1,120,0.408333,0.241667,0.287097,0.329395,0.330108,0.427537,0.638317,0.230507,0.280560,0.531803,0.117569,0.031564
authority_churn,0.60,cbf_safety_filter,2,120,0.441667,0.158333,0.289992,0.325336,0.326859,0.425882,0.639248,0.231590,0.281340,0.528882,0.118100,0.117499
authority_churn,0.60,cbf_safety_filter,3,120,0.366667,0.116667,0.292344,0.329274,0.331961,0.429648,0.635373,0.232472,0.282337,0.526897,0.117564,0.065133
authority_churn,0.60,cbf_safety_filter,4,120,0.408333,0.141667,0.289772,0.323122,0.327573,0.428000,0.637043,0.228731,0.282194,0.530112,0.118601,0.094826
authority_churn,0.60,cbf_safety_filter,5,120,0.383333,0.150000,0.289548,0.326039,0.326642,0.426403,0.637778,0.230645,0.280513,0.530654,0.118787,0.064224
authority_churn,0.60,cbf_safety_filter,6,120,0.325000,0.100000,0.291335,0.325645,0.329743,0.429566,0.636556,0.231365,0.281723,0.528732,0.118521,0.035493
authority_churn,0.60,cbf_safety_filter,7,120,0.341667,0.200000,0.289807,0.326416,0.329536,0.427024,0.637240,0.229501,0.281727,0.530382,0.117571,-0.009065
authority_churn,0.60,cbf_safety_filter,8,120,0.416667,0.208333,0.291100,0.327303,0.330618,0.426552,0.636792,0.228683,0.282078,0.525855,0.118134,0.060162
authority_churn,0.60,cbf_safety_filter,9,120,0.358333,0.125000,0.290837,0.329417,0.332174,0.425382,0.635937,0.231390,0.281854,0.529679,0.118783,0.052606
authority_churn,0.60,confidence_threshold_shared_control,0,120,0.075000,0.300000,0.466857,0.880587,0.429437,0.557030,0.325323,0.385856,0.351242,0.340530,0.064539,-0.587168
authority_churn,0.60,confidence_threshold_shared_control,1,120,0.091667,0.358333,0.465450,0.880117,0.432976,0.559745,0.327025,0.385101,0.350954,0.339724,0.064881,-0.606884
authority_churn,0.60,confidence_threshold_shared_control,2,120,0.133333,0.383333,0.466897,0.883579,0.427688,0.557483,0.326310,0.383852,0.352582,0.339753,0.064556,-0.580725
authority_churn,0.60,confidence_threshold_shared_control,3,120,0.141667,0.325000,0.468818,0.884399,0.432008,0.558382,0.327021,0.385295,0.352718,0.336598,0.064715,-0.537788
authority_churn,0.60,confidence_threshold_shared_control,4,120,0.125000,0.300000,0.466477,0.883058,0.427205,0.557168,0.325668,0.383942,0.350444,0.341075,0.064917,-0.537107
authority_churn,0.60,confidence_threshold_shared_control,5,120,0.100000,0.275000,0.466700,0.881784,0.428642,0.557300,0.326463,0.384644,0.351112,0.341351,0.064498,-0.546609
authority_churn,0.60,confidence_threshold_shared_control,6,120,0.133333,0.341667,0.464900,0.887175,0.430395,0.557978,0.328484,0.385209,0.350441,0.337935,0.064657,-0.555710
authority_churn,0.60,confidence_threshold_shared_control,7,120,0.125000,0.341667,0.467318,0.882851,0.428143,0.555927,0.327882,0.383590,0.352087,0.339394,0.064280,-0.562889
authority_churn,0.60,confidence_threshold_shared_control,8,120,0.141667,0.291667,0.465886,0.884874,0.432622,0.558641,0.327528,0.385919,0.352244,0.339054,0.064469,-0.516654
authority_churn,0.60,confidence_threshold_shared_control,9,120,0.075000,0.325000,0.467017,0.885998,0.431862,0.557589,0.324730,0.385651,0.352138,0.340040,0.064598,-0.604489
authority_churn,0.60,mpc_risk_arbitration,0,120,0.408333,0.175000,0.267555,0.372376,0.313274,0.435541,0.704145,0.297896,0.261542,0.562230,0.132119,0.067728
authority_churn,0.60,mpc_risk_arbitration,1,120,0.475000,0.250000,0.269708,0.373388,0.313720,0.434876,0.705974,0.298918,0.260931,0.558445,0.131230,0.087166
authority_churn,0.60,mpc_risk_arbitration,2,120,0.466667,0.225000,0.268319,0.373388,0.311633,0.437482,0.704370,0.298646,0.260215,0.559240,0.131634,0.094600
authority_churn,0.60,mpc_risk_arbitration,3,120,0.391667,0.216667,0.270194,0.373416,0.315641,0.438260,0.706350,0.299562,0.261607,0.560599,0.131926,0.023623
authority_churn,0.60,mpc_risk_arbitration,4,120,0.433333,0.175000,0.266829,0.371729,0.312022,0.439642,0.705036,0.296686,0.262514,0.559597,0.131887,0.092965
authority_churn,0.60,mpc_risk_arbitration,5,120,0.416667,0.225000,0.268515,0.373730,0.311196,0.435263,0.708307,0.297789,0.261816,0.558445,0.131745,0.045205
authority_churn,0.60,mpc_risk_arbitration,6,120,0.408333,0.241667,0.268694,0.373234,0.313674,0.438088,0.705504,0.298397,0.262702,0.556937,0.131377,0.025593
authority_churn,0.60,mpc_risk_arbitration,7,120,0.433333,0.191667,0.267902,0.373031,0.310451,0.437463,0.708226,0.297528,0.261323,0.562259,0.130884,0.082735
authority_churn,0.60,mpc_risk_arbitration,8,120,0.433333,0.225000,0.269379,0.374973,0.315954,0.436184,0.705341,0.299324,0.262471,0.559616,0.131173,0.060095
authority_churn,0.60,mpc_risk_arbitration,9,120,0.391667,0.200000,0.268301,0.374341,0.315124,0.438894,0.703895,0.299538,0.260808,0.561141,0.132603,0.034020
authority_churn,0.60,pomdp_handoff_policy,0,120,0.300000,0.291667,0.307818,0.557988,0.338709,0.477790,0.631429,0.359865,0.272643,0.521357,0.103140,-0.188705
authority_churn,0.60,pomdp_handoff_policy,1,120,0.341667,0.275000,0.306955,0.559884,0.340611,0.478580,0.633135,0.361994,0.271583,0.519739,0.101826,-0.137420
authority_churn,0.60,pomdp_handoff_policy,2,120,0.358333,0.216667,0.306116,0.551989,0.336680,0.474437,0.634735,0.359893,0.270990,0.520077,0.104524,-0.081018
authority_churn,0.60,pomdp_handoff_policy,3,120,0.300000,0.258333,0.306482,0.559756,0.340873,0.477979,0.633721,0.358958,0.272833,0.517994,0.102416,-0.168224
authority_churn,0.60,pomdp_handoff_policy,4,120,0.241667,0.291667,0.306061,0.554862,0.336418,0.476913,0.633732,0.357932,0.271189,0.518703,0.103350,-0.245000
authority_churn,0.60,pomdp_handoff_policy,5,120,0.375000,0.191667,0.305344,0.556477,0.335880,0.477227,0.632869,0.357869,0.271694,0.519149,0.102443,-0.049889
authority_churn,0.60,pomdp_handoff_policy,6,120,0.341667,0.283333,0.306229,0.562148,0.337856,0.476630,0.634265,0.359986,0.272291,0.518311,0.101421,-0.141983
authority_churn,0.60,pomdp_handoff_policy,7,120,0.300000,0.250000,0.305106,0.557749,0.338153,0.477714,0.635088,0.359470,0.273307,0.519919,0.102768,-0.161706
authority_churn,0.60,pomdp_handoff_policy,8,120,0.416667,0.225000,0.304643,0.561286,0.339178,0.477732,0.633040,0.361750,0.271459,0.519837,0.101650,-0.030831
authority_churn,0.60,pomdp_handoff_policy,9,120,0.383333,0.241667,0.306085,0.558039,0.340125,0.476987,0.633696,0.359717,0.272168,0.519039,0.102493,-0.073885
authority_churn,0.60,recovery_aware_mpc,0,120,0.383333,0.200000,0.282110,0.421052,0.311445,0.445970,0.754770,0.346175,0.272921,0.548474,0.126846,0.010170
authority_churn,0.60,recovery_aware_mpc,1,120,0.366667,0.200000,0.284177,0.423241,0.311918,0.448740,0.754828,0.347207,0.274303,0.550951,0.127427,-0.008046
authority_churn,0.60,recovery_aware_mpc,2,120,0.391667,0.250000,0.282659,0.419099,0.308004,0.445283,0.754541,0.346587,0.269563,0.550552,0.128050,-0.011592
authority_churn,0.60,recovery_aware_mpc,3,120,0.366667,0.183333,0.283896,0.421122,0.312666,0.447653,0.750819,0.346428,0.271206,0.546938,0.128503,0.002634
authority_churn,0.60,recovery_aware_mpc,4,120,0.441667,0.191667,0.280924,0.418891,0.307023,0.447978,0.755391,0.347529,0.271383,0.551521,0.128757,0.074866
authority_churn,0.60,recovery_aware_mpc,5,120,0.383333,0.275000,0.282028,0.417920,0.308496,0.444209,0.756312,0.346473,0.272132,0.549385,0.128186,-0.034781
authority_churn,0.60,recovery_aware_mpc,6,120,0.433333,0.233333,0.283265,0.422226,0.308970,0.447249,0.754401,0.346197,0.272613,0.548388,0.128124,0.039143
authority_churn,0.60,recovery_aware_mpc,7,120,0.391667,0.183333,0.284055,0.420051,0.310688,0.449288,0.753136,0.346439,0.270626,0.551485,0.127759,0.028156
authority_churn,0.60,recovery_aware_mpc,8,120,0.375000,0.241667,0.283498,0.419868,0.311813,0.446778,0.752056,0.349023,0.272815,0.549955,0.127909,-0.024717
authority_churn,0.60,recovery_aware_mpc,9,120,0.383333,0.183333,0.284379,0.423246,0.311349,0.447363,0.757141,0.347026,0.271482,0.545937,0.127326,0.019362
authority_churn,0.80,authority_boundary_v5,0,120,0.333333,0.241667,0.343571,0.709014,0.339421,0.552160,0.594464,0.386995,0.300274,0.493202,0.072397,-0.184265
authority_churn,0.80,authority_boundary_v5,1,120,0.341667,0.300000,0.344068,0.707379,0.339449,0.549058,0.595679,0.387460,0.298103,0.497438,0.072751,-0.211412
authority_churn,0.80,authority_boundary_v5,2,120,0.266667,0.208333,0.344696,0.710872,0.342950,0.551292,0.597016,0.387713,0.301019,0.495133,0.072005,-0.231320
authority_churn,0.80,authority_boundary_v5,3,120,0.366667,0.225000,0.341339,0.707201,0.341519,0.550482,0.597109,0.389049,0.301465,0.494909,0.072522,-0.139733
authority_churn,0.80,authority_boundary_v5,4,120,0.333333,0.241667,0.344530,0.708440,0.340897,0.551349,0.595817,0.390359,0.301298,0.498919,0.072784,-0.184734
authority_churn,0.80,authority_boundary_v5,5,120,0.300000,0.241667,0.345626,0.710453,0.343409,0.553709,0.594503,0.388089,0.299210,0.494688,0.073245,-0.219388
authority_churn,0.80,authority_boundary_v5,6,120,0.300000,0.250000,0.345252,0.708493,0.340404,0.549646,0.593447,0.389427,0.300031,0.495481,0.072933,-0.223241
authority_churn,0.80,authority_boundary_v5,7,120,0.366667,0.208333,0.345161,0.709826,0.341278,0.553406,0.597416,0.388378,0.301336,0.494273,0.071587,-0.131206
authority_churn,0.80,authority_boundary_v5,8,120,0.266667,0.325000,0.344413,0.710851,0.343827,0.552288,0.591864,0.386944,0.300479,0.496014,0.071450,-0.304173
authority_churn,0.80,authority_boundary_v5,9,120,0.375000,0.275000,0.343085,0.707856,0.342406,0.549630,0.598741,0.387613,0.297901,0.496629,0.072871,-0.162759
authority_churn,0.80,bayesian_authority_allocation,0,120,0.291667,0.250000,0.365938,0.734409,0.377244,0.541620,0.517691,0.383951,0.300848,0.453783,0.072283,-0.253409
authority_churn,0.80,bayesian_authority_allocation,1,120,0.208333,0.275000,0.364192,0.729977,0.375686,0.536523,0.516436,0.381492,0.297932,0.458718,0.073392,-0.349736
authority_churn,0.80,bayesian_authority_allocation,2,120,0.200000,0.275000,0.365193,0.733590,0.379551,0.542534,0.515272,0.381266,0.299922,0.453178,0.072117,-0.360597
authority_churn,0.80,bayesian_authority_allocation,3,120,0.258333,0.308333,0.362200,0.733625,0.376095,0.540106,0.514569,0.381003,0.298688,0.455423,0.072349,-0.321376
authority_churn,0.80,bayesian_authority_allocation,4,120,0.241667,0.258333,0.364837,0.730354,0.376390,0.543812,0.516405,0.381804,0.300742,0.456698,0.073377,-0.307342
authority_churn,0.80,bayesian_authority_allocation,5,120,0.283333,0.175000,0.364885,0.736085,0.380430,0.543712,0.514926,0.381463,0.300099,0.454516,0.071609,-0.216115
authority_churn,0.80,bayesian_authority_allocation,6,120,0.225000,0.283333,0.365983,0.734571,0.376086,0.539461,0.515290,0.380823,0.300156,0.454003,0.072216,-0.340228
authority_churn,0.80,bayesian_authority_allocation,7,120,0.275000,0.275000,0.361957,0.733676,0.377604,0.538617,0.518048,0.381259,0.299282,0.455976,0.072493,-0.283804
authority_churn,0.80,bayesian_authority_allocation,8,120,0.250000,0.241667,0.363506,0.735130,0.377581,0.543399,0.514954,0.380244,0.298923,0.457193,0.071517,-0.289590
authority_churn,0.80,bayesian_authority_allocation,9,120,0.258333,0.266667,0.363999,0.733546,0.378465,0.541409,0.513933,0.379299,0.297442,0.456950,0.071900,-0.296390
authority_churn,0.80,cbf_safety_filter,0,120,0.408333,0.225000,0.294770,0.327917,0.330438,0.472018,0.632619,0.234843,0.290070,0.523541,0.121440,0.034054
authority_churn,0.80,cbf_safety_filter,1,120,0.408333,0.175000,0.294179,0.326036,0.327699,0.469115,0.631350,0.235605,0.288614,0.528255,0.121280,0.066262
authority_churn,0.80,cbf_safety_filter,2,120,0.408333,0.200000,0.293505,0.330486,0.330846,0.469922,0.634089,0.235066,0.291913,0.522647,0.119990,0.049535
authority_churn,0.80,cbf_safety_filter,3,120,0.408333,0.166667,0.295410,0.331193,0.330850,0.470971,0.630321,0.234360,0.288803,0.525213,0.120567,0.069198
authority_churn,0.80,cbf_safety_filter,4,120,0.300000,0.208333,0.292185,0.324605,0.326060,0.468461,0.633901,0.233974,0.289934,0.526102,0.121702,-0.061188
authority_churn,0.80,cbf_safety_filter,5,120,0.341667,0.175000,0.295840,0.329542,0.331894,0.471196,0.632253,0.234711,0.290332,0.526052,0.121209,-0.002421
authority_churn,0.80,cbf_safety_filter,6,120,0.366667,0.150000,0.292644,0.325474,0.329541,0.471023,0.631781,0.235324,0.289637,0.525563,0.120801,0.040153
authority_churn,0.80,cbf_safety_filter,7,120,0.341667,0.175000,0.294010,0.329244,0.330270,0.474236,0.633034,0.234368,0.288673,0.525365,0.120808,-0.001900
authority_churn,0.80,cbf_safety_filter,8,120,0.425000,0.175000,0.295572,0.326568,0.330869,0.471725,0.633059,0.234014,0.292025,0.525029,0.119613,0.081928
authority_churn,0.80,cbf_safety_filter,9,120,0.325000,0.191667,0.293694,0.326679,0.330756,0.471025,0.632780,0.235229,0.289573,0.527092,0.119458,-0.028004
authority_churn,0.80,confidence_threshold_shared_control,0,120,0.075000,0.241667,0.472478,0.886353,0.430401,0.604114,0.322369,0.386883,0.360911,0.334957,0.065734,-0.559934
authority_churn,0.80,confidence_threshold_shared_control,1,120,0.116667,0.258333,0.472424,0.880577,0.430048,0.599407,0.320600,0.388798,0.356416,0.335353,0.066078,-0.526913
authority_churn,0.80,confidence_threshold_shared_control,2,120,0.133333,0.233333,0.471962,0.886432,0.430844,0.602589,0.323805,0.388558,0.360981,0.334785,0.065510,-0.496265
authority_churn,0.80,confidence_threshold_shared_control,3,120,0.125000,0.291667,0.471116,0.882441,0.430499,0.602701,0.324600,0.388576,0.361138,0.334792,0.065417,-0.539492
authority_churn,0.80,confidence_threshold_shared_control,4,120,0.108333,0.291667,0.471052,0.882148,0.429817,0.601251,0.323549,0.389160,0.359257,0.334507,0.065653,-0.555931
authority_churn,0.80,confidence_threshold_shared_control,5,120,0.150000,0.408333,0.473890,0.886469,0.430209,0.601771,0.322656,0.389844,0.360775,0.334712,0.065757,-0.588610
authority_churn,0.80,confidence_threshold_shared_control,6,120,0.125000,0.300000,0.473066,0.882955,0.430593,0.599212,0.324382,0.388144,0.360804,0.336885,0.065284,-0.544840
authority_churn,0.80,confidence_threshold_shared_control,7,120,0.033333,0.350000,0.471759,0.884556,0.428072,0.600132,0.323797,0.389076,0.360386,0.335823,0.065792,-0.667411
authority_churn,0.80,confidence_threshold_shared_control,8,120,0.141667,0.275000,0.473652,0.882508,0.431437,0.601980,0.322652,0.387355,0.359335,0.333252,0.065362,-0.513239
authority_churn,0.80,confidence_threshold_shared_control,9,120,0.058333,0.225000,0.472694,0.882332,0.432849,0.601714,0.324685,0.388744,0.359334,0.334261,0.065556,-0.565461
authority_churn,0.80,mpc_risk_arbitration,0,120,0.450000,0.216667,0.273952,0.373888,0.316179,0.482515,0.699173,0.303838,0.270339,0.557110,0.134660,0.074505
authority_churn,0.80,mpc_risk_arbitration,1,120,0.375000,0.250000,0.274984,0.372633,0.315231,0.477492,0.701964,0.302610,0.268452,0.556677,0.134208,-0.020018
authority_churn,0.80,mpc_risk_arbitration,2,120,0.483333,0.266667,0.273801,0.374983,0.314610,0.483721,0.701710,0.303206,0.270532,0.552674,0.132498,0.076986
authority_churn,0.80,mpc_risk_arbitration,3,120,0.441667,0.233333,0.274236,0.372225,0.313993,0.480535,0.700370,0.302058,0.268473,0.554623,0.135450,0.057028
authority_churn,0.80,mpc_risk_arbitration,4,120,0.400000,0.225000,0.272944,0.372775,0.312474,0.480028,0.701919,0.301479,0.271005,0.555406,0.134702,0.021204
authority_churn,0.80,mpc_risk_arbitration,5,120,0.433333,0.141667,0.272916,0.377244,0.315465,0.480863,0.700922,0.302280,0.270477,0.554481,0.134017,0.104400
authority_churn,0.80,mpc_risk_arbitration,6,120,0.416667,0.183333,0.275744,0.373113,0.313144,0.480163,0.700046,0.302663,0.269671,0.554307,0.133787,0.062532
authority_churn,0.80,mpc_risk_arbitration,7,120,0.400000,0.208333,0.271583,0.372717,0.314930,0.481709,0.702132,0.303135,0.271705,0.554302,0.134357,0.031149
authority_churn,0.80,mpc_risk_arbitration,8,120,0.425000,0.175000,0.275301,0.373995,0.318515,0.482349,0.698269,0.301991,0.270378,0.556521,0.134184,0.074734
authority_churn,0.80,mpc_risk_arbitration,9,120,0.433333,0.241667,0.273421,0.373765,0.311661,0.481069,0.701278,0.302852,0.268387,0.555137,0.133421,0.043664
authority_churn,0.80,pomdp_handoff_policy,0,120,0.333333,0.225000,0.310702,0.558205,0.339964,0.518964,0.630756,0.362246,0.280494,0.516080,0.104327,-0.120245
authority_churn,0.80,pomdp_handoff_policy,1,120,0.325000,0.283333,0.311953,0.557714,0.336709,0.518314,0.631509,0.362542,0.277064,0.514382,0.104597,-0.164311
authority_churn,0.80,pomdp_handoff_policy,2,120,0.408333,0.175000,0.311006,0.559291,0.342285,0.522002,0.628006,0.362798,0.279199,0.515676,0.104327,-0.015593
authority_churn,0.80,pomdp_handoff_policy,3,120,0.341667,0.225000,0.312374,0.557396,0.339589,0.522586,0.629666,0.362246,0.277951,0.515793,0.105061,-0.112598
authority_churn,0.80,pomdp_handoff_policy,4,120,0.358333,0.191667,0.312897,0.556067,0.337350,0.520531,0.630300,0.361620,0.279482,0.515847,0.105773,-0.074358
authority_churn,0.80,pomdp_handoff_policy,5,120,0.366667,0.266667,0.312598,0.558596,0.338799,0.521175,0.629967,0.361738,0.279911,0.513854,0.104971,-0.113405
authority_churn,0.80,pomdp_handoff_policy,6,120,0.333333,0.291667,0.311762,0.558040,0.339520,0.521654,0.628682,0.365259,0.280194,0.516319,0.103891,-0.162523
authority_churn,0.80,pomdp_handoff_policy,7,120,0.266667,0.308333,0.310183,0.557099,0.338940,0.523113,0.631593,0.362698,0.277216,0.514195,0.105578,-0.238496
authority_churn,0.80,pomdp_handoff_policy,8,120,0.366667,0.241667,0.312680,0.557617,0.340158,0.523086,0.628126,0.364388,0.281232,0.514546,0.105372,-0.098549
authority_churn,0.80,pomdp_handoff_policy,9,120,0.308333,0.208333,0.311951,0.556954,0.338082,0.521760,0.628767,0.363622,0.279206,0.517247,0.105112,-0.135255
authority_churn,0.80,recovery_aware_mpc,0,120,0.391667,0.300000,0.288043,0.421628,0.308920,0.494387,0.749782,0.349606,0.280664,0.543771,0.131434,-0.051266
authority_churn,0.80,recovery_aware_mpc,1,120,0.433333,0.233333,0.288026,0.419751,0.309798,0.489033,0.750649,0.349471,0.278861,0.547458,0.131057,0.032773
authority_churn,0.80,recovery_aware_mpc,2,120,0.408333,0.225000,0.284557,0.421242,0.311205,0.492054,0.749372,0.351599,0.280141,0.545423,0.130567,0.012546
authority_churn,0.80,recovery_aware_mpc,3,120,0.433333,0.216667,0.288819,0.420866,0.311482,0.491825,0.750150,0.349632,0.280215,0.544998,0.131134,0.041980
authority_churn,0.80,recovery_aware_mpc,4,120,0.375000,0.166667,0.286571,0.423960,0.310637,0.489968,0.747965,0.350933,0.278942,0.546777,0.130247,0.014519
authority_churn,0.80,recovery_aware_mpc,5,120,0.425000,0.166667,0.289222,0.420827,0.310429,0.491565,0.749712,0.350889,0.282101,0.543314,0.130577,0.064594
authority_churn,0.80,recovery_aware_mpc,6,120,0.391667,0.241667,0.286880,0.417905,0.307972,0.489950,0.750179,0.348070,0.278099,0.545023,0.131094,-0.013046
authority_churn,0.80,recovery_aware_mpc,7,120,0.433333,0.233333,0.286206,0.420488,0.310214,0.490613,0.749207,0.349545,0.279590,0.545810,0.131062,0.032672
authority_churn,0.80,recovery_aware_mpc,8,120,0.425000,0.175000,0.288064,0.421865,0.311666,0.492009,0.747671,0.349622,0.280492,0.546104,0.130531,0.059180
authority_churn,0.80,recovery_aware_mpc,9,120,0.391667,0.183333,0.288148,0.419690,0.311202,0.490301,0.749338,0.350748,0.278287,0.546187,0.130186,0.021481
authority_churn,1.00,authority_boundary_v5,0,120,0.250000,0.266667,0.345208,0.707031,0.338739,0.559963,0.594124,0.387214,0.305907,0.491268,0.073611,-0.283908
authority_churn,1.00,authority_boundary_v5,1,120,0.350000,0.300000,0.344049,0.704554,0.339791,0.562871,0.595471,0.387839,0.307289,0.492878,0.073750,-0.204162
authority_churn,1.00,authority_boundary_v5,2,120,0.283333,0.291667,0.345716,0.716029,0.342443,0.562351,0.593912,0.389023,0.307827,0.490000,0.071145,-0.269438
authority_churn,1.00,authority_boundary_v5,3,120,0.391667,0.241667,0.344689,0.709697,0.339278,0.559738,0.594454,0.389941,0.308199,0.492856,0.073387,-0.127557
authority_churn,1.00,authority_boundary_v5,4,120,0.325000,0.258333,0.346101,0.708192,0.340383,0.562695,0.596337,0.389065,0.306020,0.489177,0.072751,-0.204842
authority_churn,1.00,authority_boundary_v5,5,120,0.291667,0.325000,0.345988,0.711414,0.342784,0.558972,0.594707,0.387983,0.308080,0.488333,0.072739,-0.280214
authority_churn,1.00,authority_boundary_v5,6,120,0.325000,0.283333,0.347001,0.709959,0.340243,0.562884,0.595312,0.391061,0.307237,0.491053,0.072803,-0.221273
authority_churn,1.00,authority_boundary_v5,7,120,0.291667,0.333333,0.342125,0.707302,0.339536,0.562213,0.593900,0.387108,0.307267,0.492879,0.073301,-0.283274
authority_churn,1.00,authority_boundary_v5,8,120,0.308333,0.233333,0.345800,0.711659,0.342176,0.561940,0.595585,0.390846,0.307714,0.490821,0.072067,-0.207200
authority_churn,1.00,authority_boundary_v5,9,120,0.291667,0.258333,0.344600,0.709119,0.340907,0.562922,0.594106,0.389447,0.308967,0.490981,0.072929,-0.238351
authority_churn,1.00,bayesian_authority_allocation,0,120,0.275000,0.333333,0.363670,0.731416,0.374878,0.552305,0.517914,0.382007,0.307030,0.452439,0.073238,-0.321149
authority_churn,1.00,bayesian_authority_allocation,1,120,0.191667,0.333333,0.364711,0.734334,0.374693,0.549428,0.513420,0.381243,0.305917,0.455125,0.073058,-0.405351
authority_churn,1.00,bayesian_authority_allocation,2,120,0.350000,0.266667,0.366418,0.735511,0.382099,0.552858,0.514995,0.383405,0.309542,0.451786,0.072434,-0.208080
authority_churn,1.00,bayesian_authority_allocation,3,120,0.316667,0.275000,0.365434,0.734661,0.376069,0.552641,0.513851,0.382314,0.306673,0.451568,0.072652,-0.245122
authority_churn,1.00,bayesian_authority_allocation,4,120,0.208333,0.258333,0.366474,0.730257,0.376112,0.548974,0.515138,0.379533,0.307528,0.449371,0.074206,-0.341511
authority_churn,1.00,bayesian_authority_allocation,5,120,0.216667,0.300000,0.366467,0.732229,0.377431,0.552407,0.514772,0.381002,0.308376,0.450702,0.073412,-0.360281
authority_churn,1.00,bayesian_authority_allocation,6,120,0.233333,0.291667,0.365239,0.730334,0.375938,0.549267,0.514735,0.381447,0.308668,0.451685,0.074032,-0.337118
authority_churn,1.00,bayesian_authority_allocation,7,120,0.225000,0.258333,0.365317,0.732441,0.376519,0.549657,0.513286,0.381698,0.306266,0.450962,0.073162,-0.325591
authority_churn,1.00,bayesian_authority_allocation,8,120,0.275000,0.258333,0.365512,0.731844,0.380539,0.548199,0.516087,0.381922,0.307590,0.452679,0.072678,-0.275763
authority_churn,1.00,bayesian_authority_allocation,9,120,0.233333,0.325000,0.367095,0.732650,0.378371,0.551770,0.513302,0.380864,0.308203,0.448832,0.073345,-0.359550
authority_churn,1.00,cbf_safety_filter,0,120,0.466667,0.166667,0.294376,0.326730,0.328159,0.481053,0.634027,0.235844,0.297722,0.520118,0.122517,0.128230
authority_churn,1.00,cbf_safety_filter,1,120,0.416667,0.183333,0.295948,0.326370,0.327116,0.481478,0.631628,0.233444,0.298631,0.524128,0.123904,0.067754
authority_churn,1.00,cbf_safety_filter,2,120,0.350000,0.116667,0.296956,0.330550,0.330946,0.481922,0.629819,0.235305,0.296798,0.522600,0.123168,0.040169
authority_churn,1.00,cbf_safety_filter,3,120,0.358333,0.125000,0.296429,0.328939,0.329743,0.480740,0.629284,0.235388,0.297170,0.521894,0.123230,0.044137
authority_churn,1.00,cbf_safety_filter,4,120,0.475000,0.141667,0.294344,0.326860,0.327631,0.481964,0.631276,0.236288,0.297581,0.519998,0.122347,0.151751
authority_churn,1.00,cbf_safety_filter,5,120,0.325000,0.175000,0.296774,0.329584,0.330254,0.480559,0.629716,0.234863,0.299888,0.520547,0.121092,-0.020410
authority_churn,1.00,cbf_safety_filter,6,120,0.316667,0.191667,0.295336,0.328980,0.328911,0.480913,0.628937,0.235363,0.296306,0.520226,0.122531,-0.038513
authority_churn,1.00,cbf_safety_filter,7,120,0.375000,0.133333,0.296241,0.326384,0.328843,0.479350,0.633654,0.234294,0.296981,0.522371,0.122518,0.057067
authority_churn,1.00,cbf_safety_filter,8,120,0.375000,0.208333,0.296134,0.329470,0.330376,0.481785,0.629954,0.234777,0.299634,0.521072,0.121733,0.008971
authority_churn,1.00,cbf_safety_filter,9,120,0.441667,0.258333,0.295070,0.330103,0.331230,0.482796,0.630611,0.238329,0.299019,0.520462,0.122269,0.044191
authority_churn,1.00,confidence_threshold_shared_control,0,120,0.116667,0.441667,0.470236,0.882444,0.428781,0.611845,0.321746,0.388214,0.366436,0.330462,0.066126,-0.641620
authority_churn,1.00,confidence_threshold_shared_control,1,120,0.108333,0.300000,0.474034,0.880344,0.429575,0.609752,0.322458,0.387378,0.367077,0.332733,0.066483,-0.562301
authority_churn,1.00,confidence_threshold_shared_control,2,120,0.075000,0.441667,0.472241,0.885075,0.430684,0.613331,0.322989,0.389082,0.369226,0.331228,0.066031,-0.684890
authority_churn,1.00,confidence_threshold_shared_control,3,120,0.100000,0.333333,0.473721,0.882167,0.430334,0.610413,0.320495,0.387032,0.366385,0.332076,0.066439,-0.591984
authority_churn,1.00,confidence_threshold_shared_control,4,120,0.108333,0.308333,0.474249,0.881456,0.428335,0.612367,0.320317,0.388513,0.368158,0.331468,0.066474,-0.568189
authority_churn,1.00,confidence_threshold_shared_control,5,120,0.125000,0.241667,0.473330,0.884018,0.428610,0.613576,0.322396,0.390932,0.367542,0.327003,0.066288,-0.510839
authority_churn,1.00,confidence_threshold_shared_control,6,120,0.091667,0.300000,0.472112,0.885321,0.432662,0.610706,0.320892,0.389490,0.365872,0.332864,0.066125,-0.580627
authority_churn,1.00,confidence_threshold_shared_control,7,120,0.125000,0.325000,0.473108,0.881000,0.428375,0.612259,0.322624,0.388248,0.367809,0.332214,0.066266,-0.561243
authority_churn,1.00,confidence_threshold_shared_control,8,120,0.200000,0.333333,0.474186,0.884293,0.429324,0.613231,0.321134,0.388182,0.367987,0.331635,0.066246,-0.492851
authority_churn,1.00,confidence_threshold_shared_control,9,120,0.108333,0.308333,0.474309,0.884092,0.429863,0.611161,0.319104,0.390011,0.368838,0.330589,0.066309,-0.569183
authority_churn,1.00,mpc_risk_arbitration,0,120,0.408333,0.191667,0.273313,0.375012,0.311744,0.486886,0.702426,0.302520,0.276384,0.550337,0.135103,0.048806
authority_churn,1.00,mpc_risk_arbitration,1,120,0.433333,0.191667,0.273483,0.375237,0.312618,0.492808,0.699505,0.304077,0.276712,0.551836,0.136379,0.072469
authority_churn,1.00,mpc_risk_arbitration,2,120,0.441667,0.233333,0.274876,0.377201,0.314883,0.492614,0.698316,0.304276,0.278765,0.550544,0.135020,0.053696
authority_churn,1.00,mpc_risk_arbitration,3,120,0.383333,0.216667,0.273845,0.374406,0.313976,0.492998,0.698884,0.303533,0.278594,0.552285,0.136005,0.006843
authority_churn,1.00,mpc_risk_arbitration,4,120,0.491667,0.250000,0.275371,0.372385,0.311749,0.494295,0.703526,0.301915,0.277872,0.552384,0.135784,0.095347
authority_churn,1.00,mpc_risk_arbitration,5,120,0.458333,0.208333,0.275629,0.372485,0.314678,0.493822,0.699682,0.301291,0.278368,0.551859,0.135807,0.087101
authority_churn,1.00,mpc_risk_arbitration,6,120,0.425000,0.208333,0.275186,0.371541,0.316979,0.490914,0.699923,0.304999,0.277573,0.551799,0.135377,0.053735
authority_churn,1.00,mpc_risk_arbitration,7,120,0.425000,0.150000,0.275564,0.371379,0.313784,0.493333,0.699699,0.302714,0.277782,0.552180,0.135134,0.090277
authority_churn,1.00,mpc_risk_arbitration,8,120,0.441667,0.200000,0.275309,0.374652,0.315570,0.491438,0.699019,0.302967,0.279434,0.550993,0.134643,0.075084
authority_churn,1.00,mpc_risk_arbitration,9,120,0.425000,0.258333,0.276055,0.373723,0.314417,0.493347,0.699612,0.304045,0.279100,0.551176,0.134812,0.022182
authority_churn,1.00,pomdp_handoff_policy,0,120,0.333333,0.258333,0.311837,0.556549,0.336386,0.532733,0.627784,0.362480,0.289921,0.512475,0.106808,-0.142139
authority_churn,1.00,pomdp_handoff_policy,1,120,0.283333,0.241667,0.313149,0.554449,0.337597,0.531595,0.629770,0.364164,0.286346,0.513027,0.107597,-0.181696
authority_churn,1.00,pomdp_handoff_policy,2,120,0.358333,0.225000,0.312800,0.557837,0.341119,0.528349,0.629643,0.363435,0.288786,0.509654,0.105716,-0.097201
authority_churn,1.00,pomdp_handoff_policy,3,120,0.300000,0.175000,0.314624,0.556290,0.340151,0.530034,0.627630,0.362187,0.288367,0.510101,0.107249,-0.124702
authority_churn,1.00,pomdp_handoff_policy,4,120,0.325000,0.225000,0.311793,0.557263,0.337464,0.531762,0.629388,0.364577,0.286893,0.510194,0.105860,-0.130104
authority_churn,1.00,pomdp_handoff_policy,5,120,0.275000,0.266667,0.313271,0.558105,0.341850,0.533778,0.628001,0.363959,0.288533,0.511509,0.106180,-0.207501
authority_churn,1.00,pomdp_handoff_policy,6,120,0.266667,0.233333,0.313618,0.556699,0.340793,0.533025,0.627506,0.362272,0.289126,0.509159,0.105798,-0.194529
authority_churn,1.00,pomdp_handoff_policy,7,120,0.375000,0.183333,0.311484,0.557057,0.340391,0.529554,0.627352,0.363694,0.288620,0.512348,0.106287,-0.054422
authority_churn,1.00,pomdp_handoff_policy,8,120,0.308333,0.200000,0.312125,0.557231,0.340212,0.531395,0.627797,0.365027,0.287871,0.512315,0.105724,-0.131914
authority_churn,1.00,pomdp_handoff_policy,9,120,0.391667,0.191667,0.313280,0.557208,0.342901,0.530985,0.626911,0.363214,0.286887,0.510081,0.105772,-0.043967
authority_churn,1.00,recovery_aware_mpc,0,120,0.441667,0.266667,0.288624,0.420856,0.307759,0.500071,0.752114,0.350315,0.287124,0.540369,0.132131,0.019060
authority_churn,1.00,recovery_aware_mpc,1,120,0.433333,0.250000,0.287934,0.419925,0.307567,0.501254,0.751006,0.349672,0.287535,0.541160,0.133163,0.021320
authority_churn,1.00,recovery_aware_mpc,2,120,0.408333,0.216667,0.288377,0.420934,0.311849,0.503962,0.747532,0.352153,0.289433,0.540673,0.131989,0.015098
authority_churn,1.00,recovery_aware_mpc,3,120,0.425000,0.258333,0.289287,0.419186,0.310419,0.500503,0.747973,0.350161,0.288813,0.542676,0.131760,0.007001
authority_churn,1.00,recovery_aware_mpc,4,120,0.366667,0.216667,0.288453,0.421548,0.309304,0.501671,0.751200,0.351182,0.287378,0.541964,0.132216,-0.025663
authority_churn,1.00,recovery_aware_mpc,5,120,0.433333,0.175000,0.289629,0.421335,0.310774,0.502743,0.750025,0.352226,0.289267,0.540436,0.131881,0.066032
authority_churn,1.00,recovery_aware_mpc,6,120,0.325000,0.258333,0.288525,0.422185,0.309152,0.502475,0.749435,0.351107,0.285818,0.540746,0.131475,-0.093540
authority_churn,1.00,recovery_aware_mpc,7,120,0.366667,0.183333,0.289035,0.420373,0.309802,0.502497,0.749756,0.351143,0.286661,0.541745,0.132814,-0.005150
authority_churn,1.00,recovery_aware_mpc,8,120,0.500000,0.250000,0.290058,0.423490,0.310323,0.503352,0.749276,0.353028,0.288561,0.541090,0.130329,0.085433
authority_churn,1.00,recovery_aware_mpc,9,120,0.416667,0.225000,0.290531,0.420997,0.311811,0.502543,0.747065,0.352342,0.288483,0.539398,0.131130,0.017831
combined,0.00,authority_boundary_v5,0,120,0.516667,0.200000,0.269991,0.614383,0.214478,0.319160,0.661676,0.337587,0.210803,0.575288,0.072438,0.124277
combined,0.00,authority_boundary_v5,1,120,0.466667,0.200000,0.269749,0.613650,0.214693,0.320998,0.663547,0.336675,0.212138,0.577910,0.073317,0.074499
combined,0.00,authority_boundary_v5,2,120,0.491667,0.175000,0.270283,0.611391,0.217947,0.322143,0.660664,0.335674,0.211036,0.576761,0.073421,0.114619
combined,0.00,authority_boundary_v5,3,120,0.541667,0.158333,0.271094,0.614472,0.217569,0.324351,0.659098,0.339392,0.211930,0.575395,0.072668,0.173309
combined,0.00,authority_boundary_v5,4,120,0.458333,0.200000,0.270878,0.616415,0.216874,0.317757,0.662685,0.338905,0.213388,0.573830,0.072222,0.064968
combined,0.00,authority_boundary_v5,5,120,0.425000,0.200000,0.272400,0.612754,0.218468,0.318800,0.660193,0.336571,0.211592,0.573693,0.073624,0.031787
combined,0.00,authority_boundary_v5,6,120,0.441667,0.183333,0.273038,0.611303,0.218911,0.321371,0.659149,0.337367,0.212922,0.573877,0.074077,0.058433
combined,0.00,authority_boundary_v5,7,120,0.450000,0.233333,0.270250,0.611339,0.216271,0.319236,0.662822,0.335711,0.210782,0.577012,0.072972,0.037592
combined,0.00,authority_boundary_v5,8,120,0.550000,0.216667,0.271801,0.615771,0.219454,0.323550,0.659352,0.338311,0.211672,0.573821,0.072475,0.144910
combined,0.00,authority_boundary_v5,9,120,0.475000,0.208333,0.270884,0.611680,0.214470,0.319659,0.659027,0.336539,0.213854,0.574757,0.073571,0.077703
combined,0.00,bayesian_authority_allocation,0,120,0.375000,0.208333,0.291452,0.637097,0.252899,0.307645,0.580769,0.330067,0.212551,0.535733,0.075399,-0.043859
combined,0.00,bayesian_authority_allocation,1,120,0.416667,0.216667,0.291368,0.637226,0.252266,0.311988,0.579224,0.332312,0.212337,0.537180,0.075689,-0.008137
combined,0.00,bayesian_authority_allocation,2,120,0.400000,0.225000,0.290806,0.637945,0.251989,0.310401,0.581180,0.330113,0.212656,0.535999,0.075831,-0.029392
combined,0.00,bayesian_authority_allocation,3,120,0.408333,0.191667,0.289976,0.637187,0.253715,0.311990,0.579785,0.332028,0.214645,0.534371,0.075492,-0.000772
combined,0.00,bayesian_authority_allocation,4,120,0.466667,0.258333,0.291958,0.635422,0.253738,0.311231,0.581519,0.329575,0.213643,0.535029,0.076110,0.016628
combined,0.00,bayesian_authority_allocation,5,120,0.400000,0.283333,0.290946,0.636606,0.253227,0.308862,0.583691,0.328059,0.211560,0.535925,0.075155,-0.064879
combined,0.00,bayesian_authority_allocation,6,120,0.433333,0.241667,0.292147,0.635262,0.254765,0.312390,0.581656,0.329731,0.212143,0.534605,0.075514,-0.006690
combined,0.00,bayesian_authority_allocation,7,120,0.433333,0.133333,0.290678,0.634470,0.250537,0.309350,0.581935,0.327349,0.212634,0.535737,0.076149,0.062336
combined,0.00,bayesian_authority_allocation,8,120,0.416667,0.291667,0.290795,0.634432,0.255355,0.310192,0.581149,0.328935,0.212990,0.534981,0.076072,-0.053611
combined,0.00,bayesian_authority_allocation,9,120,0.425000,0.183333,0.290173,0.635605,0.250681,0.306108,0.580447,0.329662,0.213054,0.536917,0.076503,0.022872
combined,0.00,cbf_safety_filter,0,120,0.516667,0.158333,0.221856,0.228384,0.205483,0.240278,0.695593,0.184134,0.202168,0.607731,0.100796,0.283747
combined,0.00,cbf_safety_filter,1,120,0.525000,0.158333,0.223549,0.228272,0.203611,0.240594,0.697133,0.183028,0.201423,0.606784,0.101262,0.292180
combined,0.00,cbf_safety_filter,2,120,0.491667,0.141667,0.223360,0.228363,0.204906,0.238430,0.698421,0.183379,0.201938,0.607466,0.102082,0.269325
combined,0.00,cbf_safety_filter,3,120,0.550000,0.125000,0.224541,0.236766,0.208148,0.240724,0.694312,0.183595,0.202807,0.603549,0.100693,0.334536
combined,0.00,cbf_safety_filter,4,120,0.583333,0.141667,0.225803,0.231660,0.207127,0.241874,0.695796,0.184761,0.202974,0.603997,0.100852,0.358473
combined,0.00,cbf_safety_filter,5,120,0.516667,0.108333,0.225177,0.231079,0.205271,0.239392,0.694397,0.183966,0.201934,0.603904,0.101784,0.313332
combined,0.00,cbf_safety_filter,6,120,0.500000,0.150000,0.224576,0.233502,0.206053,0.242109,0.697059,0.184190,0.203309,0.603252,0.102432,0.270140
combined,0.00,cbf_safety_filter,7,120,0.508333,0.191667,0.224414,0.230862,0.203212,0.241416,0.698111,0.183467,0.200660,0.607852,0.100941,0.254008
combined,0.00,cbf_safety_filter,8,120,0.533333,0.108333,0.224150,0.229186,0.205878,0.240740,0.695314,0.185380,0.202503,0.607234,0.102084,0.330383
combined,0.00,cbf_safety_filter,9,120,0.525000,0.141667,0.224612,0.231434,0.202661,0.241642,0.696823,0.183041,0.202530,0.605008,0.101467,0.301488
combined,0.00,confidence_threshold_shared_control,0,120,0.225000,0.250000,0.396868,0.789989,0.305415,0.370585,0.390618,0.337152,0.271312,0.417655,0.055830,-0.314617
combined,0.00,confidence_threshold_shared_control,1,120,0.191667,0.250000,0.397073,0.785162,0.305181,0.369205,0.388394,0.337027,0.272546,0.415793,0.057105,-0.346805
combined,0.00,confidence_threshold_shared_control,2,120,0.233333,0.225000,0.396395,0.786721,0.305980,0.372069,0.387372,0.337721,0.271556,0.416111,0.056609,-0.290466
combined,0.00,confidence_threshold_shared_control,3,120,0.233333,0.308333,0.398160,0.787470,0.308216,0.374354,0.387340,0.338487,0.271650,0.415034,0.056221,-0.343464
combined,0.00,confidence_threshold_shared_control,4,120,0.233333,0.316667,0.399507,0.785881,0.307327,0.371704,0.389031,0.337170,0.275175,0.415258,0.056722,-0.347859
combined,0.00,confidence_threshold_shared_control,5,120,0.208333,0.283333,0.397308,0.786579,0.305399,0.368891,0.389066,0.337189,0.271763,0.416286,0.056699,-0.351164
combined,0.00,confidence_threshold_shared_control,6,120,0.275000,0.275000,0.397754,0.787572,0.309152,0.370920,0.388800,0.337521,0.273489,0.415237,0.056816,-0.280579
combined,0.00,confidence_threshold_shared_control,7,120,0.241667,0.291667,0.399007,0.786417,0.305042,0.368914,0.388505,0.338177,0.271013,0.415705,0.056218,-0.323472
combined,0.00,confidence_threshold_shared_control,8,120,0.183333,0.291667,0.394944,0.783958,0.305286,0.370602,0.388932,0.338012,0.273835,0.415276,0.057074,-0.380390
combined,0.00,confidence_threshold_shared_control,9,120,0.316667,0.325000,0.397484,0.784562,0.304466,0.368845,0.390004,0.337406,0.271346,0.413118,0.057081,-0.268015
combined,0.00,mpc_risk_arbitration,0,120,0.533333,0.100000,0.203216,0.277926,0.187163,0.252868,0.768106,0.251748,0.184269,0.634950,0.115862,0.329811
combined,0.00,mpc_risk_arbitration,1,120,0.516667,0.158333,0.203206,0.277933,0.188346,0.250548,0.763958,0.250322,0.182211,0.636142,0.116842,0.276878
combined,0.00,mpc_risk_arbitration,2,120,0.608333,0.191667,0.202566,0.274092,0.190670,0.249703,0.764978,0.251377,0.182461,0.636364,0.117178,0.348665
combined,0.00,mpc_risk_arbitration,3,120,0.566667,0.133333,0.202737,0.277448,0.190765,0.251917,0.766736,0.251933,0.181979,0.637007,0.114970,0.342121
combined,0.00,mpc_risk_arbitration,4,120,0.558333,0.150000,0.201473,0.278437,0.190024,0.252596,0.765824,0.251642,0.183108,0.634918,0.116900,0.323526
combined,0.00,mpc_risk_arbitration,5,120,0.608333,0.133333,0.201207,0.277907,0.190153,0.248662,0.764054,0.251297,0.182437,0.634058,0.116606,0.384398
combined,0.00,mpc_risk_arbitration,6,120,0.625000,0.175000,0.203328,0.278565,0.191230,0.251199,0.766784,0.252162,0.182151,0.636910,0.116593,0.374198
combined,0.00,mpc_risk_arbitration,7,120,0.583333,0.141667,0.200730,0.274337,0.187977,0.248497,0.767095,0.250602,0.181735,0.637827,0.115684,0.355888
combined,0.00,mpc_risk_arbitration,8,120,0.550000,0.166667,0.202456,0.280966,0.191886,0.252407,0.764974,0.252120,0.182377,0.636794,0.114420,0.303616
combined,0.00,mpc_risk_arbitration,9,120,0.550000,0.141667,0.199737,0.276462,0.188827,0.247013,0.767994,0.249430,0.183492,0.636673,0.116348,0.322524
combined,0.00,pomdp_handoff_policy,0,120,0.483333,0.258333,0.239044,0.459346,0.214614,0.292597,0.695060,0.311694,0.190856,0.597448,0.096769,0.108148
combined,0.00,pomdp_handoff_policy,1,120,0.441667,0.141667,0.240501,0.461387,0.213261,0.293215,0.695811,0.312334,0.193604,0.594778,0.098696,0.138099
combined,0.00,pomdp_handoff_policy,2,120,0.483333,0.200000,0.239368,0.461715,0.214088,0.289946,0.696390,0.313105,0.191051,0.595103,0.096228,0.144033
combined,0.00,pomdp_handoff_policy,3,120,0.541667,0.158333,0.238598,0.459352,0.214834,0.291404,0.695672,0.311767,0.194019,0.594181,0.096781,0.228741
combined,0.00,pomdp_handoff_policy,4,120,0.458333,0.166667,0.239789,0.461346,0.217524,0.290487,0.692995,0.314134,0.191583,0.595924,0.097511,0.138694
combined,0.00,pomdp_handoff_policy,5,120,0.441667,0.166667,0.240083,0.461434,0.215148,0.285949,0.693226,0.313000,0.191778,0.595297,0.097054,0.122989
combined,0.00,pomdp_handoff_policy,6,120,0.416667,0.175000,0.238983,0.459279,0.215936,0.289984,0.694626,0.311267,0.193197,0.596422,0.097017,0.093289
combined,0.00,pomdp_handoff_policy,7,120,0.441667,0.216667,0.238790,0.461684,0.211233,0.290382,0.696166,0.311651,0.192195,0.596727,0.096714,0.092717
combined,0.00,pomdp_handoff_policy,8,120,0.550000,0.150000,0.238004,0.459916,0.215539,0.294050,0.694846,0.313861,0.192889,0.594444,0.097349,0.241549
combined,0.00,pomdp_handoff_policy,9,120,0.375000,0.216667,0.239248,0.460430,0.211495,0.289498,0.697217,0.310479,0.193062,0.594928,0.096707,0.026502
combined,0.00,recovery_aware_mpc,0,120,0.583333,0.191667,0.216584,0.323289,0.187303,0.259832,0.813263,0.298987,0.191293,0.624509,0.115619,0.306779
combined,0.00,recovery_aware_mpc,1,120,0.558333,0.225000,0.216014,0.322193,0.184310,0.259345,0.818014,0.300403,0.191724,0.626749,0.114634,0.262293
combined,0.00,recovery_aware_mpc,2,120,0.533333,0.183333,0.214816,0.321719,0.184613,0.261295,0.815443,0.299214,0.190979,0.627000,0.114793,0.263171
combined,0.00,recovery_aware_mpc,3,120,0.575000,0.183333,0.213334,0.324541,0.185926,0.262586,0.812711,0.299887,0.192534,0.625897,0.114116,0.303880
combined,0.00,recovery_aware_mpc,4,120,0.616667,0.183333,0.217770,0.323546,0.186814,0.261802,0.811928,0.300073,0.193298,0.622771,0.115143,0.344547
combined,0.00,recovery_aware_mpc,5,120,0.566667,0.166667,0.215716,0.321880,0.186425,0.257058,0.813286,0.298058,0.193662,0.626256,0.115409,0.306735
combined,0.00,recovery_aware_mpc,6,120,0.583333,0.141667,0.216173,0.324371,0.185399,0.260274,0.815623,0.300290,0.191768,0.623502,0.116802,0.337932
combined,0.00,recovery_aware_mpc,7,120,0.541667,0.166667,0.218045,0.325248,0.183554,0.258548,0.815403,0.298129,0.190158,0.628048,0.114167,0.280788
combined,0.00,recovery_aware_mpc,8,120,0.508333,0.233333,0.215112,0.324327,0.187701,0.262662,0.814163,0.299776,0.192708,0.624897,0.114980,0.205654
combined,0.00,recovery_aware_mpc,9,120,0.608333,0.208333,0.214876,0.321009,0.183389,0.259795,0.816702,0.299582,0.192577,0.627629,0.115010,0.323266
combined,0.20,authority_boundary_v5,0,120,0.425000,0.266667,0.304413,0.660677,0.279389,0.389272,0.631060,0.357489,0.249177,0.540071,0.072875,-0.051678
combined,0.20,authority_boundary_v5,1,120,0.450000,0.191667,0.305585,0.659163,0.279509,0.391284,0.630604,0.359315,0.248574,0.539595,0.073340,0.019413
combined,0.20,authority_boundary_v5,2,120,0.366667,0.175000,0.304035,0.662496,0.277440,0.388429,0.629764,0.355867,0.249192,0.537768,0.073455,-0.053049
combined,0.20,authority_boundary_v5,3,120,0.425000,0.208333,0.303158,0.661577,0.281167,0.386369,0.631558,0.361492,0.249076,0.539968,0.072606,-0.015710
combined,0.20,authority_boundary_v5,4,120,0.466667,0.266667,0.303984,0.663537,0.281038,0.389791,0.630343,0.358280,0.251118,0.536940,0.072151,-0.011053
combined,0.20,authority_boundary_v5,5,120,0.366667,0.208333,0.302328,0.659828,0.279780,0.386824,0.630690,0.359072,0.249184,0.538171,0.073870,-0.073076
combined,0.20,authority_boundary_v5,6,120,0.350000,0.241667,0.302591,0.659646,0.278773,0.387164,0.629177,0.357148,0.245941,0.540205,0.073354,-0.110240
combined,0.20,authority_boundary_v5,7,120,0.408333,0.283333,0.303348,0.663623,0.278854,0.388146,0.632881,0.360150,0.249596,0.536982,0.072245,-0.079019
combined,0.20,authority_boundary_v5,8,120,0.375000,0.166667,0.302753,0.662301,0.277761,0.388713,0.632575,0.359186,0.248964,0.538731,0.073076,-0.039374
combined,0.20,authority_boundary_v5,9,120,0.291667,0.125000,0.304432,0.662047,0.278194,0.389483,0.630858,0.359042,0.248849,0.535450,0.073150,-0.097517
combined,0.20,bayesian_authority_allocation,0,120,0.333333,0.225000,0.324105,0.686785,0.313995,0.375585,0.552975,0.350834,0.249830,0.499675,0.073928,-0.138176
combined,0.20,bayesian_authority_allocation,1,120,0.375000,0.283333,0.326096,0.685711,0.317181,0.379106,0.550349,0.352072,0.249155,0.497426,0.074659,-0.134182
combined,0.20,bayesian_authority_allocation,2,120,0.333333,0.275000,0.324570,0.684295,0.315500,0.377559,0.552295,0.352680,0.250747,0.496971,0.073961,-0.169411
combined,0.20,bayesian_authority_allocation,3,120,0.283333,0.258333,0.325940,0.687646,0.316213,0.377346,0.554050,0.352234,0.248923,0.501043,0.073466,-0.210128
combined,0.20,bayesian_authority_allocation,4,120,0.350000,0.308333,0.322756,0.688711,0.313947,0.379769,0.552726,0.351497,0.248419,0.499777,0.073701,-0.173882
combined,0.20,bayesian_authority_allocation,5,120,0.358333,0.250000,0.324941,0.683149,0.314494,0.378300,0.552314,0.350100,0.248692,0.496172,0.075057,-0.128397
combined,0.20,bayesian_authority_allocation,6,120,0.300000,0.225000,0.323562,0.686071,0.313281,0.375722,0.550658,0.352683,0.249375,0.497939,0.074548,-0.171475
combined,0.20,bayesian_authority_allocation,7,120,0.308333,0.225000,0.325852,0.684611,0.313963,0.379486,0.552765,0.351693,0.248628,0.498181,0.074674,-0.163657
combined,0.20,bayesian_authority_allocation,8,120,0.375000,0.250000,0.324287,0.684053,0.314386,0.381101,0.549717,0.350837,0.249886,0.500123,0.074826,-0.112385
combined,0.20,bayesian_authority_allocation,9,120,0.233333,0.250000,0.325577,0.683042,0.313776,0.380922,0.551772,0.349937,0.249456,0.498573,0.074965,-0.253758
combined,0.20,cbf_safety_filter,0,120,0.408333,0.183333,0.256043,0.279897,0.266522,0.307941,0.668593,0.203864,0.238966,0.570686,0.109870,0.116985
combined,0.20,cbf_safety_filter,1,120,0.466667,0.100000,0.256455,0.281418,0.268287,0.309846,0.664781,0.205416,0.241260,0.568714,0.110180,0.225546
combined,0.20,cbf_safety_filter,2,120,0.525000,0.100000,0.257276,0.281903,0.268827,0.309667,0.667731,0.205446,0.238073,0.567701,0.109363,0.283726
combined,0.20,cbf_safety_filter,3,120,0.508333,0.175000,0.254793,0.280438,0.269707,0.307689,0.668301,0.203629,0.240166,0.569512,0.109069,0.221856
combined,0.20,cbf_safety_filter,4,120,0.433333,0.133333,0.257249,0.280640,0.268623,0.309620,0.667567,0.204769,0.239505,0.566743,0.109885,0.171795
combined,0.20,cbf_safety_filter,5,120,0.475000,0.108333,0.255197,0.278874,0.267456,0.307082,0.668836,0.203885,0.239269,0.568902,0.109781,0.230580
combined,0.20,cbf_safety_filter,6,120,0.541667,0.208333,0.256686,0.277356,0.269784,0.303533,0.667476,0.203255,0.238570,0.569745,0.110064,0.235246
combined,0.20,cbf_safety_filter,7,120,0.391667,0.150000,0.258416,0.282764,0.268197,0.307307,0.668247,0.205946,0.239199,0.567473,0.109224,0.119276
combined,0.20,cbf_safety_filter,8,120,0.466667,0.125000,0.254914,0.280280,0.267631,0.309491,0.668908,0.204801,0.238781,0.568292,0.109515,0.211243
combined,0.20,cbf_safety_filter,9,120,0.525000,0.133333,0.255502,0.279574,0.264591,0.309515,0.667946,0.204545,0.238734,0.568566,0.110591,0.264865
combined,0.20,confidence_threshold_shared_control,0,120,0.100000,0.308333,0.432940,0.838473,0.369992,0.436251,0.360808,0.359637,0.307767,0.377433,0.058461,-0.519283
combined,0.20,confidence_threshold_shared_control,1,120,0.150000,0.316667,0.432817,0.834537,0.368469,0.439836,0.358535,0.357635,0.310711,0.380437,0.059017,-0.473642
combined,0.20,confidence_threshold_shared_control,2,120,0.200000,0.308333,0.430061,0.837345,0.368939,0.439039,0.358485,0.360288,0.310344,0.378358,0.058374,-0.418710
combined,0.20,confidence_threshold_shared_control,3,120,0.158333,0.283333,0.429052,0.835328,0.368638,0.438385,0.361009,0.358558,0.309882,0.379528,0.058527,-0.443638
combined,0.20,confidence_threshold_shared_control,4,120,0.150000,0.283333,0.430432,0.837774,0.369037,0.438633,0.357881,0.357941,0.310854,0.378233,0.058616,-0.453186
combined,0.20,confidence_threshold_shared_control,5,120,0.133333,0.250000,0.430358,0.835005,0.367425,0.439936,0.359735,0.359008,0.309029,0.377160,0.058482,-0.448360
combined,0.20,confidence_threshold_shared_control,6,120,0.225000,0.308333,0.431072,0.834267,0.369034,0.435892,0.358777,0.358666,0.308239,0.381312,0.058875,-0.392676
combined,0.20,confidence_threshold_shared_control,7,120,0.216667,0.316667,0.431136,0.838465,0.370564,0.436985,0.358791,0.359399,0.308936,0.377677,0.058182,-0.407647
combined,0.20,confidence_threshold_shared_control,8,120,0.125000,0.316667,0.430570,0.833159,0.366937,0.439795,0.359395,0.358584,0.309262,0.379501,0.058826,-0.497526
combined,0.20,confidence_threshold_shared_control,9,120,0.116667,0.308333,0.433106,0.836602,0.364299,0.437651,0.359802,0.358297,0.309918,0.379282,0.058869,-0.501412
combined,0.20,mpc_risk_arbitration,0,120,0.500000,0.208333,0.233727,0.327041,0.249431,0.317257,0.738435,0.274037,0.220451,0.596708,0.123838,0.187603
combined,0.20,mpc_risk_arbitration,1,120,0.466667,0.158333,0.235161,0.328616,0.250543,0.318363,0.734358,0.272775,0.219180,0.597171,0.123703,0.184022
combined,0.20,mpc_risk_arbitration,2,120,0.500000,0.200000,0.234944,0.324889,0.252477,0.319542,0.738073,0.273081,0.217448,0.598470,0.124391,0.192287
combined,0.20,mpc_risk_arbitration,3,120,0.475000,0.216667,0.234064,0.323193,0.253386,0.317168,0.736644,0.271516,0.218983,0.598135,0.123290,0.157762
combined,0.20,mpc_risk_arbitration,4,120,0.458333,0.175000,0.235931,0.327591,0.252631,0.319041,0.736202,0.272846,0.219012,0.597223,0.124416,0.165134
combined,0.20,mpc_risk_arbitration,5,120,0.525000,0.191667,0.232957,0.324490,0.252517,0.316603,0.736273,0.271210,0.217395,0.598593,0.123426,0.223436
combined,0.20,mpc_risk_arbitration,6,120,0.391667,0.225000,0.235297,0.326299,0.249779,0.315793,0.735971,0.272976,0.219659,0.596936,0.124413,0.068751
combined,0.20,mpc_risk_arbitration,7,120,0.550000,0.150000,0.231977,0.324379,0.251735,0.318135,0.737345,0.271829,0.219477,0.597170,0.123900,0.274506
combined,0.20,mpc_risk_arbitration,8,120,0.516667,0.241667,0.233058,0.325372,0.251289,0.318791,0.736321,0.274079,0.220835,0.598707,0.124160,0.183516
combined,0.20,mpc_risk_arbitration,9,120,0.475000,0.191667,0.233295,0.326583,0.250625,0.320782,0.735940,0.273180,0.218646,0.599183,0.122742,0.172426
combined,0.20,pomdp_handoff_policy,0,120,0.425000,0.216667,0.270891,0.510061,0.278244,0.356315,0.664540,0.333861,0.229882,0.558545,0.100119,0.033029
combined,0.20,pomdp_handoff_policy,1,120,0.458333,0.158333,0.272448,0.510290,0.277622,0.356503,0.664107,0.332281,0.229443,0.556277,0.100686,0.102286
combined,0.20,pomdp_handoff_policy,2,120,0.475000,0.191667,0.271756,0.511017,0.277175,0.357951,0.664188,0.333209,0.228893,0.558390,0.100111,0.098096
combined,0.20,pomdp_handoff_policy,3,120,0.416667,0.183333,0.271537,0.513305,0.277800,0.357130,0.663290,0.333504,0.229220,0.560858,0.099592,0.044332
combined,0.20,pomdp_handoff_policy,4,120,0.400000,0.175000,0.272404,0.508107,0.277985,0.359546,0.665336,0.333690,0.229958,0.557350,0.100477,0.033688
combined,0.20,pomdp_handoff_policy,5,120,0.375000,0.175000,0.270097,0.511182,0.274360,0.357478,0.666354,0.330883,0.228833,0.556109,0.099381,0.009717
combined,0.20,pomdp_handoff_policy,6,120,0.408333,0.208333,0.270342,0.510758,0.277294,0.355674,0.664883,0.334113,0.228685,0.559082,0.100013,0.021731
combined,0.20,pomdp_handoff_policy,7,120,0.525000,0.233333,0.272040,0.509970,0.277226,0.358655,0.668052,0.333735,0.228202,0.558462,0.099542,0.122607
combined,0.20,pomdp_handoff_policy,8,120,0.350000,0.275000,0.272404,0.507451,0.276307,0.358284,0.666159,0.332769,0.228641,0.559572,0.100904,-0.077577
combined,0.20,pomdp_handoff_policy,9,120,0.491667,0.275000,0.271349,0.507838,0.276614,0.358051,0.667265,0.333346,0.228988,0.556756,0.100385,0.064271
combined,0.20,recovery_aware_mpc,0,120,0.433333,0.133333,0.248446,0.375436,0.249628,0.327920,0.788351,0.320916,0.230225,0.586842,0.121184,0.150136
combined,0.20,recovery_aware_mpc,1,120,0.416667,0.208333,0.248367,0.372415,0.249432,0.330348,0.786718,0.320206,0.228517,0.588597,0.121781,0.087394
combined,0.20,recovery_aware_mpc,2,120,0.433333,0.158333,0.247962,0.373001,0.248163,0.330108,0.785905,0.320276,0.230735,0.589399,0.121200,0.135182
combined,0.20,recovery_aware_mpc,3,120,0.516667,0.216667,0.248346,0.373563,0.248622,0.327674,0.785658,0.320328,0.229009,0.589242,0.121291,0.182311
combined,0.20,recovery_aware_mpc,4,120,0.500000,0.275000,0.249515,0.375864,0.248221,0.328214,0.785909,0.319702,0.228022,0.587832,0.121476,0.128715
combined,0.20,recovery_aware_mpc,5,120,0.566667,0.241667,0.248525,0.371511,0.247602,0.327936,0.785103,0.320968,0.230768,0.587620,0.122716,0.217282
combined,0.20,recovery_aware_mpc,6,120,0.475000,0.216667,0.246409,0.371968,0.248911,0.325373,0.784414,0.321061,0.228306,0.590410,0.122230,0.141568
combined,0.20,recovery_aware_mpc,7,120,0.425000,0.158333,0.247988,0.375653,0.247056,0.330021,0.785288,0.322542,0.229736,0.587454,0.120634,0.126117
combined,0.20,recovery_aware_mpc,8,120,0.491667,0.216667,0.246421,0.373666,0.246517,0.329642,0.785360,0.322630,0.229256,0.587668,0.121633,0.157614
combined,0.20,recovery_aware_mpc,9,120,0.550000,0.225000,0.246555,0.372990,0.247373,0.329347,0.783949,0.320673,0.228523,0.586505,0.121629,0.210891
combined,0.40,authority_boundary_v5,0,120,0.341667,0.233333,0.336833,0.713104,0.345454,0.459617,0.603454,0.381389,0.286558,0.498547,0.069326,-0.158643
combined,0.40,authority_boundary_v5,1,120,0.300000,0.241667,0.335282,0.710002,0.340859,0.455693,0.602826,0.377582,0.286723,0.499954,0.070085,-0.202807
combined,0.40,authority_boundary_v5,2,120,0.383333,0.325000,0.336165,0.710396,0.340068,0.454011,0.605003,0.380006,0.285384,0.502423,0.069825,-0.171196
combined,0.40,authority_boundary_v5,3,120,0.316667,0.183333,0.334926,0.713739,0.340841,0.459962,0.602589,0.380228,0.286256,0.501210,0.069275,-0.151575
combined,0.40,authority_boundary_v5,4,120,0.350000,0.208333,0.334570,0.713164,0.342650,0.460366,0.600977,0.380210,0.289503,0.498444,0.069257,-0.133980
combined,0.40,authority_boundary_v5,5,120,0.308333,0.233333,0.335094,0.712866,0.341408,0.459434,0.603359,0.379509,0.285262,0.500857,0.069618,-0.190634
combined,0.40,authority_boundary_v5,6,120,0.325000,0.241667,0.334000,0.709123,0.341357,0.458310,0.603374,0.378247,0.284296,0.501601,0.069619,-0.177692
combined,0.40,authority_boundary_v5,7,120,0.375000,0.258333,0.336087,0.709932,0.341779,0.457779,0.604685,0.378820,0.285939,0.502132,0.070444,-0.138698
combined,0.40,authority_boundary_v5,8,120,0.391667,0.266667,0.335472,0.708998,0.344057,0.460108,0.601462,0.380145,0.286732,0.501277,0.070479,-0.127854
combined,0.40,authority_boundary_v5,9,120,0.325000,0.241667,0.333998,0.708887,0.337782,0.453274,0.602408,0.378899,0.284254,0.504171,0.070777,-0.176601
combined,0.40,bayesian_authority_allocation,0,120,0.233333,0.308333,0.357491,0.740003,0.380962,0.449048,0.524268,0.375488,0.285563,0.460872,0.068675,-0.335254
combined,0.40,bayesian_authority_allocation,1,120,0.241667,0.250000,0.355535,0.736963,0.376552,0.445108,0.523413,0.372664,0.286293,0.460969,0.069537,-0.288143
combined,0.40,bayesian_authority_allocation,2,120,0.275000,0.325000,0.354736,0.734040,0.377088,0.443694,0.524019,0.373510,0.285156,0.461776,0.070144,-0.300360
combined,0.40,bayesian_authority_allocation,3,120,0.258333,0.283333,0.357204,0.731400,0.375825,0.448903,0.523679,0.371440,0.285340,0.460777,0.071051,-0.291420
combined,0.40,bayesian_authority_allocation,4,120,0.250000,0.308333,0.355667,0.736820,0.377076,0.452644,0.520533,0.372311,0.287443,0.461803,0.069979,-0.317158
combined,0.40,bayesian_authority_allocation,5,120,0.258333,0.208333,0.355117,0.734919,0.376295,0.448508,0.524427,0.372621,0.285591,0.461097,0.070355,-0.245329
combined,0.40,bayesian_authority_allocation,6,120,0.208333,0.233333,0.356106,0.733668,0.379089,0.446417,0.521707,0.373021,0.286283,0.461512,0.070006,-0.311230
combined,0.40,bayesian_authority_allocation,7,120,0.250000,0.308333,0.357274,0.731548,0.377109,0.447468,0.521789,0.370318,0.287285,0.461200,0.070898,-0.315379
combined,0.40,bayesian_authority_allocation,8,120,0.325000,0.266667,0.359005,0.736599,0.377490,0.446351,0.524271,0.373094,0.285934,0.461890,0.069945,-0.216197
combined,0.40,bayesian_authority_allocation,9,120,0.250000,0.291667,0.355391,0.732657,0.375934,0.445853,0.522095,0.371965,0.284359,0.462746,0.070241,-0.304599
combined,0.40,cbf_safety_filter,0,120,0.483333,0.233333,0.286845,0.331178,0.333662,0.377483,0.639761,0.228280,0.277643,0.530754,0.115702,0.117142
combined,0.40,cbf_safety_filter,1,120,0.433333,0.175000,0.287433,0.331564,0.328234,0.376934,0.638790,0.226821,0.275522,0.530268,0.116585,0.104071
combined,0.40,cbf_safety_filter,2,120,0.441667,0.200000,0.285185,0.327105,0.328774,0.373511,0.638428,0.225973,0.275790,0.529457,0.116999,0.098917
combined,0.40,cbf_safety_filter,3,120,0.375000,0.125000,0.286385,0.332374,0.329062,0.378519,0.639547,0.227806,0.276960,0.529881,0.114996,0.076445
combined,0.40,cbf_safety_filter,4,120,0.316667,0.108333,0.287057,0.332264,0.331266,0.382047,0.638521,0.227212,0.277916,0.527229,0.115237,0.027505
combined,0.40,cbf_safety_filter,5,120,0.366667,0.208333,0.284619,0.329583,0.329414,0.380950,0.640758,0.224197,0.276600,0.530528,0.115664,0.017666
combined,0.40,cbf_safety_filter,6,120,0.475000,0.166667,0.285636,0.327648,0.330749,0.376800,0.638800,0.227628,0.277352,0.531916,0.115838,0.151827
combined,0.40,cbf_safety_filter,7,120,0.416667,0.166667,0.288180,0.327592,0.330218,0.380899,0.638613,0.226298,0.278242,0.532433,0.116687,0.092583
combined,0.40,cbf_safety_filter,8,120,0.416667,0.133333,0.286702,0.331687,0.329878,0.378741,0.639843,0.226109,0.275951,0.530113,0.115047,0.113067
combined,0.40,cbf_safety_filter,9,120,0.458333,0.175000,0.285479,0.330938,0.328243,0.376472,0.643041,0.225762,0.275472,0.532215,0.114340,0.130210
combined,0.40,confidence_threshold_shared_control,0,120,0.133333,0.291667,0.464079,0.887216,0.434767,0.506305,0.327667,0.381829,0.345967,0.338605,0.064140,-0.518740
combined,0.40,confidence_threshold_shared_control,1,120,0.108333,0.341667,0.465047,0.881836,0.429433,0.504196,0.327580,0.377678,0.346464,0.342035,0.064330,-0.572177
combined,0.40,confidence_threshold_shared_control,2,120,0.116667,0.308333,0.462522,0.887532,0.429405,0.506045,0.331222,0.380834,0.346713,0.341639,0.064358,-0.544154
combined,0.40,confidence_threshold_shared_control,3,120,0.116667,0.375000,0.462974,0.884175,0.429507,0.507995,0.327777,0.379229,0.345643,0.342535,0.064353,-0.585160
combined,0.40,confidence_threshold_shared_control,4,120,0.100000,0.333333,0.464501,0.887212,0.432417,0.511238,0.329279,0.379091,0.348646,0.339062,0.064695,-0.577825
combined,0.40,confidence_threshold_shared_control,5,120,0.125000,0.358333,0.462513,0.885232,0.430112,0.508834,0.329364,0.380315,0.348297,0.342160,0.064156,-0.566811
combined,0.40,confidence_threshold_shared_control,6,120,0.133333,0.350000,0.462505,0.886615,0.431568,0.507207,0.327334,0.380919,0.343977,0.339480,0.064176,-0.553901
combined,0.40,confidence_threshold_shared_control,7,120,0.091667,0.316667,0.463075,0.881964,0.430232,0.505951,0.329424,0.378611,0.346439,0.340977,0.064507,-0.573165
combined,0.40,confidence_threshold_shared_control,8,120,0.150000,0.241667,0.463655,0.886916,0.430928,0.508176,0.328991,0.379161,0.347025,0.340683,0.064629,-0.470133
combined,0.40,confidence_threshold_shared_control,9,120,0.100000,0.275000,0.460436,0.885388,0.428196,0.505934,0.329182,0.379130,0.344788,0.343920,0.064337,-0.538904
combined,0.40,mpc_risk_arbitration,0,120,0.391667,0.141667,0.266027,0.378706,0.319544,0.387982,0.707597,0.295318,0.256350,0.561217,0.128260,0.075828
combined,0.40,mpc_risk_arbitration,1,120,0.550000,0.208333,0.267550,0.375599,0.313910,0.386857,0.707823,0.293499,0.255595,0.563592,0.130288,0.194429
combined,0.40,mpc_risk_arbitration,2,120,0.491667,0.216667,0.264641,0.373956,0.313980,0.385185,0.706631,0.293069,0.255235,0.562007,0.129653,0.132188
combined,0.40,mpc_risk_arbitration,3,120,0.466667,0.191667,0.265365,0.379214,0.314782,0.388471,0.708930,0.294572,0.257734,0.559855,0.128298,0.120756
combined,0.40,mpc_risk_arbitration,4,120,0.416667,0.166667,0.263790,0.376734,0.313430,0.390529,0.706466,0.294585,0.258746,0.557513,0.129493,0.087016
combined,0.40,mpc_risk_arbitration,5,120,0.366667,0.216667,0.265847,0.376146,0.314129,0.390063,0.707751,0.295131,0.255744,0.558939,0.129766,0.005635
combined,0.40,mpc_risk_arbitration,6,120,0.441667,0.241667,0.265072,0.373206,0.314564,0.386284,0.708464,0.293346,0.254745,0.561373,0.128894,0.066654
combined,0.40,mpc_risk_arbitration,7,120,0.466667,0.158333,0.264697,0.375755,0.314514,0.386463,0.710509,0.295085,0.257177,0.558860,0.129513,0.142779
combined,0.40,mpc_risk_arbitration,8,120,0.441667,0.250000,0.267662,0.376047,0.314940,0.388133,0.708415,0.294717,0.256272,0.559327,0.129222,0.059735
combined,0.40,mpc_risk_arbitration,9,120,0.308333,0.216667,0.263665,0.372894,0.313176,0.387060,0.711142,0.293340,0.254639,0.563322,0.129751,-0.050409
combined,0.40,pomdp_handoff_policy,0,120,0.300000,0.208333,0.304743,0.559759,0.342342,0.427736,0.635235,0.354974,0.267451,0.520235,0.101216,-0.130476
combined,0.40,pomdp_handoff_policy,1,120,0.383333,0.233333,0.303254,0.557592,0.339139,0.425842,0.637101,0.355118,0.266166,0.521876,0.101533,-0.060876
combined,0.40,pomdp_handoff_policy,2,120,0.350000,0.183333,0.301557,0.559123,0.337559,0.423928,0.635104,0.354022,0.265648,0.519315,0.101090,-0.062720
combined,0.40,pomdp_handoff_policy,3,120,0.350000,0.241667,0.301705,0.558707,0.337704,0.429867,0.638906,0.355063,0.265620,0.520599,0.101572,-0.099360
combined,0.40,pomdp_handoff_policy,4,120,0.383333,0.175000,0.303851,0.561332,0.339885,0.431297,0.637420,0.354142,0.269454,0.518456,0.101749,-0.026407
combined,0.40,pomdp_handoff_policy,5,120,0.383333,0.191667,0.303058,0.560247,0.339358,0.428221,0.636201,0.356910,0.267827,0.519230,0.100658,-0.036202
combined,0.40,pomdp_handoff_policy,6,120,0.391667,0.125000,0.301890,0.555857,0.336317,0.426279,0.638898,0.352960,0.266166,0.520459,0.101315,0.016140
combined,0.40,pomdp_handoff_policy,7,120,0.400000,0.200000,0.304315,0.560044,0.337472,0.426611,0.639606,0.356200,0.266290,0.519650,0.101465,-0.024130
combined,0.40,pomdp_handoff_policy,8,120,0.333333,0.250000,0.304956,0.559529,0.339652,0.429826,0.635782,0.355746,0.267024,0.521303,0.101619,-0.122828
combined,0.40,pomdp_handoff_policy,9,120,0.341667,0.191667,0.300753,0.555086,0.338406,0.425780,0.636562,0.354356,0.265370,0.520731,0.103254,-0.075325
combined,0.40,recovery_aware_mpc,0,120,0.366667,0.291667,0.280051,0.424056,0.313010,0.400438,0.757848,0.342164,0.267005,0.549737,0.125884,-0.057676
combined,0.40,recovery_aware_mpc,1,120,0.366667,0.200000,0.279072,0.419459,0.310822,0.396072,0.758827,0.340126,0.264728,0.551520,0.126680,0.001662
combined,0.40,recovery_aware_mpc,2,120,0.508333,0.166667,0.278626,0.421476,0.308619,0.393488,0.756971,0.341223,0.267076,0.551999,0.126247,0.164027
combined,0.40,recovery_aware_mpc,3,120,0.508333,0.275000,0.278590,0.423967,0.309761,0.398455,0.758580,0.342514,0.266191,0.546858,0.124666,0.095492
combined,0.40,recovery_aware_mpc,4,120,0.441667,0.250000,0.279883,0.423033,0.311417,0.398793,0.756745,0.341115,0.269218,0.548870,0.126623,0.043914
combined,0.40,recovery_aware_mpc,5,120,0.391667,0.275000,0.278018,0.423840,0.309870,0.399255,0.759355,0.342415,0.267166,0.549114,0.126878,-0.021042
combined,0.40,recovery_aware_mpc,6,120,0.466667,0.250000,0.278096,0.421792,0.309645,0.397663,0.756338,0.341748,0.264499,0.549425,0.125705,0.069982
combined,0.40,recovery_aware_mpc,7,120,0.441667,0.250000,0.280556,0.420384,0.310330,0.398892,0.756534,0.341769,0.265927,0.551555,0.126982,0.044462
combined,0.40,recovery_aware_mpc,8,120,0.408333,0.308333,0.281075,0.421718,0.310556,0.398211,0.755296,0.343259,0.266395,0.550947,0.127160,-0.025691
combined,0.40,recovery_aware_mpc,9,120,0.333333,0.225000,0.277591,0.422891,0.309735,0.397325,0.758642,0.341839,0.264431,0.551607,0.125594,-0.047787
combined,0.60,authority_boundary_v5,0,120,0.266667,0.191667,0.363545,0.759456,0.403849,0.525260,0.576355,0.400213,0.324544,0.463729,0.064997,-0.246882
combined,0.60,authority_boundary_v5,1,120,0.325000,0.300000,0.362404,0.761609,0.402099,0.527995,0.578882,0.399726,0.323946,0.465462,0.064199,-0.255744
combined,0.60,authority_boundary_v5,2,120,0.375000,0.250000,0.361724,0.758994,0.402842,0.525199,0.577300,0.400436,0.324154,0.460189,0.064947,-0.173928
combined,0.60,authority_boundary_v5,3,120,0.291667,0.308333,0.361724,0.756325,0.401626,0.523328,0.577028,0.400059,0.322896,0.464923,0.065469,-0.292352
combined,0.60,authority_boundary_v5,4,120,0.225000,0.216667,0.363282,0.759173,0.402664,0.526261,0.577985,0.399556,0.324247,0.464303,0.064989,-0.303650
combined,0.60,authority_boundary_v5,5,120,0.183333,0.291667,0.362351,0.761604,0.404705,0.529571,0.579100,0.401024,0.322913,0.463967,0.064039,-0.392948
combined,0.60,authority_boundary_v5,6,120,0.216667,0.275000,0.364957,0.761200,0.404388,0.528347,0.576659,0.401918,0.322383,0.466077,0.063956,-0.349924
combined,0.60,authority_boundary_v5,7,120,0.158333,0.283333,0.362903,0.759017,0.403191,0.526462,0.578867,0.401109,0.323319,0.463116,0.065145,-0.411711
combined,0.60,authority_boundary_v5,8,120,0.208333,0.200000,0.363250,0.762927,0.403442,0.525736,0.578089,0.401232,0.323358,0.462351,0.063527,-0.311097
combined,0.60,authority_boundary_v5,9,120,0.391667,0.200000,0.361223,0.758321,0.402317,0.526936,0.577838,0.400704,0.324202,0.463946,0.064801,-0.126082
combined,0.60,bayesian_authority_allocation,0,120,0.200000,0.350000,0.383345,0.783176,0.437508,0.518908,0.498885,0.392548,0.324055,0.424933,0.065604,-0.432413
combined,0.60,bayesian_authority_allocation,1,120,0.175000,0.233333,0.385936,0.783145,0.438176,0.517317,0.496710,0.393488,0.322807,0.422162,0.064933,-0.385904
combined,0.60,bayesian_authority_allocation,2,120,0.250000,0.291667,0.384153,0.786611,0.437830,0.513004,0.497384,0.395332,0.324269,0.422603,0.064363,-0.347014
combined,0.60,bayesian_authority_allocation,3,120,0.200000,0.333333,0.383027,0.782605,0.438222,0.515767,0.498648,0.391675,0.323479,0.425566,0.065142,-0.421532
combined,0.60,bayesian_authority_allocation,4,120,0.216667,0.341667,0.384484,0.782832,0.437151,0.519066,0.499964,0.393192,0.324823,0.422639,0.065745,-0.410722
combined,0.60,bayesian_authority_allocation,5,120,0.183333,0.300000,0.384432,0.783109,0.441362,0.518470,0.499249,0.394652,0.321594,0.425704,0.065330,-0.419080
combined,0.60,bayesian_authority_allocation,6,120,0.191667,0.275000,0.384658,0.786371,0.438006,0.519615,0.496605,0.396437,0.321460,0.423253,0.065058,-0.396077
combined,0.60,bayesian_authority_allocation,7,120,0.150000,0.291667,0.384452,0.784077,0.441329,0.517382,0.495136,0.394567,0.324915,0.421453,0.065531,-0.447669
combined,0.60,bayesian_authority_allocation,8,120,0.233333,0.250000,0.384302,0.783590,0.438159,0.515860,0.498021,0.393624,0.324028,0.424556,0.064783,-0.337333
combined,0.60,bayesian_authority_allocation,9,120,0.208333,0.308333,0.383336,0.783322,0.436306,0.514242,0.497993,0.392316,0.322084,0.424278,0.065400,-0.397575
combined,0.60,cbf_safety_filter,0,120,0.333333,0.158333,0.312723,0.375591,0.390840,0.446705,0.614671,0.246800,0.312792,0.495071,0.120857,-0.024801
combined,0.60,cbf_safety_filter,1,120,0.300000,0.158333,0.313311,0.382419,0.389821,0.446554,0.617082,0.245846,0.314483,0.492358,0.118655,-0.059451
combined,0.60,cbf_safety_filter,2,120,0.266667,0.225000,0.313976,0.381379,0.391605,0.442804,0.615214,0.248063,0.313821,0.493070,0.119881,-0.134241
combined,0.60,cbf_safety_filter,3,120,0.350000,0.266667,0.312339,0.380695,0.392670,0.441503,0.615586,0.247447,0.312377,0.494235,0.119801,-0.076090
combined,0.60,cbf_safety_filter,4,120,0.366667,0.283333,0.311242,0.377165,0.392185,0.448397,0.613730,0.248625,0.312970,0.490793,0.120364,-0.069651
combined,0.60,cbf_safety_filter,5,120,0.408333,0.225000,0.313321,0.376558,0.393024,0.448097,0.617126,0.247688,0.313319,0.493111,0.120380,0.008075
combined,0.60,cbf_safety_filter,6,120,0.283333,0.158333,0.310489,0.379724,0.392469,0.444064,0.616152,0.246133,0.312791,0.494029,0.119919,-0.074993
combined,0.60,cbf_safety_filter,7,120,0.283333,0.191667,0.312621,0.382035,0.390123,0.446320,0.616025,0.248022,0.314450,0.492314,0.119121,-0.096842
combined,0.60,cbf_safety_filter,8,120,0.366667,0.175000,0.311782,0.379437,0.391467,0.444737,0.615651,0.246393,0.313195,0.495660,0.118714,-0.002234
combined,0.60,cbf_safety_filter,9,120,0.358333,0.191667,0.312201,0.379165,0.390085,0.444910,0.614464,0.246447,0.313310,0.494107,0.119444,-0.020840
combined,0.60,confidence_threshold_shared_control,0,120,0.058333,0.333333,0.490738,0.934376,0.491110,0.575167,0.304470,0.402311,0.384433,0.303618,0.070727,-0.658739
combined,0.60,confidence_threshold_shared_control,1,120,0.083333,0.275000,0.493214,0.932047,0.491594,0.579134,0.302335,0.400369,0.382280,0.303629,0.071215,-0.598163
combined,0.60,confidence_threshold_shared_control,2,120,0.050000,0.441667,0.492487,0.934550,0.492554,0.574069,0.305771,0.400552,0.381841,0.303013,0.070777,-0.734538
combined,0.60,confidence_threshold_shared_control,3,120,0.083333,0.383333,0.491470,0.934166,0.493344,0.574764,0.304126,0.401894,0.383317,0.303242,0.070847,-0.665167
combined,0.60,confidence_threshold_shared_control,4,120,0.083333,0.391667,0.492062,0.933218,0.490350,0.577395,0.304384,0.399026,0.384168,0.303729,0.070927,-0.669783
combined,0.60,confidence_threshold_shared_control,5,120,0.066667,0.391667,0.491125,0.934767,0.494642,0.580346,0.302467,0.403155,0.383797,0.304719,0.070864,-0.688194
combined,0.60,confidence_threshold_shared_control,6,120,0.108333,0.341667,0.493232,0.934269,0.493535,0.574663,0.305205,0.401024,0.381727,0.306526,0.070399,-0.614644
combined,0.60,confidence_threshold_shared_control,7,120,0.075000,0.391667,0.491192,0.930577,0.493089,0.576292,0.300431,0.400866,0.384726,0.303496,0.070639,-0.678071
combined,0.60,confidence_threshold_shared_control,8,120,0.008333,0.333333,0.492241,0.933293,0.492001,0.575371,0.304501,0.400381,0.384639,0.305632,0.070831,-0.708827
combined,0.60,confidence_threshold_shared_control,9,120,0.083333,0.333333,0.489739,0.935136,0.490455,0.576783,0.303861,0.401669,0.384330,0.304353,0.070590,-0.633746
combined,0.60,mpc_risk_arbitration,0,120,0.325000,0.275000,0.292354,0.422878,0.373528,0.454931,0.685685,0.315217,0.293877,0.524529,0.132853,-0.111102
combined,0.60,mpc_risk_arbitration,1,120,0.316667,0.133333,0.293042,0.428401,0.376160,0.458861,0.684111,0.314365,0.293626,0.522535,0.130563,-0.034033
combined,0.60,mpc_risk_arbitration,2,120,0.433333,0.250000,0.290491,0.426656,0.377477,0.456876,0.682032,0.315220,0.293477,0.521634,0.132294,0.011132
combined,0.60,mpc_risk_arbitration,3,120,0.358333,0.225000,0.290485,0.423271,0.376228,0.454716,0.681021,0.313126,0.293411,0.525402,0.132746,-0.046966
combined,0.60,mpc_risk_arbitration,4,120,0.316667,0.250000,0.291586,0.423360,0.375064,0.455655,0.686552,0.315077,0.294054,0.522729,0.132496,-0.104109
combined,0.60,mpc_risk_arbitration,5,120,0.400000,0.325000,0.292680,0.423528,0.377204,0.456508,0.681988,0.315895,0.293538,0.523657,0.132603,-0.068481
combined,0.60,mpc_risk_arbitration,6,120,0.391667,0.216667,0.290804,0.427025,0.375704,0.457297,0.685262,0.315082,0.292267,0.527343,0.131860,-0.009529
combined,0.60,mpc_risk_arbitration,7,120,0.400000,0.266667,0.291455,0.427351,0.377377,0.454416,0.682460,0.315852,0.293629,0.524897,0.132232,-0.032660
combined,0.60,mpc_risk_arbitration,8,120,0.341667,0.208333,0.291220,0.423713,0.372938,0.455265,0.685945,0.316143,0.292010,0.522691,0.132396,-0.053037
combined,0.60,mpc_risk_arbitration,9,120,0.366667,0.241667,0.291610,0.423218,0.374777,0.457086,0.685804,0.314967,0.294605,0.524245,0.132597,-0.049088
combined,0.60,pomdp_handoff_policy,0,120,0.341667,0.216667,0.329884,0.603034,0.399204,0.494416,0.614191,0.375205,0.303729,0.483252,0.101153,-0.131454
combined,0.60,pomdp_handoff_policy,1,120,0.300000,0.216667,0.329823,0.608348,0.400237,0.498571,0.614026,0.377110,0.302875,0.482931,0.099803,-0.175248
combined,0.60,pomdp_handoff_policy,2,120,0.291667,0.191667,0.328523,0.607493,0.402299,0.494069,0.612616,0.376298,0.303712,0.481770,0.099941,-0.167372
combined,0.60,pomdp_handoff_policy,3,120,0.291667,0.233333,0.330475,0.607924,0.399605,0.493823,0.613363,0.374134,0.303141,0.482538,0.100145,-0.193060
combined,0.60,pomdp_handoff_policy,4,120,0.216667,0.250000,0.328752,0.607596,0.396580,0.497726,0.614434,0.375160,0.301922,0.482225,0.099887,-0.277886
combined,0.60,pomdp_handoff_policy,5,120,0.325000,0.283333,0.329372,0.610550,0.401957,0.498846,0.611863,0.376866,0.303014,0.485785,0.099199,-0.192454
combined,0.60,pomdp_handoff_policy,6,120,0.291667,0.200000,0.332303,0.607719,0.402096,0.495810,0.612107,0.376055,0.302436,0.483877,0.099482,-0.173731
combined,0.60,pomdp_handoff_policy,7,120,0.366667,0.200000,0.328874,0.607386,0.400626,0.498168,0.611525,0.375685,0.304995,0.484366,0.100328,-0.097851
combined,0.60,pomdp_handoff_policy,8,120,0.300000,0.258333,0.329471,0.606598,0.399571,0.496185,0.612776,0.373717,0.302558,0.482389,0.100611,-0.199941
combined,0.60,pomdp_handoff_policy,9,120,0.241667,0.266667,0.330433,0.604686,0.400103,0.495184,0.616514,0.374278,0.302411,0.483818,0.100546,-0.262945
combined,0.60,recovery_aware_mpc,0,120,0.425000,0.225000,0.305623,0.469660,0.371097,0.467519,0.730827,0.362237,0.303319,0.514056,0.128661,0.003140
combined,0.60,recovery_aware_mpc,1,120,0.383333,0.250000,0.305460,0.468464,0.373358,0.465562,0.731666,0.360908,0.303922,0.513068,0.129618,-0.053625
combined,0.60,recovery_aware_mpc,2,120,0.325000,0.225000,0.303719,0.470329,0.371702,0.463868,0.734688,0.361707,0.303291,0.512805,0.128521,-0.095841
combined,0.60,recovery_aware_mpc,3,120,0.341667,0.250000,0.305433,0.472388,0.369402,0.466041,0.734380,0.363498,0.303730,0.513612,0.128083,-0.095693
combined,0.60,recovery_aware_mpc,4,120,0.366667,0.241667,0.303781,0.469701,0.371013,0.468561,0.732674,0.364459,0.304580,0.513189,0.127887,-0.065261
combined,0.60,recovery_aware_mpc,5,120,0.308333,0.225000,0.306882,0.472523,0.370444,0.467644,0.733916,0.363301,0.301970,0.514425,0.127699,-0.114298
combined,0.60,recovery_aware_mpc,6,120,0.383333,0.325000,0.305507,0.474261,0.371879,0.466334,0.733275,0.363394,0.300916,0.514545,0.126824,-0.101504
combined,0.60,recovery_aware_mpc,7,120,0.383333,0.258333,0.305694,0.471537,0.372924,0.465929,0.730403,0.363365,0.303895,0.511950,0.128398,-0.059909
combined,0.60,recovery_aware_mpc,8,120,0.400000,0.166667,0.305881,0.471408,0.371971,0.463781,0.732569,0.361836,0.303956,0.515447,0.128010,0.014311
combined,0.60,recovery_aware_mpc,9,120,0.458333,0.225000,0.305266,0.470717,0.369593,0.464462,0.733089,0.363042,0.302668,0.514069,0.127166,0.037017
combined,0.80,authority_boundary_v5,0,120,0.316667,0.366667,0.384590,0.805880,0.461444,0.587187,0.557477,0.420969,0.359839,0.427898,0.061299,-0.342018
combined,0.80,authority_boundary_v5,1,120,0.225000,0.350000,0.383992,0.803485,0.460659,0.586390,0.556995,0.419988,0.358478,0.427770,0.061257,-0.422346
combined,0.80,authority_boundary_v5,2,120,0.233333,0.391667,0.384087,0.806582,0.460728,0.587425,0.558163,0.421444,0.357782,0.428895,0.060614,-0.440800
combined,0.80,authority_boundary_v5,3,120,0.225000,0.208333,0.384349,0.806396,0.463459,0.586773,0.558884,0.421496,0.356804,0.429019,0.060431,-0.335794
combined,0.80,authority_boundary_v5,4,120,0.266667,0.400000,0.384219,0.803338,0.463764,0.585821,0.555665,0.421350,0.357277,0.430956,0.061210,-0.412372
combined,0.80,authority_boundary_v5,5,120,0.225000,0.325000,0.383959,0.801560,0.460913,0.589325,0.556586,0.419395,0.357132,0.429117,0.061742,-0.406742
combined,0.80,authority_boundary_v5,6,120,0.208333,0.283333,0.383287,0.805979,0.460757,0.584927,0.556792,0.419754,0.358425,0.428399,0.061141,-0.397934
combined,0.80,authority_boundary_v5,7,120,0.258333,0.266667,0.383522,0.804486,0.462051,0.587518,0.557614,0.420207,0.359934,0.427464,0.061627,-0.337799
combined,0.80,authority_boundary_v5,8,120,0.283333,0.283333,0.384666,0.803881,0.462058,0.584564,0.557860,0.420305,0.359427,0.427647,0.061579,-0.322910
combined,0.80,authority_boundary_v5,9,120,0.250000,0.341667,0.384270,0.804449,0.461400,0.586008,0.556395,0.421144,0.357938,0.429229,0.061339,-0.392716
combined,0.80,bayesian_authority_allocation,0,120,0.183333,0.375000,0.404231,0.830939,0.498621,0.574604,0.476466,0.414233,0.359229,0.387942,0.064338,-0.501688
combined,0.80,bayesian_authority_allocation,1,120,0.166667,0.283333,0.404801,0.830757,0.495844,0.577868,0.478138,0.413508,0.358280,0.387771,0.063873,-0.461361
combined,0.80,bayesian_authority_allocation,2,120,0.200000,0.283333,0.404255,0.830425,0.497076,0.574782,0.474728,0.415277,0.358036,0.389989,0.064221,-0.428088
combined,0.80,bayesian_authority_allocation,3,120,0.175000,0.333333,0.404289,0.829132,0.499957,0.577101,0.479500,0.415804,0.359116,0.387385,0.063629,-0.484196
combined,0.80,bayesian_authority_allocation,4,120,0.208333,0.375000,0.404498,0.830506,0.499323,0.574122,0.477984,0.413415,0.357783,0.386057,0.064064,-0.476502
combined,0.80,bayesian_authority_allocation,5,120,0.108333,0.341667,0.405348,0.830877,0.497121,0.578044,0.478218,0.413031,0.358577,0.387486,0.063736,-0.556198
combined,0.80,bayesian_authority_allocation,6,120,0.158333,0.283333,0.403905,0.828752,0.495036,0.572696,0.478099,0.412937,0.360019,0.389215,0.063977,-0.468185
combined,0.80,bayesian_authority_allocation,7,120,0.216667,0.341667,0.404624,0.828644,0.497146,0.574824,0.476222,0.413319,0.360690,0.388086,0.064176,-0.446954
combined,0.80,bayesian_authority_allocation,8,120,0.125000,0.358333,0.405164,0.830061,0.496525,0.576304,0.476350,0.414650,0.358763,0.389175,0.064285,-0.549630
combined,0.80,bayesian_authority_allocation,9,120,0.133333,0.283333,0.407571,0.831332,0.497300,0.578330,0.476840,0.414317,0.357574,0.387089,0.064055,-0.495998
combined,0.80,cbf_safety_filter,0,120,0.308333,0.158333,0.336155,0.424611,0.452302,0.505672,0.594301,0.270302,0.346548,0.458991,0.121271,-0.088314
combined,0.80,cbf_safety_filter,1,120,0.316667,0.200000,0.332728,0.422225,0.447506,0.507419,0.595776,0.265440,0.347463,0.458325,0.121914,-0.103222
combined,0.80,cbf_safety_filter,2,120,0.291667,0.141667,0.333164,0.424055,0.449987,0.504274,0.595500,0.265359,0.346102,0.458429,0.121023,-0.092638
combined,0.80,cbf_safety_filter,3,120,0.291667,0.250000,0.333644,0.425984,0.450459,0.507527,0.594974,0.267197,0.348344,0.458730,0.121574,-0.161079
combined,0.80,cbf_safety_filter,4,120,0.258333,0.225000,0.332921,0.426207,0.451582,0.506281,0.593674,0.266011,0.348030,0.460805,0.120455,-0.178801
combined,0.80,cbf_safety_filter,5,120,0.333333,0.283333,0.333769,0.424561,0.450915,0.506430,0.595894,0.268588,0.346877,0.461032,0.120792,-0.139775
combined,0.80,cbf_safety_filter,6,120,0.283333,0.225000,0.332493,0.421467,0.448425,0.505641,0.596372,0.268299,0.348988,0.460753,0.120806,-0.151987
combined,0.80,cbf_safety_filter,7,120,0.266667,0.216667,0.333478,0.424599,0.449715,0.504296,0.594416,0.266775,0.346529,0.457523,0.120643,-0.164534
combined,0.80,cbf_safety_filter,8,120,0.316667,0.225000,0.333971,0.421408,0.449875,0.506695,0.595143,0.266727,0.348794,0.459449,0.121313,-0.119309
combined,0.80,cbf_safety_filter,9,120,0.308333,0.216667,0.331259,0.423684,0.449286,0.508768,0.594828,0.266720,0.347964,0.459510,0.120117,-0.122523
combined,0.80,confidence_threshold_shared_control,0,120,0.016667,0.416667,0.515176,0.973740,0.552096,0.636301,0.280917,0.420682,0.418196,0.270002,0.076227,-0.788445
combined,0.80,confidence_threshold_shared_control,1,120,0.016667,0.375000,0.514813,0.974616,0.548817,0.638278,0.279286,0.420432,0.419093,0.266427,0.076231,-0.762549
combined,0.80,confidence_threshold_shared_control,2,120,0.050000,0.383333,0.514981,0.975442,0.550141,0.636674,0.280474,0.420731,0.419658,0.268770,0.076637,-0.734577
combined,0.80,confidence_threshold_shared_control,3,120,0.033333,0.375000,0.514630,0.975713,0.553121,0.638085,0.281192,0.421361,0.420917,0.269696,0.075757,-0.746705
combined,0.80,confidence_threshold_shared_control,4,120,0.025000,0.416667,0.514763,0.972870,0.553632,0.637517,0.281290,0.421042,0.418911,0.268878,0.076160,-0.780197
combined,0.80,confidence_threshold_shared_control,5,120,0.025000,0.416667,0.514239,0.977002,0.551507,0.634810,0.281348,0.420155,0.418432,0.269393,0.076226,-0.780300
combined,0.80,confidence_threshold_shared_control,6,120,0.000000,0.425000,0.513962,0.970606,0.549275,0.632508,0.283354,0.420038,0.417295,0.269177,0.076151,-0.808056
combined,0.80,confidence_threshold_shared_control,7,120,0.008333,0.491667,0.514567,0.971202,0.552213,0.636437,0.281560,0.418361,0.420623,0.268346,0.075998,-0.842268
combined,0.80,confidence_threshold_shared_control,8,120,0.016667,0.316667,0.514003,0.976319,0.551648,0.634612,0.281148,0.421900,0.417870,0.266771,0.076530,-0.726599
combined,0.80,confidence_threshold_shared_control,9,120,0.033333,0.350000,0.514594,0.974110,0.551495,0.636415,0.282599,0.419997,0.417857,0.268343,0.076294,-0.730102
combined,0.80,mpc_risk_arbitration,0,120,0.325000,0.266667,0.313710,0.470401,0.435439,0.514934,0.663855,0.334613,0.328502,0.488433,0.131263,-0.143473
combined,0.80,mpc_risk_arbitration,1,120,0.341667,0.208333,0.312563,0.470436,0.431922,0.516450,0.663801,0.335841,0.327623,0.486359,0.132071,-0.090107
combined,0.80,mpc_risk_arbitration,2,120,0.325000,0.216667,0.312884,0.471433,0.433100,0.517286,0.662106,0.334496,0.327842,0.491487,0.132081,-0.112550
combined,0.80,mpc_risk_arbitration,3,120,0.250000,0.200000,0.314441,0.475100,0.436869,0.519142,0.661044,0.337434,0.328668,0.488150,0.131162,-0.179690
combined,0.80,mpc_risk_arbitration,4,120,0.375000,0.233333,0.313487,0.469388,0.435776,0.515699,0.662119,0.333819,0.328292,0.488735,0.132711,-0.072712
combined,0.80,mpc_risk_arbitration,5,120,0.208333,0.300000,0.313211,0.469550,0.432434,0.517568,0.664584,0.335093,0.327765,0.487904,0.132561,-0.280302
combined,0.80,mpc_risk_arbitration,6,120,0.325000,0.316667,0.313467,0.466997,0.433065,0.515088,0.663489,0.333123,0.328257,0.486695,0.132812,-0.173114
combined,0.80,mpc_risk_arbitration,7,120,0.291667,0.233333,0.315146,0.468049,0.435243,0.518007,0.663527,0.334153,0.329404,0.485994,0.132714,-0.156251
combined,0.80,mpc_risk_arbitration,8,120,0.283333,0.266667,0.313190,0.470160,0.433728,0.517458,0.663560,0.333313,0.328586,0.487910,0.132507,-0.184874
combined,0.80,mpc_risk_arbitration,9,120,0.333333,0.283333,0.312081,0.470562,0.433862,0.514762,0.661615,0.335701,0.328114,0.489905,0.131486,-0.145119
combined,0.80,pomdp_handoff_policy,0,120,0.250000,0.308333,0.349767,0.653237,0.457762,0.553341,0.592295,0.394987,0.340227,0.447948,0.095514,-0.317143
combined,0.80,pomdp_handoff_policy,1,120,0.308333,0.283333,0.349818,0.651681,0.457975,0.555349,0.592286,0.396016,0.339136,0.446017,0.095485,-0.243328
combined,0.80,pomdp_handoff_policy,2,120,0.233333,0.283333,0.350349,0.649147,0.459618,0.555526,0.590236,0.396002,0.338464,0.449702,0.096518,-0.318299
combined,0.80,pomdp_handoff_policy,3,120,0.325000,0.233333,0.353392,0.656167,0.461596,0.556294,0.589169,0.396777,0.337694,0.448846,0.095099,-0.198650
combined,0.80,pomdp_handoff_policy,4,120,0.266667,0.233333,0.353367,0.658180,0.462212,0.557517,0.592547,0.395790,0.338682,0.449524,0.093992,-0.257336
combined,0.80,pomdp_handoff_policy,5,120,0.258333,0.300000,0.352014,0.657466,0.457388,0.556357,0.590718,0.394935,0.337770,0.451614,0.094794,-0.305643
combined,0.80,pomdp_handoff_policy,6,120,0.250000,0.216667,0.348839,0.652690,0.457368,0.553342,0.592572,0.394557,0.337815,0.447987,0.095851,-0.259819
combined,0.80,pomdp_handoff_policy,7,120,0.250000,0.316667,0.352034,0.656520,0.458680,0.559519,0.590990,0.397733,0.338112,0.447358,0.094583,-0.324932
combined,0.80,pomdp_handoff_policy,8,120,0.316667,0.258333,0.351285,0.652340,0.457699,0.556385,0.591077,0.395197,0.338845,0.448916,0.096320,-0.220115
combined,0.80,pomdp_handoff_policy,9,120,0.350000,0.225000,0.353294,0.649525,0.459116,0.558100,0.591651,0.396664,0.337716,0.450743,0.096648,-0.166474
combined,0.80,recovery_aware_mpc,0,120,0.383333,0.250000,0.327922,0.516569,0.431675,0.524610,0.710774,0.383182,0.338417,0.479375,0.127475,-0.091101
combined,0.80,recovery_aware_mpc,1,120,0.325000,0.300000,0.327450,0.514509,0.426644,0.526103,0.713098,0.381468,0.338128,0.478767,0.126855,-0.178839
combined,0.80,recovery_aware_mpc,2,120,0.300000,0.266667,0.327656,0.515674,0.428869,0.524134,0.712703,0.382857,0.337112,0.479311,0.127712,-0.183794
combined,0.80,recovery_aware_mpc,3,120,0.241667,0.266667,0.328043,0.519997,0.432605,0.527140,0.711383,0.382834,0.338750,0.477824,0.126303,-0.244323
combined,0.80,recovery_aware_mpc,4,120,0.325000,0.225000,0.326691,0.514079,0.430299,0.524669,0.710501,0.382426,0.338780,0.479994,0.127381,-0.132762
combined,0.80,recovery_aware_mpc,5,120,0.350000,0.233333,0.327611,0.518505,0.432704,0.524689,0.712472,0.382774,0.338867,0.479505,0.126399,-0.114486
combined,0.80,recovery_aware_mpc,6,120,0.358333,0.283333,0.327681,0.515720,0.427103,0.524520,0.711922,0.383088,0.338022,0.478933,0.126863,-0.135660
combined,0.80,recovery_aware_mpc,7,120,0.325000,0.308333,0.328250,0.515200,0.430165,0.526321,0.710449,0.384127,0.339408,0.475683,0.127478,-0.185439
combined,0.80,recovery_aware_mpc,8,120,0.300000,0.291667,0.327854,0.514616,0.430496,0.526462,0.711747,0.382190,0.338298,0.478256,0.127845,-0.199639
combined,0.80,recovery_aware_mpc,9,120,0.375000,0.258333,0.329074,0.516032,0.429977,0.525150,0.712234,0.382677,0.336970,0.478233,0.126734,-0.104386
combined,1.00,authority_boundary_v5,0,120,0.216667,0.250000,0.397689,0.839949,0.512611,0.597302,0.541486,0.432842,0.388973,0.397802,0.061289,-0.393002
combined,1.00,authority_boundary_v5,1,120,0.208333,0.333333,0.398920,0.842630,0.509294,0.598767,0.543461,0.435064,0.390211,0.396922,0.061177,-0.453663
combined,1.00,authority_boundary_v5,2,120,0.241667,0.300000,0.399935,0.841710,0.507739,0.597878,0.543663,0.435131,0.390811,0.397954,0.060951,-0.399331
combined,1.00,authority_boundary_v5,3,120,0.175000,0.325000,0.398305,0.840204,0.509574,0.597202,0.544026,0.434325,0.388737,0.396763,0.060846,-0.480832
combined,1.00,authority_boundary_v5,4,120,0.208333,0.325000,0.398879,0.842126,0.510570,0.600496,0.542593,0.433481,0.387681,0.397796,0.060605,-0.448688
combined,1.00,authority_boundary_v5,5,120,0.233333,0.275000,0.396599,0.843096,0.509515,0.597125,0.543424,0.433061,0.388478,0.400495,0.060766,-0.391669
combined,1.00,authority_boundary_v5,6,120,0.166667,0.225000,0.397130,0.843419,0.511761,0.598410,0.544076,0.435024,0.388816,0.398430,0.060890,-0.428204
combined,1.00,authority_boundary_v5,7,120,0.241667,0.325000,0.398074,0.842337,0.512647,0.599309,0.543544,0.432722,0.390157,0.401029,0.060976,-0.415242
combined,1.00,authority_boundary_v5,8,120,0.225000,0.275000,0.397957,0.842602,0.510052,0.596634,0.542018,0.434972,0.388801,0.399322,0.060861,-0.400554
combined,1.00,authority_boundary_v5,9,120,0.150000,0.233333,0.396947,0.835030,0.507902,0.600061,0.540951,0.432422,0.388548,0.397936,0.061151,-0.447548
combined,1.00,bayesian_authority_allocation,0,120,0.108333,0.300000,0.420120,0.865179,0.546937,0.587629,0.462201,0.425546,0.388686,0.357385,0.066437,-0.553944
combined,1.00,bayesian_authority_allocation,1,120,0.091667,0.300000,0.418902,0.864154,0.547847,0.589390,0.463442,0.425993,0.390438,0.358948,0.066437,-0.570362
combined,1.00,bayesian_authority_allocation,2,120,0.141667,0.291667,0.419647,0.866514,0.545654,0.588939,0.464146,0.424893,0.388302,0.360786,0.066191,-0.515377
combined,1.00,bayesian_authority_allocation,3,120,0.166667,0.325000,0.419037,0.863619,0.544626,0.589210,0.462386,0.425766,0.390850,0.356857,0.066181,-0.510292
combined,1.00,bayesian_authority_allocation,4,120,0.125000,0.316667,0.419361,0.866398,0.545206,0.585994,0.464665,0.429093,0.389515,0.359971,0.066466,-0.547398
combined,1.00,bayesian_authority_allocation,5,120,0.175000,0.300000,0.420242,0.867389,0.545125,0.587376,0.465139,0.426558,0.389685,0.355862,0.066189,-0.487384
combined,1.00,bayesian_authority_allocation,6,120,0.133333,0.308333,0.418824,0.866790,0.546268,0.589026,0.464807,0.427281,0.389650,0.357777,0.066089,-0.534199
combined,1.00,bayesian_authority_allocation,7,120,0.166667,0.350000,0.418299,0.865454,0.546555,0.589681,0.463642,0.428202,0.388648,0.359110,0.065955,-0.526556
combined,1.00,bayesian_authority_allocation,8,120,0.166667,0.358333,0.419088,0.864494,0.545142,0.590570,0.463573,0.427193,0.388733,0.357522,0.066278,-0.531475
combined,1.00,bayesian_authority_allocation,9,120,0.133333,0.341667,0.418298,0.866874,0.544237,0.589964,0.461868,0.428027,0.390736,0.358561,0.065789,-0.554851
combined,1.00,cbf_safety_filter,0,120,0.275000,0.208333,0.345711,0.461119,0.500226,0.519607,0.582121,0.281472,0.379487,0.428382,0.119456,-0.175229
combined,1.00,cbf_safety_filter,1,120,0.300000,0.250000,0.345726,0.459963,0.497953,0.517368,0.580913,0.279586,0.379531,0.427683,0.119384,-0.175065
combined,1.00,cbf_safety_filter,2,120,0.216667,0.208333,0.347028,0.461861,0.499124,0.517210,0.581440,0.281892,0.380065,0.430227,0.118932,-0.233703
combined,1.00,cbf_safety_filter,3,120,0.300000,0.291667,0.346112,0.459212,0.496487,0.518605,0.584305,0.280834,0.380318,0.430642,0.119096,-0.200582
combined,1.00,cbf_safety_filter,4,120,0.283333,0.200000,0.344808,0.459032,0.498298,0.519021,0.581964,0.282300,0.378852,0.428270,0.119508,-0.160720
combined,1.00,cbf_safety_filter,5,120,0.341667,0.183333,0.346088,0.459421,0.498212,0.520314,0.582099,0.280178,0.379566,0.429654,0.119664,-0.092385
combined,1.00,cbf_safety_filter,6,120,0.233333,0.158333,0.345621,0.459761,0.499626,0.517461,0.581927,0.280900,0.380352,0.428951,0.120003,-0.185153
combined,1.00,cbf_safety_filter,7,120,0.283333,0.191667,0.346477,0.462198,0.500158,0.518293,0.581306,0.281796,0.378960,0.429090,0.119778,-0.156942
combined,1.00,cbf_safety_filter,8,120,0.291667,0.191667,0.347239,0.460732,0.500152,0.520038,0.582949,0.280310,0.379945,0.427423,0.119021,-0.148376
combined,1.00,cbf_safety_filter,9,120,0.241667,0.283333,0.345621,0.458337,0.496764,0.518131,0.584226,0.281977,0.377972,0.429685,0.119953,-0.253524
combined,1.00,confidence_threshold_shared_control,0,120,0.008333,0.383333,0.526973,0.994782,0.598409,0.647461,0.267017,0.430734,0.448393,0.239845,0.080149,-0.794977
combined,1.00,confidence_threshold_shared_control,1,120,0.008333,0.391667,0.525338,0.995265,0.597696,0.650198,0.268841,0.432008,0.449114,0.237715,0.080053,-0.800047
combined,1.00,confidence_threshold_shared_control,2,120,0.000000,0.333333,0.526206,0.994831,0.600980,0.648147,0.270933,0.429976,0.449167,0.237159,0.079934,-0.772235
combined,1.00,confidence_threshold_shared_control,3,120,0.008333,0.408333,0.525822,0.993748,0.597728,0.646781,0.268069,0.431792,0.451055,0.235584,0.080067,-0.809772
combined,1.00,confidence_threshold_shared_control,4,120,0.000000,0.366667,0.526422,0.997013,0.598012,0.651293,0.267568,0.431944,0.448388,0.239515,0.079831,-0.793848
combined,1.00,confidence_threshold_shared_control,5,120,0.000000,0.483333,0.524996,0.995955,0.598742,0.648095,0.268821,0.431446,0.449554,0.236232,0.080181,-0.865154
combined,1.00,confidence_threshold_shared_control,6,120,0.008333,0.466667,0.526208,0.993980,0.598868,0.649771,0.267201,0.431784,0.449460,0.238300,0.079904,-0.846701
combined,1.00,confidence_threshold_shared_control,7,120,0.000000,0.441667,0.527034,0.996610,0.599526,0.649104,0.265894,0.432984,0.448697,0.239637,0.080056,-0.840622
combined,1.00,confidence_threshold_shared_control,8,120,0.000000,0.416667,0.526896,0.995850,0.599891,0.647778,0.269650,0.432164,0.450382,0.236634,0.079989,-0.824422
combined,1.00,confidence_threshold_shared_control,9,120,0.016667,0.375000,0.526242,0.994924,0.598303,0.648826,0.269410,0.430984,0.450053,0.240775,0.079739,-0.781309
combined,1.00,mpc_risk_arbitration,0,120,0.358333,0.200000,0.325739,0.505285,0.483183,0.530628,0.649854,0.347927,0.358640,0.458198,0.129799,-0.092159
combined,1.00,mpc_risk_arbitration,1,120,0.350000,0.266667,0.326400,0.504447,0.481662,0.526890,0.651238,0.346911,0.361490,0.457719,0.130216,-0.140886
combined,1.00,mpc_risk_arbitration,2,120,0.216667,0.258333,0.326078,0.504078,0.481305,0.527952,0.649820,0.348432,0.358954,0.457898,0.129890,-0.269219
combined,1.00,mpc_risk_arbitration,3,120,0.266667,0.250000,0.324800,0.503536,0.482985,0.529523,0.650521,0.348718,0.359848,0.456464,0.130459,-0.214032
combined,1.00,mpc_risk_arbitration,4,120,0.241667,0.208333,0.327019,0.504861,0.481691,0.526990,0.649349,0.347629,0.358897,0.458713,0.130391,-0.213546
combined,1.00,mpc_risk_arbitration,5,120,0.308333,0.233333,0.325050,0.506028,0.481167,0.529662,0.648395,0.347121,0.360250,0.457659,0.129306,-0.162429
combined,1.00,mpc_risk_arbitration,6,120,0.341667,0.241667,0.324964,0.504573,0.481438,0.527548,0.651363,0.348472,0.362248,0.456150,0.129241,-0.133579
combined,1.00,mpc_risk_arbitration,7,120,0.375000,0.308333,0.326168,0.506085,0.483660,0.529213,0.650045,0.349196,0.357926,0.460679,0.129148,-0.142976
combined,1.00,mpc_risk_arbitration,8,120,0.275000,0.250000,0.325587,0.504741,0.485125,0.529829,0.648456,0.347907,0.357757,0.458731,0.129855,-0.206648
combined,1.00,mpc_risk_arbitration,9,120,0.208333,0.283333,0.327603,0.506559,0.481065,0.529699,0.651731,0.348933,0.359332,0.459250,0.129949,-0.294097
combined,1.00,pomdp_handoff_policy,0,120,0.241667,0.250000,0.364796,0.689820,0.506396,0.567773,0.579360,0.409328,0.368928,0.416359,0.089969,-0.313829
combined,1.00,pomdp_handoff_policy,1,120,0.241667,0.283333,0.364416,0.687937,0.506012,0.570138,0.578112,0.408992,0.371486,0.417174,0.090911,-0.334238
combined,1.00,pomdp_handoff_policy,2,120,0.225000,0.258333,0.364871,0.687888,0.507922,0.570526,0.579320,0.409433,0.370663,0.416532,0.090229,-0.335806
combined,1.00,pomdp_handoff_policy,3,120,0.258333,0.308333,0.363121,0.689022,0.508695,0.566385,0.579429,0.410294,0.368344,0.417856,0.089956,-0.333011
combined,1.00,pomdp_handoff_policy,4,120,0.233333,0.300000,0.364859,0.687517,0.506718,0.567718,0.577184,0.409668,0.368037,0.419126,0.090462,-0.352878
combined,1.00,pomdp_handoff_policy,5,120,0.250000,0.291667,0.363780,0.688514,0.506440,0.565319,0.577131,0.408988,0.369627,0.417430,0.090790,-0.330619
combined,1.00,pomdp_handoff_policy,6,120,0.291667,0.258333,0.366542,0.689781,0.508543,0.567404,0.576993,0.409294,0.371158,0.417647,0.089833,-0.269908
combined,1.00,pomdp_handoff_policy,7,120,0.225000,0.266667,0.364815,0.688998,0.507796,0.568746,0.576693,0.409073,0.368667,0.418384,0.090012,-0.341165
combined,1.00,pomdp_handoff_policy,8,120,0.258333,0.291667,0.363556,0.691515,0.510618,0.569183,0.577039,0.411062,0.370317,0.417834,0.090038,-0.324297
combined,1.00,pomdp_handoff_policy,9,120,0.216667,0.275000,0.362220,0.689748,0.507651,0.566274,0.577272,0.409594,0.369263,0.419539,0.089559,-0.353883
combined,1.00,recovery_aware_mpc,0,120,0.341667,0.308333,0.341289,0.554015,0.478185,0.538224,0.696082,0.397613,0.369338,0.448788,0.122884,-0.192957
combined,1.00,recovery_aware_mpc,1,120,0.250000,0.283333,0.340915,0.555325,0.477147,0.538909,0.698332,0.396441,0.369047,0.447033,0.123093,-0.268963
combined,1.00,recovery_aware_mpc,2,120,0.241667,0.233333,0.340797,0.553125,0.478353,0.536354,0.697813,0.394020,0.370031,0.450518,0.122911,-0.245425
combined,1.00,recovery_aware_mpc,3,120,0.325000,0.275000,0.340800,0.553154,0.478737,0.536074,0.699744,0.396555,0.371313,0.448619,0.123240,-0.188060
combined,1.00,recovery_aware_mpc,4,120,0.341667,0.258333,0.339718,0.552631,0.476674,0.538094,0.699513,0.396338,0.368029,0.447256,0.122710,-0.160573
combined,1.00,recovery_aware_mpc,5,120,0.333333,0.316667,0.339837,0.549954,0.477933,0.537320,0.699007,0.396891,0.368568,0.447628,0.124539,-0.204664
combined,1.00,recovery_aware_mpc,6,120,0.283333,0.191667,0.339962,0.550850,0.478150,0.538590,0.699374,0.395178,0.369982,0.449724,0.123224,-0.177397
combined,1.00,recovery_aware_mpc,7,120,0.275000,0.291667,0.338973,0.551594,0.476655,0.536594,0.698351,0.395421,0.370558,0.447245,0.123910,-0.247289
combined,1.00,recovery_aware_mpc,8,120,0.283333,0.300000,0.339869,0.553198,0.481198,0.537840,0.699701,0.396306,0.369208,0.446435,0.123258,-0.245588
combined,1.00,recovery_aware_mpc,9,120,0.350000,0.300000,0.339944,0.552594,0.478528,0.536331,0.700134,0.396859,0.369932,0.448300,0.123017,-0.178208
contact_mode,0.00,authority_boundary_v5,0,120,0.283333,0.258333,0.325674,0.710342,0.342928,0.456360,0.608619,0.381926,0.283357,0.505059,0.065572,-0.227869
contact_mode,0.00,authority_boundary_v5,1,120,0.308333,0.283333,0.330086,0.709071,0.339837,0.458828,0.606788,0.381036,0.283177,0.502165,0.066688,-0.219026
contact_mode,0.00,authority_boundary_v5,2,120,0.325000,0.225000,0.329549,0.710063,0.342734,0.455410,0.609259,0.380024,0.280256,0.504472,0.065793,-0.166051
contact_mode,0.00,authority_boundary_v5,3,120,0.325000,0.250000,0.328560,0.710565,0.340719,0.459212,0.608075,0.380139,0.283819,0.503201,0.065366,-0.181664
contact_mode,0.00,authority_boundary_v5,4,120,0.308333,0.283333,0.328433,0.707441,0.340957,0.458011,0.606829,0.381767,0.283713,0.502818,0.066833,-0.218372
contact_mode,0.00,authority_boundary_v5,5,120,0.291667,0.200000,0.327448,0.711699,0.340904,0.458341,0.608059,0.380536,0.281572,0.505379,0.064898,-0.183958
contact_mode,0.00,authority_boundary_v5,6,120,0.325000,0.191667,0.327869,0.707813,0.342181,0.456334,0.607264,0.381765,0.283423,0.505363,0.066184,-0.144780
contact_mode,0.00,authority_boundary_v5,7,120,0.300000,0.241667,0.328656,0.713024,0.341654,0.459001,0.605137,0.381097,0.282504,0.503640,0.065432,-0.202566
contact_mode,0.00,authority_boundary_v5,8,120,0.341667,0.191667,0.329144,0.707448,0.342399,0.457790,0.606438,0.379251,0.282117,0.505169,0.066821,-0.128369
contact_mode,0.00,authority_boundary_v5,9,120,0.283333,0.183333,0.327699,0.708586,0.340759,0.459188,0.608160,0.380272,0.283242,0.503787,0.066534,-0.181317
contact_mode,0.00,bayesian_authority_allocation,0,120,0.250000,0.150000,0.351010,0.734007,0.378901,0.445416,0.525999,0.373371,0.284112,0.464437,0.065936,-0.216245
contact_mode,0.00,bayesian_authority_allocation,1,120,0.233333,0.200000,0.348565,0.731085,0.378390,0.448632,0.527810,0.371146,0.281165,0.463462,0.066933,-0.262536
contact_mode,0.00,bayesian_authority_allocation,2,120,0.283333,0.225000,0.348530,0.734001,0.378193,0.446247,0.530882,0.373796,0.280970,0.465181,0.066324,-0.228429
contact_mode,0.00,bayesian_authority_allocation,3,120,0.258333,0.175000,0.347785,0.734130,0.376033,0.445877,0.530498,0.372684,0.283014,0.464955,0.065952,-0.221803
contact_mode,0.00,bayesian_authority_allocation,4,120,0.275000,0.258333,0.348387,0.735526,0.377350,0.446415,0.528894,0.373929,0.282917,0.460272,0.066067,-0.257817
contact_mode,0.00,bayesian_authority_allocation,5,120,0.291667,0.258333,0.349138,0.733616,0.378974,0.446799,0.531281,0.375954,0.281439,0.464365,0.066420,-0.241197
contact_mode,0.00,bayesian_authority_allocation,6,120,0.266667,0.141667,0.347779,0.734946,0.374774,0.445455,0.527480,0.373814,0.281418,0.464392,0.066058,-0.193100
contact_mode,0.00,bayesian_authority_allocation,7,120,0.191667,0.291667,0.349157,0.734892,0.380061,0.445148,0.527131,0.374988,0.280184,0.463691,0.065924,-0.362386
contact_mode,0.00,bayesian_authority_allocation,8,120,0.350000,0.175000,0.349639,0.731104,0.375406,0.448444,0.529324,0.372978,0.281525,0.463676,0.067268,-0.130205
contact_mode,0.00,bayesian_authority_allocation,9,120,0.233333,0.283333,0.347348,0.731781,0.375762,0.448380,0.531535,0.372814,0.284257,0.463195,0.066846,-0.313484
contact_mode,0.00,cbf_safety_filter,0,120,0.441667,0.150000,0.280796,0.327754,0.329505,0.375284,0.644864,0.226620,0.271973,0.533384,0.110258,0.130979
contact_mode,0.00,cbf_safety_filter,1,120,0.408333,0.158333,0.281077,0.326701,0.328349,0.378781,0.643219,0.225293,0.271655,0.534515,0.110812,0.092428
contact_mode,0.00,cbf_safety_filter,2,120,0.441667,0.125000,0.279951,0.331410,0.331334,0.377500,0.644107,0.226808,0.270386,0.535874,0.108752,0.145175
contact_mode,0.00,cbf_safety_filter,3,120,0.450000,0.100000,0.279457,0.330418,0.329722,0.378629,0.643570,0.228260,0.270268,0.534992,0.108542,0.169304
contact_mode,0.00,cbf_safety_filter,4,120,0.433333,0.200000,0.278646,0.326315,0.329370,0.379449,0.645726,0.226038,0.274218,0.531796,0.110405,0.092178
contact_mode,0.00,cbf_safety_filter,5,120,0.458333,0.183333,0.279850,0.328834,0.328127,0.376763,0.643447,0.227463,0.272649,0.535143,0.109573,0.126802
contact_mode,0.00,cbf_safety_filter,6,120,0.425000,0.166667,0.279305,0.325922,0.329234,0.376710,0.643801,0.226385,0.273584,0.533906,0.110468,0.104602
contact_mode,0.00,cbf_safety_filter,7,120,0.533333,0.125000,0.281670,0.327118,0.331297,0.378392,0.639326,0.227472,0.270670,0.535786,0.110538,0.236892
contact_mode,0.00,cbf_safety_filter,8,120,0.433333,0.141667,0.278801,0.324799,0.329809,0.378793,0.642237,0.226233,0.272547,0.532934,0.109621,0.128379
contact_mode,0.00,cbf_safety_filter,9,120,0.425000,0.166667,0.279689,0.325321,0.331027,0.378139,0.645886,0.226603,0.271877,0.535769,0.111622,0.104337
contact_mode,0.00,confidence_threshold_shared_control,0,120,0.116667,0.250000,0.456161,0.880119,0.431888,0.506703,0.332836,0.379418,0.342892,0.342460,0.060701,-0.504824
contact_mode,0.00,confidence_threshold_shared_control,1,120,0.075000,0.308333,0.456115,0.882166,0.431330,0.509087,0.333732,0.381101,0.343376,0.343806,0.060598,-0.583430
contact_mode,0.00,confidence_threshold_shared_control,2,120,0.075000,0.333333,0.455641,0.884658,0.432257,0.506519,0.337152,0.380615,0.342246,0.345521,0.060185,-0.598928
contact_mode,0.00,confidence_threshold_shared_control,3,120,0.150000,0.325000,0.453778,0.881829,0.429030,0.506003,0.334754,0.379625,0.342558,0.343585,0.060392,-0.517131
contact_mode,0.00,confidence_threshold_shared_control,4,120,0.158333,0.325000,0.455036,0.882343,0.428462,0.505404,0.334528,0.381198,0.342973,0.342247,0.060629,-0.509248
contact_mode,0.00,confidence_threshold_shared_control,5,120,0.066667,0.283333,0.456424,0.885572,0.429418,0.507799,0.334822,0.380395,0.342906,0.345416,0.060782,-0.576540
contact_mode,0.00,confidence_threshold_shared_control,6,120,0.116667,0.325000,0.456578,0.881992,0.427858,0.506979,0.337172,0.380084,0.342317,0.342147,0.060462,-0.550985
contact_mode,0.00,confidence_threshold_shared_control,7,120,0.150000,0.241667,0.455597,0.884453,0.431441,0.509340,0.334201,0.381193,0.343110,0.345063,0.060336,-0.467536
contact_mode,0.00,confidence_threshold_shared_control,8,120,0.133333,0.308333,0.456718,0.882595,0.428590,0.508555,0.336445,0.380906,0.342249,0.345789,0.060540,-0.524612
contact_mode,0.00,confidence_threshold_shared_control,9,120,0.133333,0.275000,0.455098,0.884194,0.429692,0.510454,0.335053,0.381297,0.342633,0.345002,0.060781,-0.504478
contact_mode,0.00,mpc_risk_arbitration,0,120,0.425000,0.250000,0.258823,0.374986,0.314622,0.390342,0.715440,0.295727,0.251909,0.564712,0.122508,0.045780
contact_mode,0.00,mpc_risk_arbitration,1,120,0.416667,0.183333,0.258739,0.375587,0.312429,0.389295,0.713940,0.293286,0.251622,0.563367,0.121660,0.079257
contact_mode,0.00,mpc_risk_arbitration,2,120,0.358333,0.175000,0.258546,0.372481,0.315546,0.388690,0.711832,0.294515,0.252639,0.564899,0.123225,0.026166
contact_mode,0.00,mpc_risk_arbitration,3,120,0.475000,0.266667,0.259806,0.373178,0.314416,0.383856,0.713035,0.294208,0.252855,0.564510,0.122742,0.086405
contact_mode,0.00,mpc_risk_arbitration,4,120,0.416667,0.250000,0.258025,0.372513,0.312875,0.388260,0.716536,0.294274,0.253137,0.561313,0.122433,0.039002
contact_mode,0.00,mpc_risk_arbitration,5,120,0.450000,0.216667,0.258524,0.374625,0.312027,0.388724,0.713291,0.294351,0.251850,0.565350,0.123131,0.092183
contact_mode,0.00,mpc_risk_arbitration,6,120,0.433333,0.216667,0.259069,0.373798,0.313202,0.387599,0.715020,0.296219,0.251509,0.565729,0.122387,0.075477
contact_mode,0.00,mpc_risk_arbitration,7,120,0.441667,0.166667,0.261356,0.372723,0.318136,0.387125,0.711189,0.294574,0.250183,0.565121,0.122581,0.113622
contact_mode,0.00,mpc_risk_arbitration,8,120,0.450000,0.175000,0.256776,0.371504,0.312083,0.388573,0.715252,0.296442,0.250460,0.562504,0.122414,0.119159
contact_mode,0.00,mpc_risk_arbitration,9,120,0.400000,0.241667,0.258319,0.374117,0.315028,0.388730,0.711431,0.296834,0.250717,0.564513,0.121424,0.025978
contact_mode,0.00,pomdp_handoff_policy,0,120,0.316667,0.158333,0.296321,0.555867,0.339356,0.424822,0.641583,0.353865,0.261387,0.521260,0.095770,-0.078324
contact_mode,0.00,pomdp_handoff_policy,1,120,0.416667,0.208333,0.297671,0.557472,0.337566,0.429137,0.641090,0.355490,0.262007,0.524030,0.096604,-0.010480
contact_mode,0.00,pomdp_handoff_policy,2,120,0.358333,0.216667,0.294520,0.557520,0.339920,0.427984,0.640772,0.358383,0.261529,0.525865,0.096269,-0.073757
contact_mode,0.00,pomdp_handoff_policy,3,120,0.408333,0.266667,0.295467,0.557869,0.339106,0.427962,0.640714,0.353961,0.262131,0.522489,0.095459,-0.054507
contact_mode,0.00,pomdp_handoff_policy,4,120,0.425000,0.200000,0.295560,0.557125,0.340579,0.427778,0.645028,0.355345,0.262266,0.522085,0.096595,0.003642
contact_mode,0.00,pomdp_handoff_policy,5,120,0.383333,0.183333,0.296941,0.556320,0.337756,0.424841,0.644769,0.353750,0.261869,0.524566,0.097202,-0.026901
contact_mode,0.00,pomdp_handoff_policy,6,120,0.341667,0.183333,0.295818,0.557168,0.337626,0.428954,0.641311,0.355984,0.262044,0.522284,0.096440,-0.069463
contact_mode,0.00,pomdp_handoff_policy,7,120,0.358333,0.208333,0.296179,0.559082,0.338556,0.426122,0.641560,0.355451,0.261351,0.525864,0.096666,-0.068582
contact_mode,0.00,pomdp_handoff_policy,8,120,0.375000,0.200000,0.296326,0.554821,0.338342,0.427170,0.643864,0.353570,0.262158,0.525975,0.097016,-0.045482
contact_mode,0.00,pomdp_handoff_policy,9,120,0.358333,0.233333,0.297147,0.554733,0.337650,0.431177,0.642164,0.355358,0.262330,0.524857,0.097136,-0.083684
contact_mode,0.00,recovery_aware_mpc,0,120,0.516667,0.250000,0.272998,0.421184,0.310120,0.393908,0.761888,0.341691,0.261943,0.554245,0.119111,0.122227
contact_mode,0.00,recovery_aware_mpc,1,120,0.500000,0.200000,0.272550,0.422804,0.309587,0.398177,0.763738,0.340800,0.262058,0.554473,0.119048,0.136093
contact_mode,0.00,recovery_aware_mpc,2,120,0.408333,0.175000,0.273434,0.420374,0.311657,0.396810,0.760475,0.342964,0.261366,0.554592,0.119336,0.059644
contact_mode,0.00,recovery_aware_mpc,3,120,0.425000,0.250000,0.273759,0.419931,0.310187,0.397321,0.761392,0.342989,0.262177,0.554167,0.120457,0.030081
contact_mode,0.00,recovery_aware_mpc,4,120,0.450000,0.241667,0.272904,0.420969,0.310409,0.399576,0.764243,0.342725,0.262065,0.553145,0.119591,0.060161
contact_mode,0.00,recovery_aware_mpc,5,120,0.441667,0.108333,0.271680,0.417921,0.309984,0.402573,0.761359,0.341270,0.261731,0.552737,0.120247,0.135154
contact_mode,0.00,recovery_aware_mpc,6,120,0.450000,0.291667,0.273068,0.415946,0.309673,0.398076,0.760847,0.342534,0.263208,0.554208,0.121987,0.030370
contact_mode,0.00,recovery_aware_mpc,7,120,0.425000,0.275000,0.273764,0.419356,0.310649,0.398631,0.760921,0.343165,0.262528,0.555954,0.120406,0.014431
contact_mode,0.00,recovery_aware_mpc,8,120,0.425000,0.275000,0.273099,0.420660,0.310100,0.399856,0.762443,0.343381,0.261879,0.551016,0.118723,0.014325
contact_mode,0.00,recovery_aware_mpc,9,120,0.408333,0.233333,0.272735,0.421372,0.308189,0.400755,0.761299,0.342032,0.261303,0.554515,0.120021,0.023653
contact_mode,0.20,authority_boundary_v5,0,120,0.341667,0.233333,0.330392,0.709674,0.340309,0.458918,0.606646,0.378552,0.281306,0.503753,0.067883,-0.154763
contact_mode,0.20,authority_boundary_v5,1,120,0.466667,0.233333,0.330036,0.707865,0.341853,0.459005,0.607946,0.381283,0.282866,0.504355,0.067623,-0.029666
contact_mode,0.20,authority_boundary_v5,2,120,0.258333,0.241667,0.329866,0.708265,0.340851,0.454651,0.605952,0.380493,0.283339,0.503365,0.068517,-0.242617
contact_mode,0.20,authority_boundary_v5,3,120,0.308333,0.241667,0.331248,0.706410,0.341785,0.459259,0.607116,0.379884,0.281901,0.504810,0.067991,-0.193066
contact_mode,0.20,authority_boundary_v5,4,120,0.316667,0.233333,0.332472,0.710430,0.343414,0.458688,0.604366,0.381496,0.282918,0.504543,0.067904,-0.181411
contact_mode,0.20,authority_boundary_v5,5,120,0.233333,0.191667,0.331288,0.704613,0.342646,0.458150,0.605998,0.379029,0.283662,0.501707,0.068687,-0.236654
contact_mode,0.20,authority_boundary_v5,6,120,0.325000,0.191667,0.331794,0.710860,0.340288,0.456940,0.606115,0.381297,0.281328,0.504341,0.067797,-0.146308
contact_mode,0.20,authority_boundary_v5,7,120,0.341667,0.275000,0.330188,0.707445,0.341383,0.457225,0.607856,0.381671,0.282707,0.505336,0.068221,-0.180194
contact_mode,0.20,authority_boundary_v5,8,120,0.366667,0.258333,0.330894,0.712291,0.341332,0.459107,0.605776,0.381683,0.280681,0.502961,0.067865,-0.146586
contact_mode,0.20,authority_boundary_v5,9,120,0.375000,0.241667,0.331497,0.708923,0.343225,0.457773,0.604638,0.380503,0.281021,0.506795,0.068023,-0.127377
contact_mode,0.20,bayesian_authority_allocation,0,120,0.341667,0.200000,0.350664,0.732176,0.375450,0.446094,0.527550,0.371758,0.283138,0.467121,0.068536,-0.154297
contact_mode,0.20,bayesian_authority_allocation,1,120,0.250000,0.258333,0.353850,0.733508,0.375938,0.445496,0.525172,0.374052,0.282773,0.465074,0.068224,-0.283672
contact_mode,0.20,bayesian_authority_allocation,2,120,0.400000,0.241667,0.351346,0.734074,0.375567,0.445188,0.529306,0.373342,0.282387,0.463918,0.068217,-0.122351
contact_mode,0.20,bayesian_authority_allocation,3,120,0.325000,0.325000,0.351324,0.730559,0.378519,0.447337,0.525072,0.372835,0.280791,0.464849,0.069012,-0.249186
contact_mode,0.20,bayesian_authority_allocation,4,120,0.300000,0.258333,0.354481,0.735431,0.378401,0.446038,0.526123,0.374201,0.281102,0.462786,0.067593,-0.234689
contact_mode,0.20,bayesian_authority_allocation,5,120,0.283333,0.291667,0.351478,0.727153,0.374198,0.448869,0.527953,0.371313,0.283943,0.464096,0.069891,-0.268517
contact_mode,0.20,bayesian_authority_allocation,6,120,0.300000,0.300000,0.352038,0.734847,0.377753,0.447881,0.526314,0.373559,0.282968,0.463864,0.067971,-0.259810
contact_mode,0.20,bayesian_authority_allocation,7,120,0.183333,0.300000,0.353078,0.736812,0.378102,0.447149,0.525639,0.374238,0.282353,0.462818,0.067556,-0.377298
contact_mode,0.20,bayesian_authority_allocation,8,120,0.308333,0.258333,0.354129,0.733316,0.376734,0.449889,0.525176,0.373032,0.282648,0.463963,0.068661,-0.225914
contact_mode,0.20,bayesian_authority_allocation,9,120,0.266667,0.175000,0.353053,0.736595,0.375939,0.450741,0.526767,0.372348,0.280575,0.465027,0.067359,-0.216212
contact_mode,0.20,cbf_safety_filter,0,120,0.425000,0.183333,0.280588,0.328376,0.329162,0.375115,0.642350,0.228106,0.269159,0.534486,0.111701,0.093274
contact_mode,0.20,cbf_safety_filter,1,120,0.400000,0.083333,0.282803,0.327308,0.329022,0.380734,0.643796,0.228321,0.271602,0.534018,0.111039,0.129419
contact_mode,0.20,cbf_safety_filter,2,120,0.408333,0.141667,0.282555,0.327708,0.330415,0.374298,0.644755,0.225370,0.271864,0.534615,0.113439,0.102473
contact_mode,0.20,cbf_safety_filter,3,120,0.391667,0.166667,0.281901,0.327815,0.328751,0.381218,0.642205,0.227693,0.271415,0.534389,0.111316,0.069443
contact_mode,0.20,cbf_safety_filter,4,120,0.466667,0.158333,0.282672,0.328685,0.329718,0.382326,0.640863,0.227970,0.272479,0.533808,0.112372,0.148786
contact_mode,0.20,cbf_safety_filter,5,120,0.450000,0.158333,0.281217,0.325968,0.328742,0.374969,0.643208,0.225219,0.271444,0.532587,0.112835,0.134637
contact_mode,0.20,cbf_safety_filter,6,120,0.383333,0.150000,0.283905,0.329754,0.331430,0.379214,0.640366,0.226488,0.272107,0.534545,0.111835,0.070262
contact_mode,0.20,cbf_safety_filter,7,120,0.466667,0.191667,0.282185,0.327289,0.330515,0.376956,0.642469,0.227650,0.271659,0.534575,0.113607,0.129253
contact_mode,0.20,cbf_safety_filter,8,120,0.508333,0.191667,0.282606,0.331503,0.330441,0.380461,0.642793,0.228357,0.272669,0.531353,0.112565,0.169350
contact_mode,0.20,cbf_safety_filter,9,120,0.408333,0.183333,0.283907,0.329438,0.331400,0.377487,0.641972,0.226754,0.271871,0.533742,0.110989,0.074985
contact_mode,0.20,confidence_threshold_shared_control,0,120,0.150000,0.283333,0.459409,0.882983,0.430691,0.507238,0.332490,0.381026,0.341978,0.344726,0.061769,-0.493717
contact_mode,0.20,confidence_threshold_shared_control,1,120,0.091667,0.325000,0.457828,0.882349,0.429502,0.507435,0.334479,0.380424,0.341554,0.345102,0.062425,-0.576951
contact_mode,0.20,confidence_threshold_shared_control,2,120,0.200000,0.241667,0.459359,0.883440,0.431095,0.505645,0.332024,0.380069,0.341206,0.344559,0.062305,-0.417796
contact_mode,0.20,confidence_threshold_shared_control,3,120,0.091667,0.391667,0.460254,0.882352,0.430584,0.509737,0.331663,0.381442,0.340767,0.344982,0.062156,-0.619668
contact_mode,0.20,confidence_threshold_shared_control,4,120,0.116667,0.325000,0.460610,0.880647,0.432858,0.509740,0.332601,0.381741,0.342497,0.344505,0.062068,-0.553333
contact_mode,0.20,confidence_threshold_shared_control,5,120,0.100000,0.333333,0.459208,0.883617,0.429405,0.507867,0.334081,0.379199,0.342882,0.344413,0.062071,-0.574379
contact_mode,0.20,confidence_threshold_shared_control,6,120,0.125000,0.325000,0.458935,0.885443,0.432498,0.509462,0.334994,0.384330,0.342376,0.343442,0.061968,-0.545709
contact_mode,0.20,confidence_threshold_shared_control,7,120,0.158333,0.266667,0.459448,0.884380,0.432014,0.506558,0.332013,0.382201,0.342017,0.345446,0.061914,-0.475681
contact_mode,0.20,confidence_threshold_shared_control,8,120,0.133333,0.391667,0.459375,0.884457,0.435154,0.509139,0.330967,0.381749,0.343293,0.344366,0.061771,-0.579032
contact_mode,0.20,confidence_threshold_shared_control,9,120,0.133333,0.366667,0.460990,0.886429,0.432399,0.506402,0.332393,0.379323,0.341814,0.343678,0.062088,-0.563284
contact_mode,0.20,mpc_risk_arbitration,0,120,0.433333,0.166667,0.262141,0.369775,0.312285,0.386008,0.713181,0.294652,0.253300,0.565644,0.127280,0.107022
contact_mode,0.20,mpc_risk_arbitration,1,120,0.450000,0.191667,0.261219,0.373196,0.314907,0.387477,0.710934,0.293622,0.253519,0.565110,0.125425,0.106925
contact_mode,0.20,mpc_risk_arbitration,2,120,0.366667,0.291667,0.261834,0.373089,0.314031,0.386343,0.710813,0.294913,0.251526,0.564582,0.125957,-0.038399
contact_mode,0.20,mpc_risk_arbitration,3,120,0.433333,0.133333,0.261979,0.372865,0.317621,0.389358,0.713013,0.295262,0.251972,0.564980,0.126084,0.125657
contact_mode,0.20,mpc_risk_arbitration,4,120,0.391667,0.200000,0.260776,0.374666,0.314021,0.391042,0.711543,0.296350,0.251205,0.565041,0.125447,0.042673
contact_mode,0.20,mpc_risk_arbitration,5,120,0.483333,0.175000,0.261994,0.373348,0.312091,0.387669,0.713304,0.293724,0.253547,0.565190,0.124478,0.150968
contact_mode,0.20,mpc_risk_arbitration,6,120,0.433333,0.266667,0.262123,0.375231,0.315537,0.386019,0.709800,0.294272,0.252321,0.566407,0.125287,0.042962
contact_mode,0.20,mpc_risk_arbitration,7,120,0.466667,0.208333,0.260034,0.371792,0.313987,0.386759,0.710609,0.295040,0.252274,0.562789,0.125295,0.113957
contact_mode,0.20,mpc_risk_arbitration,8,120,0.375000,0.175000,0.261766,0.376395,0.315177,0.389634,0.710701,0.296051,0.252924,0.563912,0.125438,0.040790
contact_mode,0.20,mpc_risk_arbitration,9,120,0.350000,0.250000,0.261983,0.375484,0.315130,0.388921,0.709056,0.296345,0.252666,0.567250,0.125189,-0.030613
contact_mode,0.20,pomdp_handoff_policy,0,120,0.325000,0.191667,0.299299,0.557419,0.339979,0.424770,0.641842,0.354651,0.262485,0.525367,0.098869,-0.091926
contact_mode,0.20,pomdp_handoff_policy,1,120,0.325000,0.275000,0.298369,0.556843,0.338268,0.430385,0.641429,0.355294,0.261759,0.523026,0.098466,-0.143718
contact_mode,0.20,pomdp_handoff_policy,2,120,0.425000,0.241667,0.298202,0.557144,0.339336,0.424654,0.641977,0.355381,0.261506,0.526198,0.097850,-0.022531
contact_mode,0.20,pomdp_handoff_policy,3,120,0.358333,0.241667,0.300951,0.557362,0.338829,0.426337,0.639200,0.353932,0.259361,0.528694,0.098466,-0.090135
contact_mode,0.20,pomdp_handoff_policy,4,120,0.333333,0.200000,0.298865,0.558823,0.338253,0.428801,0.638188,0.354750,0.263452,0.524933,0.097325,-0.089497
contact_mode,0.20,pomdp_handoff_policy,5,120,0.408333,0.166667,0.298631,0.555526,0.336724,0.428234,0.639060,0.354441,0.263932,0.520091,0.098609,0.007433
contact_mode,0.20,pomdp_handoff_policy,6,120,0.266667,0.208333,0.298042,0.556417,0.340111,0.426487,0.638991,0.355206,0.261243,0.522837,0.098864,-0.160548
contact_mode,0.20,pomdp_handoff_policy,7,120,0.433333,0.250000,0.298429,0.556060,0.339279,0.427044,0.639665,0.356581,0.260607,0.522805,0.098666,-0.019743
contact_mode,0.20,pomdp_handoff_policy,8,120,0.383333,0.183333,0.297893,0.558541,0.340987,0.427697,0.641148,0.356038,0.261761,0.520445,0.098571,-0.029050
contact_mode,0.20,pomdp_handoff_policy,9,120,0.375000,0.208333,0.300822,0.555103,0.340339,0.429215,0.638000,0.356217,0.261072,0.526310,0.099182,-0.053139
contact_mode,0.20,recovery_aware_mpc,0,120,0.391667,0.191667,0.274434,0.421777,0.309375,0.395744,0.759086,0.342514,0.263009,0.553403,0.121755,0.032485
contact_mode,0.20,recovery_aware_mpc,1,120,0.466667,0.258333,0.275263,0.419302,0.309451,0.397222,0.758715,0.342314,0.262623,0.555466,0.123265,0.066339
contact_mode,0.20,recovery_aware_mpc,2,120,0.400000,0.258333,0.273633,0.419622,0.311285,0.394505,0.761500,0.341994,0.262634,0.554336,0.122087,0.000290
contact_mode,0.20,recovery_aware_mpc,3,120,0.375000,0.208333,0.275102,0.421406,0.311339,0.398673,0.759535,0.342121,0.260654,0.556156,0.122438,0.004816
contact_mode,0.20,recovery_aware_mpc,4,120,0.416667,0.175000,0.275078,0.421201,0.311103,0.399492,0.758236,0.343291,0.262081,0.552084,0.122196,0.066923
contact_mode,0.20,recovery_aware_mpc,5,120,0.350000,0.258333,0.275361,0.419504,0.308159,0.399017,0.760312,0.340709,0.263070,0.554032,0.123356,-0.050121
contact_mode,0.20,recovery_aware_mpc,6,120,0.475000,0.216667,0.277114,0.422360,0.310524,0.398221,0.759360,0.341214,0.261487,0.554210,0.122666,0.099179
contact_mode,0.20,recovery_aware_mpc,7,120,0.441667,0.158333,0.273959,0.418530,0.310959,0.398026,0.758634,0.342220,0.262110,0.555219,0.123015,0.103515
contact_mode,0.20,recovery_aware_mpc,8,120,0.416667,0.183333,0.276501,0.423428,0.313953,0.399922,0.757884,0.342802,0.262114,0.552808,0.121823,0.060379
contact_mode,0.20,recovery_aware_mpc,9,120,0.433333,0.233333,0.275596,0.422899,0.310528,0.397251,0.761023,0.342688,0.263286,0.554859,0.122114,0.047530
contact_mode,0.40,authority_boundary_v5,0,120,0.316667,0.216667,0.333626,0.708039,0.339852,0.454782,0.606790,0.379408,0.282799,0.506508,0.069692,-0.169350
contact_mode,0.40,authority_boundary_v5,1,120,0.408333,0.233333,0.335265,0.705065,0.339102,0.457132,0.604494,0.378405,0.281953,0.506506,0.070335,-0.087959
contact_mode,0.40,authority_boundary_v5,2,120,0.316667,0.225000,0.334104,0.708628,0.341327,0.456639,0.604698,0.379940,0.282319,0.505877,0.069534,-0.175457
contact_mode,0.40,authority_boundary_v5,3,120,0.258333,0.241667,0.336633,0.710277,0.342198,0.459959,0.603838,0.381194,0.285277,0.500898,0.069385,-0.245884
contact_mode,0.40,authority_boundary_v5,4,120,0.341667,0.233333,0.334560,0.710917,0.343554,0.459985,0.604029,0.381576,0.284398,0.501527,0.069030,-0.157262
contact_mode,0.40,authority_boundary_v5,5,120,0.300000,0.266667,0.333866,0.710342,0.341656,0.459332,0.601139,0.380131,0.280843,0.504797,0.069377,-0.218989
contact_mode,0.40,authority_boundary_v5,6,120,0.300000,0.166667,0.334640,0.707488,0.337804,0.457203,0.606058,0.380625,0.281653,0.503846,0.069750,-0.155281
contact_mode,0.40,authority_boundary_v5,7,120,0.291667,0.233333,0.334758,0.710054,0.340598,0.456605,0.604977,0.380448,0.283324,0.501534,0.069611,-0.206037
contact_mode,0.40,authority_boundary_v5,8,120,0.316667,0.275000,0.334743,0.708365,0.340428,0.454897,0.603941,0.378708,0.280970,0.504514,0.069450,-0.206138
contact_mode,0.40,authority_boundary_v5,9,120,0.300000,0.208333,0.333762,0.708234,0.340473,0.455898,0.605167,0.380720,0.281691,0.508531,0.070189,-0.181425
contact_mode,0.40,bayesian_authority_allocation,0,120,0.341667,0.266667,0.352735,0.732148,0.373315,0.447564,0.525617,0.372357,0.282000,0.463950,0.069753,-0.196190
contact_mode,0.40,bayesian_authority_allocation,1,120,0.250000,0.216667,0.355014,0.729405,0.373775,0.448437,0.523972,0.372661,0.281341,0.463719,0.070681,-0.257109
contact_mode,0.40,bayesian_authority_allocation,2,120,0.191667,0.225000,0.354026,0.732727,0.376974,0.449409,0.525654,0.374061,0.282304,0.466033,0.069876,-0.321793
contact_mode,0.40,bayesian_authority_allocation,3,120,0.308333,0.191667,0.356488,0.734432,0.377372,0.450917,0.522066,0.374753,0.284389,0.463577,0.069571,-0.186085
contact_mode,0.40,bayesian_authority_allocation,4,120,0.291667,0.250000,0.356352,0.733768,0.379240,0.447702,0.524900,0.372284,0.283645,0.463588,0.069740,-0.238165
contact_mode,0.40,bayesian_authority_allocation,5,120,0.291667,0.250000,0.355851,0.731580,0.378114,0.445991,0.525826,0.372118,0.281244,0.462840,0.070087,-0.237038
contact_mode,0.40,bayesian_authority_allocation,6,120,0.333333,0.291667,0.354480,0.733985,0.375068,0.447782,0.525661,0.372088,0.281207,0.462567,0.069071,-0.221177
contact_mode,0.40,bayesian_authority_allocation,7,120,0.300000,0.275000,0.355117,0.730937,0.375861,0.444677,0.523748,0.372934,0.283822,0.463906,0.070772,-0.243597
contact_mode,0.40,bayesian_authority_allocation,8,120,0.291667,0.250000,0.355884,0.730097,0.377916,0.445236,0.524485,0.372693,0.280216,0.467789,0.069929,-0.236733
contact_mode,0.40,bayesian_authority_allocation,9,120,0.250000,0.225000,0.353900,0.733672,0.377557,0.446355,0.523693,0.374941,0.282009,0.464283,0.069994,-0.263627
contact_mode,0.40,cbf_safety_filter,0,120,0.350000,0.166667,0.284080,0.325201,0.329822,0.376871,0.640485,0.225831,0.273086,0.534624,0.115075,0.028258
contact_mode,0.40,cbf_safety_filter,1,120,0.483333,0.208333,0.285047,0.328433,0.328288,0.376156,0.642110,0.225311,0.271851,0.534362,0.115054,0.135254
contact_mode,0.40,cbf_safety_filter,2,120,0.475000,0.166667,0.283602,0.325762,0.329068,0.378466,0.639987,0.227490,0.270523,0.532935,0.115966,0.152966
contact_mode,0.40,cbf_safety_filter,3,120,0.450000,0.183333,0.285476,0.326965,0.330693,0.380352,0.642637,0.226067,0.274946,0.532792,0.115139,0.116744
contact_mode,0.40,cbf_safety_filter,4,120,0.375000,0.191667,0.286309,0.328174,0.332504,0.382219,0.639856,0.226983,0.274294,0.533731,0.116543,0.035251
contact_mode,0.40,cbf_safety_filter,5,120,0.408333,0.133333,0.284168,0.326406,0.329709,0.378814,0.640820,0.228977,0.271815,0.532607,0.115077,0.106444
contact_mode,0.40,cbf_safety_filter,6,120,0.341667,0.150000,0.284719,0.326233,0.327724,0.378700,0.641282,0.224538,0.271136,0.532160,0.115004,0.030160
contact_mode,0.40,cbf_safety_filter,7,120,0.391667,0.175000,0.285097,0.327737,0.328398,0.378068,0.642832,0.227288,0.273378,0.534799,0.115762,0.064021
contact_mode,0.40,cbf_safety_filter,8,120,0.391667,0.275000,0.286282,0.325368,0.328722,0.375467,0.640726,0.225252,0.270031,0.532209,0.115306,0.002589
contact_mode,0.40,cbf_safety_filter,9,120,0.441667,0.133333,0.283097,0.329468,0.328885,0.377596,0.641473,0.226136,0.271374,0.535410,0.114762,0.139925
contact_mode,0.40,confidence_threshold_shared_control,0,120,0.083333,0.366667,0.463840,0.881098,0.428891,0.509750,0.330728,0.381353,0.341572,0.345764,0.063799,-0.612893
contact_mode,0.40,confidence_threshold_shared_control,1,120,0.116667,0.366667,0.461486,0.883209,0.427475,0.506844,0.326686,0.380501,0.341541,0.344130,0.063648,-0.579141
contact_mode,0.40,confidence_threshold_shared_control,2,120,0.108333,0.283333,0.461868,0.882503,0.431228,0.506714,0.331405,0.380231,0.340679,0.346268,0.063773,-0.535914
contact_mode,0.40,confidence_threshold_shared_control,3,120,0.183333,0.241667,0.462666,0.886152,0.430928,0.511415,0.330215,0.381526,0.344446,0.342206,0.063610,-0.436897
contact_mode,0.40,confidence_threshold_shared_control,4,120,0.108333,0.350000,0.463352,0.884122,0.433064,0.507822,0.329836,0.380847,0.343557,0.344479,0.064056,-0.578620
contact_mode,0.40,confidence_threshold_shared_control,5,120,0.116667,0.300000,0.462879,0.884344,0.430680,0.505995,0.331633,0.380655,0.340982,0.343650,0.063877,-0.538459
contact_mode,0.40,confidence_threshold_shared_control,6,120,0.083333,0.308333,0.460808,0.880583,0.428217,0.507879,0.329598,0.378346,0.342069,0.342449,0.064010,-0.575302
contact_mode,0.40,confidence_threshold_shared_control,7,120,0.125000,0.391667,0.462003,0.882036,0.428244,0.505693,0.332072,0.380507,0.342538,0.344454,0.064018,-0.585710
contact_mode,0.40,confidence_threshold_shared_control,8,120,0.083333,0.300000,0.462122,0.882575,0.429387,0.507425,0.330735,0.379977,0.340859,0.342930,0.063336,-0.571147
contact_mode,0.40,confidence_threshold_shared_control,9,120,0.100000,0.400000,0.462850,0.881868,0.430452,0.504894,0.329815,0.381963,0.342876,0.345047,0.063907,-0.616631
contact_mode,0.40,mpc_risk_arbitration,0,120,0.416667,0.208333,0.263270,0.371956,0.312020,0.388093,0.710095,0.295673,0.252844,0.564567,0.128286,0.063159
contact_mode,0.40,mpc_risk_arbitration,1,120,0.383333,0.266667,0.261652,0.372274,0.313250,0.387656,0.707206,0.294815,0.251075,0.566923,0.129188,-0.006303
contact_mode,0.40,mpc_risk_arbitration,2,120,0.466667,0.241667,0.263788,0.371602,0.313073,0.389072,0.708035,0.295257,0.252257,0.566418,0.127883,0.092038
contact_mode,0.40,mpc_risk_arbitration,3,120,0.400000,0.175000,0.266409,0.371744,0.315207,0.392434,0.709407,0.294061,0.253767,0.564044,0.128609,0.065500
contact_mode,0.40,mpc_risk_arbitration,4,120,0.375000,0.275000,0.264469,0.375483,0.314407,0.388025,0.708708,0.294687,0.252325,0.561381,0.128573,-0.021373
contact_mode,0.40,mpc_risk_arbitration,5,120,0.416667,0.166667,0.263329,0.374599,0.314622,0.388518,0.708749,0.295223,0.253662,0.564331,0.127927,0.087813
contact_mode,0.40,mpc_risk_arbitration,6,120,0.350000,0.175000,0.265786,0.371076,0.312909,0.389362,0.709358,0.292955,0.252190,0.564689,0.128739,0.016660
contact_mode,0.40,mpc_risk_arbitration,7,120,0.383333,0.233333,0.263799,0.373406,0.312027,0.385043,0.710049,0.296415,0.251594,0.563801,0.129313,0.014132
contact_mode,0.40,mpc_risk_arbitration,8,120,0.400000,0.200000,0.264281,0.372034,0.312478,0.388470,0.713318,0.294235,0.250502,0.565617,0.127798,0.051670
contact_mode,0.40,mpc_risk_arbitration,9,120,0.425000,0.200000,0.264026,0.375174,0.313588,0.389712,0.709908,0.294638,0.252475,0.563042,0.128776,0.075341
contact_mode,0.40,pomdp_handoff_policy,0,120,0.325000,0.233333,0.300515,0.553469,0.337283,0.424909,0.640295,0.352261,0.262835,0.521955,0.101988,-0.116585
contact_mode,0.40,pomdp_handoff_policy,1,120,0.383333,0.250000,0.300262,0.557006,0.336202,0.426904,0.638476,0.354072,0.261259,0.523358,0.101141,-0.069763
contact_mode,0.40,pomdp_handoff_policy,2,120,0.266667,0.116667,0.301819,0.556207,0.338787,0.429343,0.638000,0.356470,0.260450,0.522030,0.101293,-0.104945
contact_mode,0.40,pomdp_handoff_policy,3,120,0.400000,0.283333,0.300467,0.557865,0.339857,0.430097,0.636366,0.354387,0.265048,0.523136,0.101323,-0.075189
contact_mode,0.40,pomdp_handoff_policy,4,120,0.316667,0.208333,0.302904,0.557731,0.341818,0.427547,0.635673,0.354825,0.262861,0.522398,0.101356,-0.112707
contact_mode,0.40,pomdp_handoff_policy,5,120,0.325000,0.183333,0.300877,0.557842,0.338576,0.427502,0.637927,0.357258,0.263747,0.525889,0.101104,-0.087932
contact_mode,0.40,pomdp_handoff_policy,6,120,0.333333,0.216667,0.301596,0.553589,0.335356,0.429729,0.639037,0.355281,0.261321,0.524165,0.101615,-0.098890
contact_mode,0.40,pomdp_handoff_policy,7,120,0.316667,0.208333,0.301759,0.555769,0.337620,0.424314,0.638147,0.354737,0.262537,0.524972,0.100824,-0.110683
contact_mode,0.40,pomdp_handoff_policy,8,120,0.350000,0.191667,0.300107,0.555610,0.339765,0.426958,0.638187,0.354482,0.260700,0.526527,0.100691,-0.067197
contact_mode,0.40,pomdp_handoff_policy,9,120,0.366667,0.175000,0.301397,0.558042,0.338753,0.429270,0.640027,0.354911,0.262943,0.524413,0.100657,-0.041115
contact_mode,0.40,recovery_aware_mpc,0,120,0.333333,0.225000,0.277108,0.415738,0.308366,0.398506,0.759806,0.342375,0.261888,0.555297,0.127259,-0.045833
contact_mode,0.40,recovery_aware_mpc,1,120,0.416667,0.225000,0.279611,0.419368,0.306672,0.400098,0.760452,0.341917,0.262476,0.554495,0.126054,0.036181
contact_mode,0.40,recovery_aware_mpc,2,120,0.416667,0.258333,0.280619,0.417238,0.310111,0.399505,0.759119,0.342451,0.259250,0.555836,0.125748,0.015134
contact_mode,0.40,recovery_aware_mpc,3,120,0.425000,0.200000,0.278800,0.422487,0.310380,0.401772,0.757032,0.341950,0.262988,0.552258,0.125492,0.058397
contact_mode,0.40,recovery_aware_mpc,4,120,0.433333,0.191667,0.280275,0.423775,0.312901,0.398697,0.757569,0.343783,0.263414,0.555302,0.125326,0.071045
contact_mode,0.40,recovery_aware_mpc,5,120,0.441667,0.191667,0.278845,0.420891,0.312945,0.399293,0.757102,0.342629,0.263654,0.554885,0.125240,0.080427
contact_mode,0.40,recovery_aware_mpc,6,120,0.450000,0.225000,0.278769,0.423130,0.306725,0.396531,0.758940,0.340627,0.263810,0.554406,0.124771,0.069249
contact_mode,0.40,recovery_aware_mpc,7,120,0.475000,0.225000,0.275857,0.420484,0.309741,0.395621,0.760164,0.342997,0.260550,0.554820,0.125289,0.095100
contact_mode,0.40,recovery_aware_mpc,8,120,0.525000,0.241667,0.278267,0.419191,0.308860,0.400362,0.758670,0.341713,0.260746,0.555842,0.125773,0.134055
contact_mode,0.40,recovery_aware_mpc,9,120,0.416667,0.233333,0.277713,0.417322,0.310529,0.395901,0.757234,0.340959,0.262147,0.553712,0.125475,0.031705
contact_mode,0.60,authority_boundary_v5,0,120,0.341667,0.225000,0.336992,0.709906,0.342347,0.456507,0.601872,0.378508,0.282921,0.507173,0.070997,-0.151716
contact_mode,0.60,authority_boundary_v5,1,120,0.333333,0.283333,0.337072,0.712348,0.343421,0.459157,0.600518,0.381600,0.283913,0.501988,0.070096,-0.197729
contact_mode,0.60,authority_boundary_v5,2,120,0.341667,0.300000,0.336527,0.709300,0.341750,0.455893,0.601931,0.381536,0.283478,0.505949,0.071046,-0.198083
contact_mode,0.60,authority_boundary_v5,3,120,0.291667,0.233333,0.335857,0.708610,0.338018,0.456564,0.602678,0.379196,0.281802,0.505299,0.071163,-0.205607
contact_mode,0.60,authority_boundary_v5,4,120,0.275000,0.250000,0.336793,0.709490,0.341166,0.458766,0.600662,0.379293,0.280905,0.504421,0.070992,-0.233991
contact_mode,0.60,authority_boundary_v5,5,120,0.266667,0.241667,0.337110,0.710808,0.342173,0.455229,0.601959,0.380754,0.283985,0.502954,0.070611,-0.237332
contact_mode,0.60,authority_boundary_v5,6,120,0.341667,0.250000,0.338258,0.710432,0.342729,0.457138,0.601722,0.380249,0.283181,0.502301,0.070896,-0.167982
contact_mode,0.60,authority_boundary_v5,7,120,0.358333,0.250000,0.335027,0.705234,0.341001,0.454460,0.600332,0.378910,0.283370,0.503140,0.071949,-0.148639
contact_mode,0.60,authority_boundary_v5,8,120,0.250000,0.283333,0.337333,0.707979,0.339120,0.459874,0.601017,0.381098,0.283876,0.503121,0.071121,-0.279388
contact_mode,0.60,authority_boundary_v5,9,120,0.266667,0.325000,0.338531,0.709980,0.342771,0.456319,0.602793,0.379844,0.281748,0.503949,0.070850,-0.289224
contact_mode,0.60,bayesian_authority_allocation,0,120,0.225000,0.250000,0.355724,0.734247,0.377608,0.445782,0.522656,0.373021,0.281453,0.464884,0.070816,-0.304551
contact_mode,0.60,bayesian_authority_allocation,1,120,0.266667,0.283333,0.359419,0.734437,0.379710,0.447899,0.520878,0.374707,0.282596,0.462613,0.071333,-0.285421
contact_mode,0.60,bayesian_authority_allocation,2,120,0.283333,0.316667,0.358202,0.735211,0.379174,0.444776,0.521875,0.373677,0.283640,0.461141,0.070812,-0.288660
contact_mode,0.60,bayesian_authority_allocation,3,120,0.275000,0.266667,0.355526,0.732557,0.373464,0.446313,0.521753,0.371948,0.281480,0.462376,0.072043,-0.263795
contact_mode,0.60,bayesian_authority_allocation,4,120,0.258333,0.216667,0.357267,0.731422,0.376990,0.448216,0.522241,0.373381,0.283262,0.464885,0.072049,-0.250521
contact_mode,0.60,bayesian_authority_allocation,5,120,0.233333,0.283333,0.357917,0.735106,0.378412,0.448333,0.521422,0.374320,0.283518,0.460552,0.070702,-0.318302
contact_mode,0.60,bayesian_authority_allocation,6,120,0.275000,0.316667,0.358217,0.733676,0.378056,0.448505,0.520462,0.373866,0.283849,0.463020,0.071484,-0.297029
contact_mode,0.60,bayesian_authority_allocation,7,120,0.225000,0.241667,0.355472,0.735667,0.374377,0.444923,0.523422,0.373062,0.282492,0.466602,0.071179,-0.298985
contact_mode,0.60,bayesian_authority_allocation,8,120,0.341667,0.300000,0.358788,0.735924,0.376894,0.450059,0.522649,0.374640,0.283387,0.462373,0.071074,-0.220614
contact_mode,0.60,bayesian_authority_allocation,9,120,0.275000,0.316667,0.355462,0.732012,0.378097,0.447369,0.519354,0.373646,0.280353,0.462103,0.071877,-0.295878
contact_mode,0.60,cbf_safety_filter,0,120,0.441667,0.166667,0.287282,0.329677,0.330303,0.373860,0.639173,0.225728,0.272134,0.533474,0.116858,0.118240
contact_mode,0.60,cbf_safety_filter,1,120,0.366667,0.166667,0.288986,0.329382,0.331707,0.380623,0.638525,0.226789,0.270905,0.533795,0.116721,0.041691
contact_mode,0.60,cbf_safety_filter,2,120,0.450000,0.216667,0.285950,0.327091,0.331449,0.374285,0.640221,0.226561,0.274168,0.534584,0.117342,0.096293
contact_mode,0.60,cbf_safety_filter,3,120,0.366667,0.133333,0.286814,0.328618,0.327713,0.376482,0.639537,0.226287,0.271983,0.534126,0.116541,0.064351
contact_mode,0.60,cbf_safety_filter,4,120,0.375000,0.208333,0.288293,0.329197,0.328506,0.377060,0.640374,0.228040,0.271447,0.530612,0.117571,0.025371
contact_mode,0.60,cbf_safety_filter,5,120,0.425000,0.216667,0.288673,0.329099,0.330747,0.380743,0.637190,0.226694,0.274546,0.534773,0.118235,0.069212
contact_mode,0.60,cbf_safety_filter,6,120,0.416667,0.150000,0.287941,0.328176,0.331134,0.377061,0.639503,0.226047,0.272848,0.533026,0.117551,0.103246
contact_mode,0.60,cbf_safety_filter,7,120,0.425000,0.208333,0.285059,0.325785,0.328653,0.376720,0.639153,0.225962,0.270749,0.533534,0.117599,0.077125
contact_mode,0.60,cbf_safety_filter,8,120,0.316667,0.075000,0.287254,0.329088,0.327438,0.379160,0.638849,0.227384,0.274410,0.532713,0.117080,0.049852
contact_mode,0.60,cbf_safety_filter,9,120,0.333333,0.258333,0.290152,0.327553,0.329951,0.379206,0.636679,0.224769,0.271952,0.532716,0.117654,-0.047823
contact_mode,0.60,confidence_threshold_shared_control,0,120,0.091667,0.350000,0.467440,0.886006,0.430138,0.507682,0.326878,0.381486,0.342684,0.342723,0.064789,-0.596577
contact_mode,0.60,confidence_threshold_shared_control,1,120,0.125000,0.291667,0.465653,0.885890,0.433085,0.509176,0.329318,0.381478,0.342321,0.344324,0.065059,-0.527057
contact_mode,0.60,confidence_threshold_shared_control,2,120,0.091667,0.266667,0.464201,0.885250,0.431799,0.504808,0.329908,0.380265,0.342621,0.344358,0.064876,-0.543476
contact_mode,0.60,confidence_threshold_shared_control,3,120,0.075000,0.341667,0.465292,0.882007,0.428684,0.507832,0.330045,0.378651,0.343188,0.343186,0.065192,-0.605829
contact_mode,0.60,confidence_threshold_shared_control,4,120,0.100000,0.391667,0.466138,0.882342,0.431169,0.506108,0.326810,0.380949,0.342704,0.343686,0.065340,-0.612800
contact_mode,0.60,confidence_threshold_shared_control,5,120,0.108333,0.283333,0.466164,0.884703,0.433010,0.509434,0.327855,0.383012,0.343125,0.343895,0.065008,-0.538690
contact_mode,0.60,confidence_threshold_shared_control,6,120,0.133333,0.358333,0.465944,0.884909,0.432096,0.508367,0.327461,0.380955,0.343137,0.343318,0.065756,-0.559736
contact_mode,0.60,confidence_threshold_shared_control,7,120,0.108333,0.275000,0.464628,0.884059,0.428550,0.509501,0.329537,0.381815,0.340736,0.346717,0.064957,-0.532024
contact_mode,0.60,confidence_threshold_shared_control,8,120,0.133333,0.383333,0.466377,0.882512,0.429105,0.512490,0.329335,0.380656,0.342872,0.344301,0.065427,-0.574605
contact_mode,0.60,confidence_threshold_shared_control,9,120,0.116667,0.341667,0.465612,0.882217,0.431563,0.508586,0.328802,0.379674,0.341920,0.342346,0.065372,-0.565045
contact_mode,0.60,mpc_risk_arbitration,0,120,0.400000,0.225000,0.266495,0.374979,0.314288,0.388115,0.707940,0.294603,0.251465,0.565151,0.130018,0.034196
contact_mode,0.60,mpc_risk_arbitration,1,120,0.408333,0.200000,0.266964,0.375567,0.315558,0.388745,0.706847,0.296021,0.251089,0.560293,0.131365,0.057263
contact_mode,0.60,mpc_risk_arbitration,2,120,0.433333,0.216667,0.265619,0.375575,0.314642,0.387723,0.707494,0.295523,0.253005,0.562127,0.130920,0.072635
contact_mode,0.60,mpc_risk_arbitration,3,120,0.425000,0.216667,0.265949,0.372593,0.310983,0.389351,0.706055,0.293643,0.252637,0.562940,0.131656,0.065398
contact_mode,0.60,mpc_risk_arbitration,4,120,0.383333,0.166667,0.265213,0.372141,0.313384,0.388762,0.708332,0.293677,0.252322,0.562345,0.131425,0.054889
contact_mode,0.60,mpc_risk_arbitration,5,120,0.333333,0.225000,0.266227,0.376966,0.314054,0.387388,0.708240,0.295036,0.253458,0.562810,0.131224,-0.032775
contact_mode,0.60,mpc_risk_arbitration,6,120,0.375000,0.233333,0.264410,0.377289,0.315405,0.388111,0.706633,0.296607,0.253965,0.563264,0.131208,0.003513
contact_mode,0.60,mpc_risk_arbitration,7,120,0.350000,0.183333,0.267059,0.371671,0.314173,0.383732,0.709053,0.293542,0.253663,0.562832,0.131899,0.011422
contact_mode,0.60,mpc_risk_arbitration,8,120,0.375000,0.175000,0.266402,0.371731,0.312851,0.389302,0.707669,0.294025,0.253119,0.562185,0.131971,0.041123
contact_mode,0.60,mpc_risk_arbitration,9,120,0.383333,0.183333,0.266303,0.376357,0.314689,0.389130,0.707186,0.294334,0.253019,0.563677,0.130577,0.042861
contact_mode,0.60,pomdp_handoff_policy,0,120,0.350000,0.250000,0.304680,0.558633,0.340289,0.426525,0.635981,0.355540,0.262057,0.523551,0.102005,-0.105547
contact_mode,0.60,pomdp_handoff_policy,1,120,0.391667,0.275000,0.306991,0.557692,0.340630,0.430382,0.637289,0.355897,0.261651,0.523175,0.103906,-0.080180
contact_mode,0.60,pomdp_handoff_policy,2,120,0.383333,0.283333,0.304850,0.556568,0.340422,0.427880,0.635072,0.355855,0.263604,0.520146,0.102814,-0.092715
contact_mode,0.60,pomdp_handoff_policy,3,120,0.375000,0.233333,0.303889,0.556085,0.336830,0.428091,0.636877,0.353831,0.262041,0.523076,0.104319,-0.068796
contact_mode,0.60,pomdp_handoff_policy,4,120,0.358333,0.225000,0.303687,0.559789,0.340343,0.429536,0.633926,0.355808,0.261709,0.523855,0.102489,-0.082304
contact_mode,0.60,pomdp_handoff_policy,5,120,0.291667,0.275000,0.302630,0.557615,0.339997,0.428127,0.636331,0.355013,0.263824,0.521024,0.103020,-0.178688
contact_mode,0.60,pomdp_handoff_policy,6,120,0.383333,0.183333,0.305518,0.559946,0.340499,0.429205,0.637250,0.354493,0.262113,0.521945,0.102470,-0.031554
contact_mode,0.60,pomdp_handoff_policy,7,120,0.300000,0.225000,0.304178,0.554927,0.338379,0.423876,0.635014,0.354872,0.260500,0.524833,0.103760,-0.138419
contact_mode,0.60,pomdp_handoff_policy,8,120,0.325000,0.275000,0.304806,0.555382,0.338650,0.431268,0.635783,0.354322,0.262193,0.522971,0.103452,-0.145499
contact_mode,0.60,pomdp_handoff_policy,9,120,0.300000,0.200000,0.304006,0.555583,0.340251,0.427254,0.635327,0.353169,0.260969,0.522734,0.103764,-0.123543
contact_mode,0.60,recovery_aware_mpc,0,120,0.458333,0.133333,0.279715,0.424139,0.310032,0.399580,0.756693,0.344690,0.260411,0.553116,0.126647,0.132456
contact_mode,0.60,recovery_aware_mpc,1,120,0.450000,0.233333,0.279932,0.423543,0.313075,0.399883,0.757035,0.343949,0.261603,0.552110,0.128140,0.061790
contact_mode,0.60,recovery_aware_mpc,2,120,0.375000,0.233333,0.280155,0.420715,0.312395,0.397306,0.755313,0.342718,0.261564,0.554677,0.128106,-0.012184
contact_mode,0.60,recovery_aware_mpc,3,120,0.491667,0.233333,0.279396,0.421327,0.309137,0.398339,0.755655,0.342509,0.261347,0.552621,0.127892,0.104972
contact_mode,0.60,recovery_aware_mpc,4,120,0.400000,0.225000,0.280997,0.422172,0.310731,0.400326,0.755970,0.342046,0.263623,0.554861,0.127464,0.017446
contact_mode,0.60,recovery_aware_mpc,5,120,0.450000,0.216667,0.280465,0.419945,0.311265,0.395465,0.754803,0.342841,0.261803,0.552132,0.127664,0.073606
contact_mode,0.60,recovery_aware_mpc,6,120,0.441667,0.225000,0.281127,0.422893,0.309516,0.400192,0.757285,0.344005,0.261215,0.553474,0.127244,0.059027
contact_mode,0.60,recovery_aware_mpc,7,120,0.441667,0.241667,0.282042,0.421575,0.309194,0.397073,0.755977,0.342726,0.260922,0.555515,0.128733,0.049230
contact_mode,0.60,recovery_aware_mpc,8,120,0.425000,0.316667,0.281583,0.421761,0.310518,0.399417,0.757032,0.343344,0.264322,0.551105,0.128024,-0.014337
contact_mode,0.60,recovery_aware_mpc,9,120,0.433333,0.216667,0.282536,0.423263,0.311477,0.398072,0.754865,0.344071,0.263217,0.551886,0.128990,0.055160
contact_mode,0.80,authority_boundary_v5,0,120,0.341667,0.325000,0.339445,0.709050,0.342789,0.458772,0.598558,0.378602,0.281945,0.504340,0.073335,-0.214741
contact_mode,0.80,authority_boundary_v5,1,120,0.308333,0.300000,0.340728,0.711400,0.342601,0.458078,0.599358,0.380310,0.282110,0.505478,0.072803,-0.233453
contact_mode,0.80,authority_boundary_v5,2,120,0.325000,0.258333,0.339308,0.708759,0.341368,0.454957,0.598650,0.380247,0.284122,0.505703,0.073219,-0.189442
contact_mode,0.80,authority_boundary_v5,3,120,0.316667,0.291667,0.339426,0.708138,0.341250,0.457780,0.599091,0.381342,0.281731,0.505292,0.073318,-0.218717
contact_mode,0.80,authority_boundary_v5,4,120,0.358333,0.266667,0.338211,0.710918,0.338213,0.454672,0.602500,0.381129,0.283331,0.505708,0.072897,-0.160761
contact_mode,0.80,authority_boundary_v5,5,120,0.291667,0.241667,0.339419,0.708667,0.339929,0.458133,0.597763,0.381190,0.282146,0.502914,0.073756,-0.212764
contact_mode,0.80,authority_boundary_v5,6,120,0.325000,0.233333,0.337522,0.708809,0.339862,0.457690,0.601581,0.380117,0.281976,0.501594,0.073493,-0.173347
contact_mode,0.80,authority_boundary_v5,7,120,0.316667,0.166667,0.341553,0.709928,0.343734,0.460187,0.600823,0.381810,0.283591,0.502362,0.073390,-0.142773
contact_mode,0.80,authority_boundary_v5,8,120,0.283333,0.241667,0.338844,0.709181,0.342226,0.456263,0.599278,0.378609,0.282030,0.502627,0.074097,-0.220841
contact_mode,0.80,authority_boundary_v5,9,120,0.291667,0.191667,0.340113,0.711814,0.343166,0.456750,0.597681,0.380422,0.281351,0.504874,0.072783,-0.182975
contact_mode,0.80,bayesian_authority_allocation,0,120,0.300000,0.275000,0.360567,0.731950,0.377826,0.450029,0.519335,0.372683,0.285454,0.464986,0.074304,-0.246487
contact_mode,0.80,bayesian_authority_allocation,1,120,0.216667,0.275000,0.361216,0.732752,0.375591,0.449530,0.520942,0.374307,0.281568,0.465244,0.074285,-0.329791
contact_mode,0.80,bayesian_authority_allocation,2,120,0.141667,0.266667,0.359678,0.733957,0.376110,0.448141,0.518691,0.373896,0.280189,0.466615,0.073520,-0.399585
contact_mode,0.80,bayesian_authority_allocation,3,120,0.175000,0.291667,0.360217,0.733074,0.376680,0.446723,0.521348,0.375550,0.281799,0.463555,0.073398,-0.381548
contact_mode,0.80,bayesian_authority_allocation,4,120,0.216667,0.283333,0.361983,0.733803,0.376077,0.446340,0.521050,0.374448,0.280323,0.465675,0.074228,-0.335102
contact_mode,0.80,bayesian_authority_allocation,5,120,0.283333,0.191667,0.360427,0.733841,0.375838,0.445169,0.520224,0.374323,0.283038,0.462353,0.073937,-0.211097
contact_mode,0.80,bayesian_authority_allocation,6,120,0.250000,0.191667,0.359182,0.733113,0.373377,0.450320,0.517953,0.374030,0.282420,0.461518,0.073980,-0.244322
contact_mode,0.80,bayesian_authority_allocation,7,120,0.241667,0.283333,0.362480,0.738072,0.379780,0.448935,0.518864,0.374683,0.283547,0.461524,0.072401,-0.312353
contact_mode,0.80,bayesian_authority_allocation,8,120,0.266667,0.275000,0.361527,0.733485,0.375754,0.451362,0.519322,0.372224,0.282814,0.465960,0.074024,-0.280212
contact_mode,0.80,bayesian_authority_allocation,9,120,0.275000,0.258333,0.363596,0.732557,0.376712,0.445354,0.521118,0.374463,0.281876,0.464451,0.074277,-0.261353
contact_mode,0.80,cbf_safety_filter,0,120,0.316667,0.166667,0.291761,0.327447,0.329435,0.375136,0.638219,0.225956,0.272408,0.532939,0.120628,-0.007458
contact_mode,0.80,cbf_safety_filter,1,120,0.350000,0.175000,0.289183,0.325589,0.329405,0.380256,0.636567,0.226384,0.273290,0.534959,0.120718,0.021014
contact_mode,0.80,cbf_safety_filter,2,120,0.383333,0.158333,0.288312,0.328189,0.330240,0.375206,0.637956,0.225548,0.271281,0.536792,0.120720,0.064942
contact_mode,0.80,cbf_safety_filter,3,120,0.366667,0.225000,0.287990,0.327279,0.330351,0.378336,0.638434,0.227684,0.272036,0.534616,0.121096,0.006672
contact_mode,0.80,cbf_safety_filter,4,120,0.425000,0.216667,0.289905,0.325037,0.328308,0.379040,0.635220,0.226967,0.272354,0.535911,0.121633,0.070288
contact_mode,0.80,cbf_safety_filter,5,120,0.350000,0.175000,0.289257,0.328180,0.328867,0.376827,0.638362,0.227164,0.272769,0.531549,0.120714,0.020937
contact_mode,0.80,cbf_safety_filter,6,120,0.391667,0.200000,0.289568,0.325290,0.329507,0.378760,0.638105,0.225715,0.272561,0.534343,0.121354,0.047510
contact_mode,0.80,cbf_safety_filter,7,120,0.425000,0.116667,0.290019,0.330809,0.332636,0.377184,0.635373,0.227633,0.271449,0.532211,0.121099,0.130350
contact_mode,0.80,cbf_safety_filter,8,120,0.416667,0.166667,0.290196,0.330449,0.329059,0.380190,0.635802,0.225120,0.273478,0.534646,0.120512,0.091556
contact_mode,0.80,cbf_safety_filter,9,120,0.433333,0.183333,0.289448,0.328035,0.330781,0.374960,0.636360,0.226654,0.272258,0.533472,0.121846,0.098900
contact_mode,0.80,confidence_threshold_shared_control,0,120,0.091667,0.283333,0.469799,0.884781,0.433123,0.508598,0.323748,0.380848,0.343190,0.342463,0.067271,-0.556313
contact_mode,0.80,confidence_threshold_shared_control,1,120,0.066667,0.275000,0.468031,0.885680,0.429910,0.509565,0.325460,0.381231,0.341863,0.344379,0.067328,-0.575424
contact_mode,0.80,confidence_threshold_shared_control,2,120,0.083333,0.375000,0.469552,0.883918,0.431898,0.505371,0.325678,0.379668,0.341363,0.345966,0.067219,-0.620356
contact_mode,0.80,confidence_threshold_shared_control,3,120,0.108333,0.258333,0.468916,0.880815,0.431202,0.509944,0.324370,0.381174,0.340665,0.343825,0.067304,-0.522811
contact_mode,0.80,confidence_threshold_shared_control,4,120,0.083333,0.358333,0.468315,0.881312,0.430037,0.505314,0.325302,0.379145,0.341862,0.346613,0.067534,-0.608761
contact_mode,0.80,confidence_threshold_shared_control,5,120,0.175000,0.500000,0.468570,0.882535,0.429267,0.505952,0.325767,0.380962,0.344723,0.344484,0.067921,-0.605382
contact_mode,0.80,confidence_threshold_shared_control,6,120,0.091667,0.375000,0.467003,0.881160,0.427565,0.507775,0.330122,0.379104,0.343510,0.340771,0.067627,-0.609907
contact_mode,0.80,confidence_threshold_shared_control,7,120,0.125000,0.350000,0.469687,0.886532,0.433028,0.509527,0.322505,0.382745,0.343199,0.343888,0.067300,-0.565091
contact_mode,0.80,confidence_threshold_shared_control,8,120,0.166667,0.308333,0.467809,0.882653,0.432681,0.509207,0.326194,0.380388,0.342343,0.343814,0.067513,-0.495566
contact_mode,0.80,confidence_threshold_shared_control,9,120,0.050000,0.366667,0.469733,0.881552,0.431177,0.507129,0.325141,0.380209,0.340947,0.343874,0.067452,-0.648192
contact_mode,0.80,mpc_risk_arbitration,0,120,0.408333,0.216667,0.267409,0.373444,0.315775,0.389605,0.706230,0.293515,0.252691,0.565171,0.134625,0.047391
contact_mode,0.80,mpc_risk_arbitration,1,120,0.408333,0.241667,0.270983,0.371698,0.313154,0.388946,0.705665,0.294741,0.251178,0.563707,0.136781,0.031748
contact_mode,0.80,mpc_risk_arbitration,2,120,0.375000,0.200000,0.269288,0.375731,0.313672,0.386760,0.705677,0.294505,0.251173,0.563782,0.133283,0.023907
contact_mode,0.80,mpc_risk_arbitration,3,120,0.425000,0.200000,0.268876,0.372737,0.313996,0.388582,0.705961,0.293753,0.252230,0.564581,0.135752,0.074556
contact_mode,0.80,mpc_risk_arbitration,4,120,0.450000,0.191667,0.270181,0.370812,0.312621,0.389270,0.703688,0.293484,0.249934,0.564705,0.137112,0.104841
contact_mode,0.80,mpc_risk_arbitration,5,120,0.341667,0.225000,0.268375,0.371930,0.314062,0.387482,0.709098,0.293268,0.253518,0.564733,0.135228,-0.023537
contact_mode,0.80,mpc_risk_arbitration,6,120,0.416667,0.241667,0.268326,0.375512,0.311813,0.387031,0.705587,0.293601,0.252181,0.561779,0.135056,0.040382
contact_mode,0.80,mpc_risk_arbitration,7,120,0.408333,0.225000,0.272040,0.377071,0.317065,0.389819,0.706120,0.295830,0.253936,0.562388,0.135560,0.039724
contact_mode,0.80,mpc_risk_arbitration,8,120,0.408333,0.216667,0.268475,0.374673,0.315503,0.389718,0.705282,0.294905,0.253202,0.562043,0.136217,0.046645
contact_mode,0.80,mpc_risk_arbitration,9,120,0.341667,0.200000,0.269607,0.375729,0.316201,0.385252,0.705525,0.295002,0.251423,0.562117,0.135302,-0.009791
contact_mode,0.80,pomdp_handoff_policy,0,120,0.350000,0.216667,0.307646,0.557127,0.340542,0.427981,0.631295,0.354840,0.263847,0.523309,0.107357,-0.085780
contact_mode,0.80,pomdp_handoff_policy,1,120,0.383333,0.308333,0.307911,0.556947,0.338991,0.429028,0.635338,0.356511,0.261259,0.523649,0.106947,-0.109025
contact_mode,0.80,pomdp_handoff_policy,2,120,0.366667,0.291667,0.305780,0.556555,0.337890,0.425290,0.635567,0.355630,0.261327,0.524394,0.105936,-0.113999
contact_mode,0.80,pomdp_handoff_policy,3,120,0.391667,0.216667,0.308276,0.555552,0.338120,0.427271,0.635187,0.353332,0.262567,0.523634,0.107036,-0.042958
contact_mode,0.80,pomdp_handoff_policy,4,120,0.341667,0.216667,0.305908,0.556322,0.335324,0.425949,0.634791,0.353768,0.261405,0.525419,0.106940,-0.092020
contact_mode,0.80,pomdp_handoff_policy,5,120,0.283333,0.241667,0.307942,0.554205,0.339651,0.429398,0.634558,0.355259,0.262380,0.524105,0.106846,-0.167128
contact_mode,0.80,pomdp_handoff_policy,6,120,0.375000,0.216667,0.307768,0.557029,0.335718,0.429490,0.635995,0.354714,0.263226,0.522925,0.106884,-0.059808
contact_mode,0.80,pomdp_handoff_policy,7,120,0.383333,0.241667,0.307059,0.556153,0.340188,0.428505,0.630649,0.353403,0.261303,0.522290,0.106225,-0.067481
contact_mode,0.80,pomdp_handoff_policy,8,120,0.333333,0.266667,0.305767,0.558995,0.339252,0.430430,0.636416,0.356979,0.261489,0.520921,0.106183,-0.133317
contact_mode,0.80,pomdp_handoff_policy,9,120,0.266667,0.200000,0.307100,0.558052,0.338860,0.427500,0.632197,0.355612,0.262558,0.521404,0.106686,-0.158544
contact_mode,0.80,recovery_aware_mpc,0,120,0.375000,0.241667,0.284232,0.418214,0.309629,0.400089,0.752234,0.342791,0.262170,0.554259,0.132877,-0.017914
contact_mode,0.80,recovery_aware_mpc,1,120,0.441667,0.250000,0.282784,0.419388,0.308653,0.398745,0.754116,0.342919,0.262312,0.554901,0.132791,0.044121
contact_mode,0.80,recovery_aware_mpc,2,120,0.366667,0.200000,0.281921,0.419632,0.311824,0.394370,0.754759,0.341110,0.261390,0.556370,0.131318,0.000528
contact_mode,0.80,recovery_aware_mpc,3,120,0.383333,0.250000,0.283889,0.421214,0.311572,0.396556,0.753483,0.342477,0.263178,0.552794,0.133065,-0.015137
contact_mode,0.80,recovery_aware_mpc,4,120,0.433333,0.225000,0.282865,0.420439,0.308913,0.398371,0.752997,0.342126,0.262257,0.553685,0.133119,0.051008
contact_mode,0.80,recovery_aware_mpc,5,120,0.366667,0.233333,0.283158,0.417269,0.309238,0.395659,0.755600,0.341709,0.261458,0.553147,0.132128,-0.019614
contact_mode,0.80,recovery_aware_mpc,6,120,0.441667,0.233333,0.281755,0.420153,0.308549,0.399159,0.755077,0.342414,0.263247,0.554857,0.133434,0.054623
contact_mode,0.80,recovery_aware_mpc,7,120,0.425000,0.333333,0.284409,0.422458,0.311286,0.400062,0.753657,0.342865,0.263753,0.553269,0.132840,-0.025966
contact_mode,0.80,recovery_aware_mpc,8,120,0.458333,0.150000,0.284921,0.420180,0.311414,0.398719,0.754412,0.342728,0.262067,0.554759,0.133311,0.121667
contact_mode,0.80,recovery_aware_mpc,9,120,0.425000,0.250000,0.282639,0.420576,0.311526,0.399061,0.754922,0.342864,0.261899,0.552308,0.132501,0.026778
contact_mode,1.00,authority_boundary_v5,0,120,0.316667,0.266667,0.344145,0.711499,0.342650,0.459841,0.599033,0.381974,0.281356,0.504586,0.074783,-0.205742
contact_mode,1.00,authority_boundary_v5,1,120,0.341667,0.291667,0.342770,0.712237,0.340529,0.458139,0.597621,0.379788,0.282881,0.504496,0.074490,-0.195426
contact_mode,1.00,authority_boundary_v5,2,120,0.366667,0.250000,0.343196,0.709717,0.340455,0.458082,0.599857,0.380116,0.281530,0.504887,0.075238,-0.143930
contact_mode,1.00,authority_boundary_v5,3,120,0.325000,0.208333,0.342942,0.708243,0.342315,0.457632,0.597038,0.380242,0.280826,0.504764,0.075444,-0.159828
contact_mode,1.00,authority_boundary_v5,4,120,0.308333,0.233333,0.341881,0.711614,0.340992,0.457803,0.598286,0.380227,0.285301,0.502850,0.074891,-0.192246
contact_mode,1.00,authority_boundary_v5,5,120,0.333333,0.258333,0.341189,0.707532,0.341872,0.456926,0.598691,0.379994,0.281660,0.504964,0.075375,-0.181573
contact_mode,1.00,authority_boundary_v5,6,120,0.241667,0.275000,0.342376,0.708806,0.344198,0.459874,0.597560,0.381285,0.282913,0.500388,0.075241,-0.285121
contact_mode,1.00,authority_boundary_v5,7,120,0.308333,0.241667,0.343708,0.710130,0.341630,0.462235,0.594856,0.381340,0.282572,0.502517,0.075235,-0.198533
contact_mode,1.00,authority_boundary_v5,8,120,0.316667,0.233333,0.340993,0.706712,0.341794,0.456718,0.595740,0.379243,0.282148,0.501975,0.075935,-0.182617
contact_mode,1.00,authority_boundary_v5,9,120,0.266667,0.225000,0.340631,0.708114,0.343281,0.455693,0.598524,0.381884,0.282307,0.503705,0.075024,-0.227853
contact_mode,1.00,bayesian_authority_allocation,0,120,0.258333,0.233333,0.364893,0.736006,0.377720,0.449626,0.516844,0.375658,0.279490,0.462495,0.075320,-0.264807
contact_mode,1.00,bayesian_authority_allocation,1,120,0.300000,0.358333,0.362420,0.731036,0.377353,0.447279,0.517577,0.373141,0.282100,0.463044,0.076437,-0.298178
contact_mode,1.00,bayesian_authority_allocation,2,120,0.275000,0.308333,0.361570,0.734505,0.374667,0.446575,0.515870,0.373364,0.280988,0.464378,0.075709,-0.292443
contact_mode,1.00,bayesian_authority_allocation,3,120,0.250000,0.316667,0.362458,0.732189,0.375513,0.446902,0.516935,0.374033,0.281345,0.461669,0.076017,-0.322432
contact_mode,1.00,bayesian_authority_allocation,4,120,0.241667,0.258333,0.361110,0.734852,0.377160,0.452222,0.515965,0.375021,0.281895,0.462368,0.075632,-0.295979
contact_mode,1.00,bayesian_authority_allocation,5,120,0.175000,0.333333,0.361762,0.730874,0.375891,0.446203,0.520640,0.375322,0.281991,0.466388,0.076578,-0.407085
contact_mode,1.00,bayesian_authority_allocation,6,120,0.258333,0.358333,0.363674,0.734936,0.379901,0.448777,0.517375,0.374764,0.281689,0.462541,0.075686,-0.341860
contact_mode,1.00,bayesian_authority_allocation,7,120,0.241667,0.275000,0.361904,0.733590,0.379098,0.449318,0.517417,0.372506,0.283613,0.462431,0.075240,-0.305802
contact_mode,1.00,bayesian_authority_allocation,8,120,0.208333,0.325000,0.363057,0.732593,0.379030,0.448081,0.517302,0.372718,0.281565,0.464626,0.075842,-0.370055
contact_mode,1.00,bayesian_authority_allocation,9,120,0.233333,0.266667,0.362588,0.733732,0.375949,0.444901,0.518655,0.374153,0.281103,0.464296,0.075383,-0.308205
contact_mode,1.00,cbf_safety_filter,0,120,0.266667,0.225000,0.291787,0.328683,0.331405,0.379937,0.635330,0.229110,0.270261,0.533712,0.123912,-0.095366
contact_mode,1.00,cbf_safety_filter,1,120,0.366667,0.258333,0.291136,0.328276,0.329291,0.377272,0.633108,0.227666,0.272270,0.533567,0.125457,-0.015148
contact_mode,1.00,cbf_safety_filter,2,120,0.425000,0.141667,0.290992,0.330045,0.328500,0.375950,0.636755,0.226094,0.272199,0.535185,0.122743,0.115865
contact_mode,1.00,cbf_safety_filter,3,120,0.366667,0.225000,0.293569,0.323978,0.329222,0.379555,0.635081,0.226783,0.270877,0.534689,0.125797,0.005926
contact_mode,1.00,cbf_safety_filter,4,120,0.433333,0.183333,0.290221,0.330528,0.330527,0.381652,0.635081,0.226186,0.273098,0.534078,0.123901,0.097290
contact_mode,1.00,cbf_safety_filter,5,120,0.466667,0.225000,0.291504,0.326001,0.331680,0.376215,0.635312,0.225866,0.272026,0.534053,0.124370,0.106074
contact_mode,1.00,cbf_safety_filter,6,120,0.341667,0.191667,0.290244,0.330262,0.330760,0.381541,0.635764,0.227753,0.273201,0.534530,0.123929,0.000389
contact_mode,1.00,cbf_safety_filter,7,120,0.366667,0.183333,0.292700,0.329409,0.328776,0.379125,0.636179,0.227626,0.272952,0.532529,0.124286,0.030800
contact_mode,1.00,cbf_safety_filter,8,120,0.283333,0.158333,0.291201,0.328097,0.331264,0.376620,0.637093,0.227171,0.271459,0.533792,0.123796,-0.036323
contact_mode,1.00,cbf_safety_filter,9,120,0.316667,0.166667,0.292249,0.328657,0.330363,0.378916,0.637235,0.227156,0.273318,0.537479,0.124873,-0.008672
contact_mode,1.00,confidence_threshold_shared_control,0,120,0.141667,0.341667,0.472091,0.883897,0.432033,0.508632,0.324210,0.381083,0.342239,0.344312,0.069130,-0.542658
contact_mode,1.00,confidence_threshold_shared_control,1,120,0.066667,0.358333,0.470201,0.881187,0.429083,0.508751,0.324051,0.379172,0.341965,0.343404,0.069504,-0.626232
contact_mode,1.00,confidence_threshold_shared_control,2,120,0.075000,0.383333,0.471302,0.882889,0.430408,0.508722,0.321493,0.380497,0.341828,0.341432,0.069598,-0.634628
contact_mode,1.00,confidence_threshold_shared_control,3,120,0.133333,0.375000,0.469279,0.882393,0.431016,0.506154,0.324590,0.380607,0.341147,0.346253,0.069573,-0.570055
contact_mode,1.00,confidence_threshold_shared_control,4,120,0.091667,0.358333,0.474439,0.884933,0.432405,0.507937,0.324465,0.381559,0.342095,0.343801,0.069889,-0.603829
contact_mode,1.00,confidence_threshold_shared_control,5,120,0.141667,0.383333,0.471083,0.878760,0.429718,0.506182,0.327059,0.378181,0.341314,0.344381,0.069403,-0.565823
contact_mode,1.00,confidence_threshold_shared_control,6,120,0.125000,0.366667,0.471228,0.883921,0.432416,0.508317,0.323654,0.382639,0.342116,0.343790,0.069544,-0.574837
contact_mode,1.00,confidence_threshold_shared_control,7,120,0.083333,0.341667,0.472805,0.883236,0.431827,0.508245,0.326419,0.380585,0.344685,0.345541,0.069612,-0.600705
contact_mode,1.00,confidence_threshold_shared_control,8,120,0.108333,0.308333,0.471484,0.885109,0.429900,0.507454,0.323953,0.380832,0.342546,0.344800,0.069340,-0.554976
contact_mode,1.00,confidence_threshold_shared_control,9,120,0.058333,0.283333,0.470657,0.883866,0.430532,0.508009,0.323076,0.380914,0.341061,0.344114,0.069295,-0.589217
contact_mode,1.00,mpc_risk_arbitration,0,120,0.441667,0.241667,0.272451,0.372757,0.315813,0.389239,0.705579,0.294252,0.252973,0.564568,0.138331,0.064041
contact_mode,1.00,mpc_risk_arbitration,1,120,0.408333,0.250000,0.272410,0.375315,0.312808,0.385763,0.705500,0.293870,0.251808,0.563032,0.138937,0.025867
contact_mode,1.00,mpc_risk_arbitration,2,120,0.366667,0.275000,0.272749,0.375186,0.310538,0.390465,0.705600,0.293805,0.252680,0.563351,0.139150,-0.031540
contact_mode,1.00,mpc_risk_arbitration,3,120,0.358333,0.208333,0.271296,0.369968,0.313658,0.384914,0.706048,0.293782,0.251174,0.567131,0.139597,0.003281
contact_mode,1.00,mpc_risk_arbitration,4,120,0.408333,0.216667,0.272742,0.376844,0.315237,0.391089,0.704705,0.293834,0.253531,0.562525,0.139080,0.044996
contact_mode,1.00,mpc_risk_arbitration,5,120,0.408333,0.241667,0.271115,0.370410,0.312206,0.387680,0.705310,0.293377,0.251775,0.566152,0.139291,0.032435
contact_mode,1.00,mpc_risk_arbitration,6,120,0.441667,0.266667,0.271326,0.376857,0.314679,0.389575,0.704608,0.295548,0.251393,0.564725,0.138737,0.047773
contact_mode,1.00,mpc_risk_arbitration,7,120,0.441667,0.225000,0.270309,0.373729,0.316129,0.390730,0.704545,0.294540,0.252970,0.564576,0.138422,0.074336
contact_mode,1.00,mpc_risk_arbitration,8,120,0.458333,0.158333,0.271051,0.372324,0.313190,0.389226,0.703901,0.294947,0.253083,0.562897,0.139138,0.133046
contact_mode,1.00,mpc_risk_arbitration,9,120,0.450000,0.225000,0.269993,0.375911,0.314630,0.388495,0.705899,0.295414,0.253000,0.564519,0.138045,0.082753
contact_mode,1.00,pomdp_handoff_policy,0,120,0.383333,0.233333,0.309759,0.557364,0.341730,0.428799,0.632160,0.355696,0.262234,0.523895,0.109092,-0.063670
contact_mode,1.00,pomdp_handoff_policy,1,120,0.316667,0.283333,0.307986,0.555690,0.338260,0.425353,0.633989,0.355774,0.262667,0.525847,0.109278,-0.159384
contact_mode,1.00,pomdp_handoff_policy,2,120,0.333333,0.233333,0.310240,0.556801,0.337686,0.427594,0.633325,0.355844,0.262807,0.526136,0.109812,-0.112785
contact_mode,1.00,pomdp_handoff_policy,3,120,0.275000,0.308333,0.308512,0.553188,0.340803,0.425525,0.632475,0.355533,0.261152,0.526937,0.110347,-0.216607
contact_mode,1.00,pomdp_handoff_policy,4,120,0.350000,0.241667,0.310019,0.559320,0.338927,0.429984,0.630647,0.355950,0.262284,0.521703,0.109224,-0.102545
contact_mode,1.00,pomdp_handoff_policy,5,120,0.408333,0.283333,0.308027,0.555966,0.337969,0.425673,0.633795,0.353124,0.258924,0.527069,0.109135,-0.067536
contact_mode,1.00,pomdp_handoff_policy,6,120,0.308333,0.258333,0.306756,0.560340,0.342144,0.431839,0.630690,0.357895,0.263926,0.521131,0.108312,-0.154902
contact_mode,1.00,pomdp_handoff_policy,7,120,0.383333,0.225000,0.308845,0.554219,0.337447,0.428089,0.632288,0.355032,0.262309,0.523214,0.110272,-0.056673
contact_mode,1.00,pomdp_handoff_policy,8,120,0.358333,0.225000,0.309361,0.559797,0.339979,0.426872,0.635535,0.355319,0.262165,0.522668,0.108824,-0.083169
contact_mode,1.00,pomdp_handoff_policy,9,120,0.333333,0.250000,0.309911,0.560570,0.337986,0.425850,0.635504,0.357719,0.262597,0.524429,0.108801,-0.123793
contact_mode,1.00,recovery_aware_mpc,0,120,0.433333,0.325000,0.284114,0.420295,0.311403,0.399206,0.752700,0.343879,0.262579,0.550631,0.135562,-0.011967
contact_mode,1.00,recovery_aware_mpc,1,120,0.366667,0.283333,0.285800,0.418741,0.308729,0.397552,0.755105,0.341458,0.261516,0.553567,0.136660,-0.051788
contact_mode,1.00,recovery_aware_mpc,2,120,0.400000,0.216667,0.284164,0.419832,0.311963,0.396055,0.753041,0.340830,0.261580,0.554257,0.135612,0.022586
contact_mode,1.00,recovery_aware_mpc,3,120,0.366667,0.183333,0.284365,0.419465,0.307832,0.396921,0.753320,0.341519,0.260825,0.554462,0.136059,0.010467
contact_mode,1.00,recovery_aware_mpc,4,120,0.433333,0.258333,0.287872,0.420520,0.311276,0.400429,0.752412,0.342618,0.263186,0.552543,0.136731,0.028349
contact_mode,1.00,recovery_aware_mpc,5,120,0.441667,0.208333,0.284632,0.420044,0.306827,0.399421,0.756241,0.341192,0.260226,0.554177,0.135193,0.069889
contact_mode,1.00,recovery_aware_mpc,6,120,0.400000,0.225000,0.285603,0.423191,0.311311,0.399995,0.750399,0.344280,0.261360,0.552038,0.135722,0.015328
contact_mode,1.00,recovery_aware_mpc,7,120,0.366667,0.316667,0.283481,0.421885,0.312121,0.402359,0.753210,0.342789,0.264594,0.552998,0.135139,-0.074034
contact_mode,1.00,recovery_aware_mpc,8,120,0.400000,0.266667,0.285002,0.423451,0.309507,0.398478,0.752542,0.341657,0.263531,0.555420,0.134985,-0.009513
contact_mode,1.00,recovery_aware_mpc,9,120,0.450000,0.291667,0.286473,0.420018,0.308476,0.396466,0.754025,0.344097,0.261896,0.556183,0.135471,0.025724
fragility,0.00,authority_boundary_v5,0,120,0.283333,0.275000,0.330182,0.706305,0.340331,0.456056,0.607273,0.379808,0.280715,0.507930,0.067789,-0.237804
fragility,0.00,authority_boundary_v5,1,120,0.233333,0.208333,0.329878,0.710241,0.341603,0.459494,0.605445,0.380400,0.283486,0.504413,0.066734,-0.248161
fragility,0.00,authority_boundary_v5,2,120,0.333333,0.258333,0.329540,0.707569,0.341615,0.455255,0.604408,0.379598,0.281096,0.504459,0.067901,-0.177931
fragility,0.00,authority_boundary_v5,3,120,0.358333,0.241667,0.331087,0.706478,0.341113,0.461607,0.608680,0.379027,0.283731,0.501624,0.067248,-0.143006
fragility,0.00,authority_boundary_v5,4,120,0.250000,0.266667,0.330252,0.708813,0.343476,0.460365,0.605139,0.379884,0.281728,0.505955,0.067417,-0.267789
fragility,0.00,authority_boundary_v5,5,120,0.241667,0.266667,0.332878,0.705758,0.343929,0.459064,0.604738,0.382022,0.281848,0.505632,0.067683,-0.276208
fragility,0.00,authority_boundary_v5,6,120,0.308333,0.258333,0.329924,0.708763,0.340296,0.458940,0.606148,0.381055,0.282666,0.503399,0.067784,-0.203551
fragility,0.00,authority_boundary_v5,7,120,0.316667,0.250000,0.331564,0.708033,0.340417,0.455709,0.607798,0.380277,0.281325,0.504013,0.067293,-0.189708
fragility,0.00,authority_boundary_v5,8,120,0.375000,0.291667,0.330754,0.710062,0.342420,0.459937,0.604724,0.381610,0.282817,0.501934,0.066918,-0.158699
fragility,0.00,authority_boundary_v5,9,120,0.333333,0.191667,0.331343,0.709795,0.343138,0.453982,0.606788,0.381807,0.281536,0.503778,0.067084,-0.137704
fragility,0.00,bayesian_authority_allocation,0,120,0.300000,0.250000,0.349807,0.731742,0.376646,0.446806,0.527773,0.374273,0.281846,0.466167,0.067937,-0.227155
fragility,0.00,bayesian_authority_allocation,1,120,0.258333,0.250000,0.351969,0.735127,0.376221,0.446109,0.528519,0.372911,0.282288,0.463961,0.066683,-0.269827
fragility,0.00,bayesian_authority_allocation,2,120,0.258333,0.275000,0.349839,0.733687,0.376631,0.448126,0.528959,0.375300,0.280369,0.464668,0.067267,-0.284961
fragility,0.00,bayesian_authority_allocation,3,120,0.350000,0.233333,0.350621,0.732261,0.374266,0.449167,0.527349,0.371745,0.280913,0.464126,0.067892,-0.166833
fragility,0.00,bayesian_authority_allocation,4,120,0.308333,0.291667,0.351669,0.735003,0.381321,0.451026,0.525128,0.373990,0.282378,0.464046,0.067120,-0.247341
fragility,0.00,bayesian_authority_allocation,5,120,0.291667,0.258333,0.352174,0.736587,0.377785,0.447469,0.527888,0.373671,0.282011,0.463014,0.067032,-0.242602
fragility,0.00,bayesian_authority_allocation,6,120,0.183333,0.308333,0.349086,0.730354,0.375828,0.447246,0.528380,0.373130,0.282278,0.462084,0.067752,-0.379234
fragility,0.00,bayesian_authority_allocation,7,120,0.241667,0.316667,0.350212,0.731867,0.376555,0.449540,0.527756,0.372915,0.281310,0.462214,0.067387,-0.327132
fragility,0.00,bayesian_authority_allocation,8,120,0.291667,0.208333,0.351418,0.733439,0.375717,0.447425,0.526697,0.372931,0.282817,0.463785,0.067213,-0.210343
fragility,0.00,bayesian_authority_allocation,9,120,0.283333,0.258333,0.352502,0.732876,0.380255,0.447922,0.525993,0.374302,0.280966,0.465487,0.067504,-0.250791
fragility,0.00,cbf_safety_filter,0,120,0.450000,0.150000,0.281479,0.328209,0.330500,0.378382,0.641666,0.225384,0.272516,0.533889,0.112128,0.138369
fragility,0.00,cbf_safety_filter,1,120,0.433333,0.141667,0.281160,0.329496,0.330796,0.376038,0.643521,0.226898,0.271898,0.534202,0.111509,0.126871
fragility,0.00,cbf_safety_filter,2,120,0.400000,0.141667,0.282041,0.326443,0.327251,0.374872,0.644392,0.227943,0.270413,0.535929,0.111805,0.094722
fragility,0.00,cbf_safety_filter,3,120,0.358333,0.141667,0.281571,0.328297,0.328371,0.379650,0.644347,0.227069,0.272929,0.534303,0.110763,0.052059
fragility,0.00,cbf_safety_filter,4,120,0.475000,0.241667,0.280716,0.331302,0.331502,0.383440,0.642348,0.226720,0.274273,0.533773,0.111179,0.105138
fragility,0.00,cbf_safety_filter,5,120,0.391667,0.158333,0.282538,0.328449,0.328738,0.378179,0.643403,0.227056,0.272311,0.535016,0.111831,0.074825
fragility,0.00,cbf_safety_filter,6,120,0.383333,0.225000,0.281851,0.327590,0.326764,0.379400,0.643344,0.225745,0.272955,0.534057,0.111972,0.025832
fragility,0.00,cbf_safety_filter,7,120,0.416667,0.150000,0.282801,0.331223,0.329249,0.376967,0.645785,0.228316,0.270597,0.531894,0.110253,0.104388
fragility,0.00,cbf_safety_filter,8,120,0.483333,0.125000,0.280053,0.327970,0.328094,0.378150,0.643277,0.226990,0.272595,0.530516,0.110685,0.187997
fragility,0.00,cbf_safety_filter,9,120,0.408333,0.150000,0.281575,0.326558,0.332328,0.376411,0.640891,0.226647,0.272137,0.534557,0.111496,0.096831
fragility,0.00,confidence_threshold_shared_control,0,120,0.091667,0.325000,0.458541,0.883681,0.430648,0.507633,0.333608,0.378485,0.342603,0.343920,0.061582,-0.577531
fragility,0.00,confidence_threshold_shared_control,1,120,0.175000,0.308333,0.456786,0.887536,0.433122,0.508278,0.332557,0.383366,0.342813,0.345664,0.061267,-0.485397
fragility,0.00,confidence_threshold_shared_control,2,120,0.108333,0.283333,0.457723,0.885832,0.428815,0.504474,0.336471,0.379935,0.340313,0.341995,0.061265,-0.534587
fragility,0.00,confidence_threshold_shared_control,3,120,0.091667,0.341667,0.457507,0.881423,0.429634,0.509590,0.333407,0.380866,0.343099,0.342772,0.061469,-0.587391
fragility,0.00,confidence_threshold_shared_control,4,120,0.116667,0.341667,0.459250,0.885822,0.433776,0.509854,0.334436,0.379463,0.342135,0.345093,0.061290,-0.564355
fragility,0.00,confidence_threshold_shared_control,5,120,0.158333,0.283333,0.458786,0.882890,0.430411,0.508122,0.331617,0.379872,0.343293,0.346297,0.061167,-0.485222
fragility,0.00,confidence_threshold_shared_control,6,120,0.116667,0.383333,0.455402,0.884017,0.427912,0.506543,0.332610,0.379283,0.341736,0.343189,0.061151,-0.587585
fragility,0.00,confidence_threshold_shared_control,7,120,0.091667,0.308333,0.457634,0.883778,0.430395,0.507873,0.335109,0.380849,0.341704,0.341770,0.061254,-0.567099
fragility,0.00,confidence_threshold_shared_control,8,120,0.141667,0.325000,0.460681,0.885346,0.432426,0.505744,0.334866,0.379038,0.342119,0.341706,0.061828,-0.528478
fragility,0.00,confidence_threshold_shared_control,9,120,0.150000,0.241667,0.459226,0.882713,0.432591,0.508563,0.331040,0.381676,0.341412,0.345297,0.061380,-0.468418
fragility,0.00,mpc_risk_arbitration,0,120,0.458333,0.250000,0.259562,0.370506,0.315355,0.387205,0.710234,0.294987,0.252931,0.566055,0.124643,0.079920
fragility,0.00,mpc_risk_arbitration,1,120,0.491667,0.250000,0.260032,0.373947,0.316277,0.386326,0.709120,0.294246,0.253391,0.565253,0.123960,0.112253
fragility,0.00,mpc_risk_arbitration,2,120,0.350000,0.233333,0.260530,0.371197,0.313920,0.388583,0.712341,0.294801,0.251554,0.565764,0.124646,-0.018236
fragility,0.00,mpc_risk_arbitration,3,120,0.475000,0.166667,0.261169,0.374113,0.312895,0.390710,0.713011,0.294441,0.255202,0.564895,0.123951,0.147236
fragility,0.00,mpc_risk_arbitration,4,120,0.400000,0.183333,0.261258,0.377366,0.317481,0.390228,0.712597,0.295041,0.254064,0.563807,0.123885,0.060330
fragility,0.00,mpc_risk_arbitration,5,120,0.391667,0.216667,0.261582,0.374226,0.316260,0.387099,0.710414,0.295407,0.250703,0.564893,0.123999,0.032363
fragility,0.00,mpc_risk_arbitration,6,120,0.408333,0.141667,0.261289,0.374234,0.312673,0.385615,0.708887,0.293584,0.252437,0.562694,0.124214,0.096413
fragility,0.00,mpc_risk_arbitration,7,120,0.458333,0.258333,0.258859,0.374980,0.313984,0.386255,0.712703,0.294718,0.251390,0.564992,0.123594,0.074413
fragility,0.00,mpc_risk_arbitration,8,120,0.500000,0.216667,0.260546,0.374905,0.313986,0.388027,0.711748,0.294793,0.253006,0.563216,0.124024,0.141213
fragility,0.00,mpc_risk_arbitration,9,120,0.408333,0.158333,0.259372,0.375464,0.316377,0.387533,0.710926,0.294969,0.253189,0.566637,0.123667,0.085465
fragility,0.00,pomdp_handoff_policy,0,120,0.425000,0.258333,0.295608,0.556701,0.337062,0.429089,0.640889,0.356488,0.260057,0.525320,0.097775,-0.032475
fragility,0.00,pomdp_handoff_policy,1,120,0.441667,0.241667,0.296585,0.556645,0.339155,0.425307,0.642093,0.356300,0.262456,0.525208,0.097361,-0.005472
fragility,0.00,pomdp_handoff_policy,2,120,0.408333,0.216667,0.299368,0.556120,0.337884,0.426055,0.641375,0.354295,0.263228,0.524620,0.097238,-0.023618
fragility,0.00,pomdp_handoff_policy,3,120,0.308333,0.241667,0.297570,0.557256,0.337641,0.428583,0.639995,0.354471,0.264144,0.521930,0.097060,-0.139334
fragility,0.00,pomdp_handoff_policy,4,120,0.316667,0.258333,0.297507,0.558678,0.341236,0.432656,0.637475,0.356553,0.263402,0.522877,0.096808,-0.143133
fragility,0.00,pomdp_handoff_policy,5,120,0.341667,0.191667,0.299822,0.557782,0.339037,0.427185,0.641054,0.354063,0.261486,0.526718,0.097155,-0.075620
fragility,0.00,pomdp_handoff_policy,6,120,0.383333,0.225000,0.295710,0.556926,0.339424,0.426995,0.640494,0.355744,0.261049,0.524293,0.097168,-0.053639
fragility,0.00,pomdp_handoff_policy,7,120,0.383333,0.225000,0.298796,0.556349,0.339620,0.426786,0.640027,0.354770,0.260368,0.524335,0.097279,-0.054218
fragility,0.00,pomdp_handoff_policy,8,120,0.425000,0.225000,0.297243,0.557740,0.340297,0.427310,0.642252,0.355829,0.262383,0.523053,0.097307,-0.012596
fragility,0.00,pomdp_handoff_policy,9,120,0.350000,0.225000,0.297650,0.558990,0.339293,0.426578,0.641119,0.356514,0.260736,0.524483,0.097332,-0.087908
fragility,0.00,recovery_aware_mpc,0,120,0.358333,0.175000,0.274513,0.423633,0.309962,0.398651,0.759930,0.342481,0.261810,0.556004,0.120157,0.008648
fragility,0.00,recovery_aware_mpc,1,120,0.458333,0.183333,0.276165,0.422370,0.309626,0.397492,0.759420,0.343514,0.261131,0.556421,0.120753,0.103420
fragility,0.00,recovery_aware_mpc,2,120,0.433333,0.216667,0.275323,0.419039,0.306403,0.394473,0.760276,0.340803,0.261653,0.556308,0.122361,0.059980
fragility,0.00,recovery_aware_mpc,3,120,0.391667,0.250000,0.274591,0.420301,0.309050,0.399247,0.758787,0.342255,0.262918,0.552805,0.121589,-0.003734
fragility,0.00,recovery_aware_mpc,4,120,0.483333,0.250000,0.277043,0.422506,0.311982,0.402389,0.759673,0.342755,0.262098,0.553594,0.120961,0.085966
fragility,0.00,recovery_aware_mpc,5,120,0.358333,0.216667,0.275489,0.420274,0.309372,0.398732,0.759355,0.342802,0.262825,0.554491,0.120731,-0.016617
fragility,0.00,recovery_aware_mpc,6,120,0.491667,0.233333,0.274302,0.417969,0.307668,0.398256,0.761968,0.339812,0.260518,0.553951,0.121998,0.108070
fragility,0.00,recovery_aware_mpc,7,120,0.441667,0.191667,0.273867,0.420738,0.309541,0.396315,0.760720,0.341617,0.261885,0.555770,0.121124,0.083001
fragility,0.00,recovery_aware_mpc,8,120,0.558333,0.216667,0.276741,0.421097,0.309747,0.398886,0.758824,0.341588,0.262559,0.552818,0.121667,0.182873
fragility,0.00,recovery_aware_mpc,9,120,0.433333,0.291667,0.275284,0.421537,0.311290,0.393551,0.759774,0.345041,0.261949,0.553764,0.120546,0.011755
fragility,0.20,authority_boundary_v5,0,120,0.250000,0.158333,0.332760,0.713406,0.341728,0.459469,0.606315,0.380941,0.283906,0.502211,0.067310,-0.201976
fragility,0.20,authority_boundary_v5,1,120,0.316667,0.258333,0.334451,0.710940,0.344647,0.460504,0.603467,0.382871,0.284120,0.503527,0.068015,-0.198152
fragility,0.20,authority_boundary_v5,2,120,0.350000,0.191667,0.331519,0.709026,0.341727,0.456285,0.607544,0.380798,0.282386,0.501448,0.067904,-0.120786
fragility,0.20,authority_boundary_v5,3,120,0.350000,0.225000,0.333967,0.710084,0.343039,0.458587,0.604831,0.380503,0.282758,0.500632,0.068119,-0.142992
fragility,0.20,authority_boundary_v5,4,120,0.341667,0.316667,0.332059,0.710903,0.341578,0.460602,0.604225,0.380734,0.282862,0.503709,0.067673,-0.207958
fragility,0.20,authority_boundary_v5,5,120,0.300000,0.266667,0.334319,0.713579,0.343155,0.459155,0.605502,0.380932,0.283194,0.506505,0.067130,-0.219828
fragility,0.20,authority_boundary_v5,6,120,0.308333,0.250000,0.331921,0.707156,0.344554,0.459742,0.604533,0.381269,0.283552,0.503073,0.068591,-0.199426
fragility,0.20,authority_boundary_v5,7,120,0.350000,0.208333,0.332457,0.706537,0.338196,0.457411,0.607150,0.379716,0.281958,0.506303,0.069004,-0.130250
fragility,0.20,authority_boundary_v5,8,120,0.333333,0.191667,0.332231,0.707336,0.339504,0.457934,0.605094,0.381869,0.280591,0.504469,0.068737,-0.137370
fragility,0.20,authority_boundary_v5,9,120,0.325000,0.183333,0.332438,0.707716,0.339450,0.458968,0.607230,0.380224,0.281248,0.503738,0.069003,-0.140460
fragility,0.20,bayesian_authority_allocation,0,120,0.258333,0.225000,0.353786,0.732137,0.376664,0.446421,0.524553,0.373234,0.283304,0.465114,0.069036,-0.254522
fragility,0.20,bayesian_authority_allocation,1,120,0.333333,0.208333,0.352748,0.735071,0.379484,0.450540,0.523486,0.372492,0.283170,0.463601,0.068338,-0.170590
fragility,0.20,bayesian_authority_allocation,2,120,0.183333,0.283333,0.352471,0.733618,0.376830,0.448493,0.526049,0.373093,0.282619,0.459483,0.068386,-0.365857
fragility,0.20,bayesian_authority_allocation,3,120,0.241667,0.208333,0.353203,0.736304,0.380395,0.449087,0.523883,0.374940,0.282129,0.462990,0.068017,-0.262851
fragility,0.20,bayesian_authority_allocation,4,120,0.250000,0.183333,0.353643,0.735959,0.377044,0.450047,0.523196,0.376419,0.282123,0.463321,0.068026,-0.238826
fragility,0.20,bayesian_authority_allocation,5,120,0.191667,0.250000,0.352234,0.735615,0.379227,0.448229,0.524870,0.375654,0.283814,0.462737,0.068171,-0.337979
fragility,0.20,bayesian_authority_allocation,6,120,0.350000,0.225000,0.353202,0.732392,0.381166,0.449395,0.523771,0.373631,0.282819,0.462328,0.068829,-0.163950
fragility,0.20,bayesian_authority_allocation,7,120,0.316667,0.308333,0.350836,0.731524,0.375213,0.447067,0.525034,0.372479,0.280690,0.464161,0.069150,-0.246702
fragility,0.20,bayesian_authority_allocation,8,120,0.250000,0.183333,0.354214,0.732689,0.375234,0.444176,0.524982,0.373403,0.282050,0.462157,0.068443,-0.236746
fragility,0.20,bayesian_authority_allocation,9,120,0.325000,0.291667,0.353797,0.733114,0.377887,0.449384,0.523313,0.370939,0.282506,0.465995,0.068284,-0.229847
fragility,0.20,cbf_safety_filter,0,120,0.283333,0.208333,0.284680,0.324792,0.330535,0.380686,0.640899,0.228689,0.272143,0.535453,0.114643,-0.065118
fragility,0.20,cbf_safety_filter,1,120,0.383333,0.183333,0.285634,0.332187,0.332777,0.377946,0.639730,0.227696,0.272967,0.532951,0.112841,0.048344
fragility,0.20,cbf_safety_filter,2,120,0.433333,0.158333,0.283701,0.327045,0.330053,0.377096,0.641677,0.226467,0.273431,0.533760,0.113495,0.116378
fragility,0.20,cbf_safety_filter,3,120,0.475000,0.175000,0.284272,0.329231,0.333626,0.375377,0.641058,0.227102,0.274015,0.535081,0.114344,0.146565
fragility,0.20,cbf_safety_filter,4,120,0.450000,0.191667,0.284964,0.326590,0.332319,0.379564,0.641000,0.227799,0.273668,0.533987,0.115638,0.111325
fragility,0.20,cbf_safety_filter,5,120,0.433333,0.125000,0.282465,0.329529,0.331170,0.379311,0.639273,0.226911,0.272434,0.533913,0.112229,0.136076
fragility,0.20,cbf_safety_filter,6,120,0.408333,0.125000,0.284318,0.329314,0.330650,0.378396,0.640193,0.227396,0.272253,0.534887,0.113149,0.110883
fragility,0.20,cbf_safety_filter,7,120,0.391667,0.166667,0.284610,0.330419,0.327503,0.375358,0.642728,0.226364,0.272635,0.534399,0.111879,0.069219
fragility,0.20,cbf_safety_filter,8,120,0.375000,0.166667,0.282745,0.326114,0.327233,0.376914,0.642091,0.225545,0.271326,0.533819,0.113379,0.053939
fragility,0.20,cbf_safety_filter,9,120,0.433333,0.091667,0.282691,0.327426,0.328447,0.377231,0.640421,0.227421,0.271864,0.533603,0.114334,0.157918
fragility,0.20,confidence_threshold_shared_control,0,120,0.141667,0.325000,0.460735,0.885100,0.431280,0.509454,0.331383,0.379475,0.341709,0.344933,0.062544,-0.529017
fragility,0.20,confidence_threshold_shared_control,1,120,0.108333,0.191667,0.462019,0.887952,0.433321,0.509985,0.332667,0.381945,0.344825,0.345614,0.062421,-0.481224
fragility,0.20,confidence_threshold_shared_control,2,120,0.066667,0.333333,0.460836,0.884774,0.430663,0.508967,0.332395,0.381692,0.342459,0.344558,0.062595,-0.609115
fragility,0.20,confidence_threshold_shared_control,3,120,0.158333,0.383333,0.461704,0.885410,0.432570,0.508125,0.331645,0.383602,0.342560,0.344618,0.062723,-0.549273
fragility,0.20,confidence_threshold_shared_control,4,120,0.116667,0.316667,0.461578,0.883250,0.430851,0.510064,0.330655,0.381654,0.341973,0.345307,0.062421,-0.548898
fragility,0.20,confidence_threshold_shared_control,5,120,0.108333,0.375000,0.459170,0.882354,0.430733,0.510596,0.331982,0.378716,0.344852,0.342375,0.062943,-0.592226
fragility,0.20,confidence_threshold_shared_control,6,120,0.108333,0.325000,0.460417,0.886825,0.433051,0.506704,0.330062,0.381802,0.341928,0.344410,0.062747,-0.562977
fragility,0.20,confidence_threshold_shared_control,7,120,0.083333,0.308333,0.458274,0.880753,0.427060,0.505898,0.332467,0.378048,0.340602,0.344795,0.062526,-0.574027
fragility,0.20,confidence_threshold_shared_control,8,120,0.100000,0.350000,0.457694,0.883674,0.428470,0.508906,0.332036,0.381120,0.341541,0.345200,0.062477,-0.584678
fragility,0.20,confidence_threshold_shared_control,9,120,0.116667,0.291667,0.461150,0.881425,0.429265,0.506308,0.331588,0.380321,0.342051,0.341355,0.062540,-0.531941
fragility,0.20,mpc_risk_arbitration,0,120,0.516667,0.183333,0.261155,0.371666,0.315022,0.389126,0.708929,0.293093,0.250679,0.564172,0.126551,0.178818
fragility,0.20,mpc_risk_arbitration,1,120,0.425000,0.158333,0.262008,0.375677,0.316640,0.390879,0.710324,0.297171,0.251494,0.564769,0.126018,0.100710
fragility,0.20,mpc_risk_arbitration,2,120,0.450000,0.191667,0.261787,0.372007,0.313819,0.388814,0.712407,0.293320,0.252382,0.562485,0.126289,0.107230
fragility,0.20,mpc_risk_arbitration,3,120,0.358333,0.191667,0.263419,0.379375,0.316504,0.388264,0.708248,0.296074,0.252219,0.564294,0.124853,0.012415
fragility,0.20,mpc_risk_arbitration,4,120,0.433333,0.191667,0.263012,0.370154,0.314678,0.387265,0.709787,0.294731,0.251957,0.563985,0.128097,0.090399
fragility,0.20,mpc_risk_arbitration,5,120,0.425000,0.258333,0.262980,0.374944,0.315761,0.391765,0.710037,0.293352,0.251793,0.565599,0.125905,0.039036
fragility,0.20,mpc_risk_arbitration,6,120,0.358333,0.183333,0.263240,0.376084,0.314044,0.389468,0.708479,0.295080,0.252374,0.565037,0.126323,0.018784
fragility,0.20,mpc_risk_arbitration,7,120,0.450000,0.166667,0.260891,0.371680,0.313840,0.387390,0.708662,0.293353,0.250239,0.567123,0.126422,0.122897
fragility,0.20,mpc_risk_arbitration,8,120,0.400000,0.258333,0.260428,0.372658,0.311014,0.387746,0.712195,0.295522,0.250550,0.564392,0.125845,0.016420
fragility,0.20,mpc_risk_arbitration,9,120,0.383333,0.191667,0.261419,0.373502,0.314282,0.387643,0.711155,0.293586,0.253016,0.562837,0.126044,0.040236
fragility,0.20,pomdp_handoff_policy,0,120,0.375000,0.291667,0.299897,0.560983,0.340128,0.429427,0.640154,0.355565,0.262366,0.521573,0.098020,-0.105739
fragility,0.20,pomdp_handoff_policy,1,120,0.458333,0.241667,0.300854,0.560120,0.342417,0.432393,0.637669,0.355836,0.263744,0.522395,0.098922,0.007614
fragility,0.20,pomdp_handoff_policy,2,120,0.341667,0.258333,0.298883,0.557337,0.339457,0.428488,0.641440,0.357031,0.261417,0.523878,0.098528,-0.117101
fragility,0.20,pomdp_handoff_policy,3,120,0.325000,0.183333,0.301491,0.558777,0.341354,0.427293,0.638503,0.355197,0.261676,0.523770,0.099705,-0.088477
fragility,0.20,pomdp_handoff_policy,4,120,0.350000,0.250000,0.300735,0.557516,0.338099,0.428322,0.639217,0.355454,0.262729,0.523447,0.099847,-0.103890
fragility,0.20,pomdp_handoff_policy,5,120,0.391667,0.300000,0.301401,0.556452,0.338785,0.429031,0.639135,0.356276,0.263974,0.521859,0.099652,-0.093418
fragility,0.20,pomdp_handoff_policy,6,120,0.341667,0.208333,0.303323,0.560021,0.341530,0.430096,0.640616,0.357652,0.261578,0.522845,0.098335,-0.088508
fragility,0.20,pomdp_handoff_policy,7,120,0.350000,0.225000,0.300265,0.556473,0.335961,0.423910,0.640851,0.355971,0.261890,0.523742,0.099157,-0.087072
fragility,0.20,pomdp_handoff_policy,8,120,0.375000,0.241667,0.299819,0.556564,0.337272,0.426072,0.639345,0.353764,0.261312,0.525355,0.099584,-0.072684
fragility,0.20,pomdp_handoff_policy,9,120,0.391667,0.191667,0.300619,0.558701,0.337141,0.430126,0.640340,0.354801,0.262183,0.525372,0.098118,-0.026220
fragility,0.20,recovery_aware_mpc,0,120,0.400000,0.250000,0.276259,0.422621,0.308938,0.399619,0.760149,0.344303,0.263146,0.555133,0.122584,0.003503
fragility,0.20,recovery_aware_mpc,1,120,0.441667,0.241667,0.276975,0.422403,0.314045,0.397878,0.759360,0.342303,0.262161,0.553204,0.122956,0.049739
fragility,0.20,recovery_aware_mpc,2,120,0.383333,0.175000,0.274635,0.419243,0.310604,0.396725,0.761501,0.343456,0.263281,0.555300,0.122933,0.034827
fragility,0.20,recovery_aware_mpc,3,120,0.441667,0.200000,0.276383,0.423300,0.310407,0.396539,0.759173,0.343146,0.262221,0.552154,0.122820,0.076148
fragility,0.20,recovery_aware_mpc,4,120,0.433333,0.225000,0.275928,0.420011,0.310439,0.397981,0.760275,0.343261,0.263410,0.555298,0.123294,0.053117
fragility,0.20,recovery_aware_mpc,5,120,0.408333,0.216667,0.278520,0.423702,0.311833,0.405293,0.760116,0.343620,0.263526,0.552435,0.123577,0.030600
fragility,0.20,recovery_aware_mpc,6,120,0.375000,0.200000,0.278958,0.423439,0.311643,0.398604,0.758611,0.344209,0.264018,0.552454,0.122818,0.008208
fragility,0.20,recovery_aware_mpc,7,120,0.416667,0.183333,0.275809,0.417038,0.307750,0.397482,0.759688,0.341002,0.261633,0.554297,0.124922,0.063696
fragility,0.20,recovery_aware_mpc,8,120,0.450000,0.175000,0.275664,0.419835,0.308299,0.396104,0.760605,0.341775,0.262322,0.553948,0.123778,0.101634
fragility,0.20,recovery_aware_mpc,9,120,0.416667,0.175000,0.275658,0.416343,0.310615,0.398640,0.760932,0.340978,0.262284,0.554426,0.123603,0.068572
fragility,0.40,authority_boundary_v5,0,120,0.258333,0.300000,0.334313,0.707695,0.340979,0.455952,0.601443,0.380391,0.280948,0.505606,0.070075,-0.280286
fragility,0.40,authority_boundary_v5,1,120,0.325000,0.200000,0.334801,0.710064,0.342285,0.460590,0.602398,0.378727,0.282574,0.502817,0.069316,-0.152833
fragility,0.40,authority_boundary_v5,2,120,0.316667,0.250000,0.334232,0.710268,0.340331,0.461723,0.603545,0.380336,0.281229,0.503840,0.069795,-0.191966
fragility,0.40,authority_boundary_v5,3,120,0.333333,0.258333,0.335239,0.707704,0.340787,0.457161,0.603536,0.381053,0.282993,0.501497,0.070267,-0.179700
fragility,0.40,authority_boundary_v5,4,120,0.291667,0.300000,0.333436,0.706252,0.341211,0.457186,0.604875,0.381351,0.282790,0.504267,0.070455,-0.246394
fragility,0.40,authority_boundary_v5,5,120,0.375000,0.283333,0.334792,0.709712,0.340622,0.457725,0.602057,0.380438,0.281686,0.503441,0.069207,-0.154001
fragility,0.40,authority_boundary_v5,6,120,0.291667,0.200000,0.336053,0.710389,0.342536,0.459525,0.604021,0.381237,0.281381,0.503888,0.069499,-0.186591
fragility,0.40,authority_boundary_v5,7,120,0.333333,0.283333,0.333477,0.706637,0.341355,0.457211,0.602749,0.380748,0.280125,0.504719,0.070094,-0.194633
fragility,0.40,authority_boundary_v5,8,120,0.300000,0.233333,0.333954,0.710299,0.342743,0.458437,0.601044,0.379276,0.281441,0.504992,0.069272,-0.198322
fragility,0.40,authority_boundary_v5,9,120,0.383333,0.216667,0.333181,0.705597,0.340295,0.456762,0.604019,0.379286,0.281300,0.505361,0.070239,-0.102504
fragility,0.40,bayesian_authority_allocation,0,120,0.325000,0.275000,0.356125,0.734510,0.374793,0.448812,0.524968,0.373190,0.279864,0.463836,0.069469,-0.219960
fragility,0.40,bayesian_authority_allocation,1,120,0.275000,0.291667,0.355539,0.732687,0.376674,0.450829,0.524356,0.372075,0.282120,0.466251,0.070721,-0.280189
fragility,0.40,bayesian_authority_allocation,2,120,0.233333,0.241667,0.357124,0.735644,0.378797,0.449301,0.522707,0.373680,0.279719,0.464201,0.069183,-0.292411
fragility,0.40,bayesian_authority_allocation,3,120,0.300000,0.183333,0.356318,0.733349,0.376941,0.448392,0.524402,0.372752,0.282517,0.465380,0.069692,-0.188190
fragility,0.40,bayesian_authority_allocation,4,120,0.233333,0.241667,0.355226,0.730887,0.375005,0.443946,0.525063,0.373918,0.281510,0.465211,0.070751,-0.289380
fragility,0.40,bayesian_authority_allocation,5,120,0.300000,0.325000,0.354092,0.735558,0.379941,0.450680,0.522547,0.375045,0.281989,0.463315,0.069147,-0.277130
fragility,0.40,bayesian_authority_allocation,6,120,0.316667,0.250000,0.355316,0.736223,0.377408,0.448373,0.521682,0.376138,0.280976,0.463785,0.069132,-0.213925
fragility,0.40,bayesian_authority_allocation,7,120,0.283333,0.216667,0.356719,0.730832,0.373404,0.448786,0.523790,0.371547,0.281576,0.467874,0.070706,-0.224430
fragility,0.40,bayesian_authority_allocation,8,120,0.183333,0.300000,0.355852,0.734329,0.377454,0.449079,0.525391,0.372921,0.281709,0.464954,0.069483,-0.377412
fragility,0.40,bayesian_authority_allocation,9,120,0.208333,0.250000,0.354289,0.731128,0.375690,0.446283,0.523327,0.372649,0.281192,0.465359,0.070905,-0.319773
fragility,0.40,cbf_safety_filter,0,120,0.408333,0.208333,0.287117,0.328324,0.328012,0.376085,0.639725,0.228810,0.272835,0.535681,0.115103,0.059274
fragility,0.40,cbf_safety_filter,1,120,0.408333,0.108333,0.282685,0.328590,0.329467,0.377984,0.640889,0.225904,0.271290,0.535872,0.115103,0.122242
fragility,0.40,cbf_safety_filter,2,120,0.450000,0.141667,0.285410,0.327388,0.329251,0.380574,0.642168,0.225869,0.270821,0.535326,0.115172,0.142678
fragility,0.40,cbf_safety_filter,3,120,0.375000,0.225000,0.286604,0.326260,0.329823,0.378303,0.641464,0.227300,0.271282,0.534014,0.114569,0.015966
fragility,0.40,cbf_safety_filter,4,120,0.358333,0.150000,0.283532,0.328871,0.329590,0.377929,0.643336,0.228379,0.270129,0.533063,0.115538,0.046064
fragility,0.40,cbf_safety_filter,5,120,0.350000,0.150000,0.284014,0.327980,0.329192,0.378397,0.640766,0.225924,0.271555,0.531291,0.115593,0.037872
fragility,0.40,cbf_safety_filter,6,120,0.458333,0.225000,0.284523,0.328043,0.328981,0.376176,0.638590,0.226833,0.271256,0.534102,0.115581,0.099598
fragility,0.40,cbf_safety_filter,7,120,0.425000,0.200000,0.285633,0.326541,0.330548,0.377002,0.642481,0.226098,0.270964,0.535046,0.115699,0.081883
fragility,0.40,cbf_safety_filter,8,120,0.475000,0.233333,0.286137,0.331543,0.332098,0.377154,0.639089,0.228369,0.272184,0.535329,0.114651,0.109125
fragility,0.40,cbf_safety_filter,9,120,0.425000,0.158333,0.286876,0.329153,0.328290,0.375650,0.640401,0.228318,0.270852,0.535578,0.116454,0.106914
fragility,0.40,confidence_threshold_shared_control,0,120,0.116667,0.308333,0.462782,0.877925,0.427597,0.507822,0.331308,0.380902,0.341283,0.346267,0.063849,-0.541837
fragility,0.40,confidence_threshold_shared_control,1,120,0.083333,0.258333,0.461586,0.885755,0.430275,0.508403,0.329137,0.381033,0.340438,0.344638,0.063676,-0.546436
fragility,0.40,confidence_threshold_shared_control,2,120,0.141667,0.250000,0.462454,0.882891,0.430847,0.508323,0.330207,0.380085,0.342261,0.342976,0.064003,-0.482367
fragility,0.40,confidence_threshold_shared_control,3,120,0.125000,0.216667,0.462732,0.882328,0.429518,0.507488,0.331166,0.380571,0.341597,0.346613,0.063797,-0.477960
fragility,0.40,confidence_threshold_shared_control,4,120,0.116667,0.291667,0.460941,0.882590,0.431061,0.505172,0.330971,0.379893,0.342366,0.347048,0.063891,-0.532325
fragility,0.40,confidence_threshold_shared_control,5,120,0.100000,0.366667,0.464285,0.884177,0.431950,0.510466,0.329463,0.381458,0.343031,0.344343,0.063867,-0.597763
fragility,0.40,confidence_threshold_shared_control,6,120,0.066667,0.350000,0.462206,0.883030,0.431793,0.507666,0.330254,0.381676,0.342866,0.347213,0.063846,-0.619566
fragility,0.40,confidence_threshold_shared_control,7,120,0.108333,0.341667,0.464790,0.882902,0.429451,0.508470,0.331161,0.380884,0.341102,0.347496,0.063851,-0.572918
fragility,0.40,confidence_threshold_shared_control,8,120,0.158333,0.358333,0.461957,0.883321,0.431532,0.506868,0.330397,0.380881,0.342039,0.344590,0.063837,-0.532845
fragility,0.40,confidence_threshold_shared_control,9,120,0.100000,0.400000,0.463496,0.880694,0.429254,0.507088,0.330602,0.379426,0.341178,0.346602,0.063395,-0.616266
fragility,0.40,mpc_risk_arbitration,0,120,0.466667,0.225000,0.265126,0.371333,0.310717,0.390670,0.709127,0.294609,0.249389,0.566927,0.129642,0.102439
fragility,0.40,mpc_risk_arbitration,1,120,0.425000,0.208333,0.264362,0.373588,0.315636,0.389785,0.708909,0.294447,0.253431,0.563454,0.128633,0.070074
fragility,0.40,mpc_risk_arbitration,2,120,0.408333,0.183333,0.264274,0.377102,0.312680,0.391341,0.710592,0.296593,0.250531,0.565399,0.127785,0.068292
fragility,0.40,mpc_risk_arbitration,3,120,0.400000,0.183333,0.261506,0.372442,0.313850,0.387845,0.708866,0.293656,0.252887,0.566537,0.127847,0.062157
fragility,0.40,mpc_risk_arbitration,4,120,0.508333,0.200000,0.264264,0.370957,0.314298,0.386542,0.712122,0.294803,0.251866,0.564243,0.129792,0.160055
fragility,0.40,mpc_risk_arbitration,5,120,0.450000,0.158333,0.262057,0.375910,0.312811,0.386429,0.707773,0.294159,0.252267,0.560877,0.128187,0.126885
fragility,0.40,mpc_risk_arbitration,6,120,0.408333,0.241667,0.264968,0.373735,0.313272,0.387658,0.709979,0.295040,0.252584,0.567062,0.128699,0.033213
fragility,0.40,mpc_risk_arbitration,7,120,0.466667,0.266667,0.263603,0.372753,0.313097,0.389212,0.710663,0.293988,0.250856,0.564159,0.129957,0.076625
fragility,0.40,mpc_risk_arbitration,8,120,0.358333,0.233333,0.261217,0.373512,0.314346,0.388478,0.708590,0.295473,0.252227,0.563234,0.128602,-0.011053
fragility,0.40,mpc_risk_arbitration,9,120,0.433333,0.166667,0.265103,0.372253,0.312650,0.386267,0.712155,0.294652,0.250695,0.566032,0.129202,0.105515
fragility,0.40,pomdp_handoff_policy,0,120,0.366667,0.216667,0.300277,0.555365,0.336748,0.426666,0.636771,0.355082,0.260535,0.525188,0.101197,-0.065670
fragility,0.40,pomdp_handoff_policy,1,120,0.266667,0.216667,0.304130,0.555811,0.340402,0.428787,0.637649,0.354378,0.263541,0.522211,0.101537,-0.167438
fragility,0.40,pomdp_handoff_policy,2,120,0.250000,0.150000,0.302476,0.556972,0.339117,0.429021,0.638881,0.355569,0.261562,0.522465,0.100803,-0.142480
fragility,0.40,pomdp_handoff_policy,3,120,0.358333,0.150000,0.300637,0.554534,0.339375,0.430183,0.637436,0.354437,0.261891,0.523132,0.101078,-0.033285
fragility,0.40,pomdp_handoff_policy,4,120,0.425000,0.291667,0.301752,0.556761,0.340674,0.428046,0.636929,0.355014,0.261464,0.524498,0.101762,-0.055314
fragility,0.40,pomdp_handoff_policy,5,120,0.383333,0.233333,0.302113,0.556265,0.340515,0.427244,0.638703,0.354247,0.261230,0.524268,0.101388,-0.060445
fragility,0.40,pomdp_handoff_policy,6,120,0.300000,0.216667,0.302696,0.558059,0.336338,0.426849,0.638414,0.356310,0.261336,0.522882,0.102136,-0.133535
fragility,0.40,pomdp_handoff_policy,7,120,0.316667,0.233333,0.302310,0.556498,0.338691,0.428646,0.637841,0.354475,0.261948,0.523875,0.100997,-0.127185
fragility,0.40,pomdp_handoff_policy,8,120,0.375000,0.200000,0.301542,0.554971,0.340317,0.426628,0.640189,0.354560,0.261549,0.526065,0.101169,-0.047465
fragility,0.40,pomdp_handoff_policy,9,120,0.425000,0.258333,0.302050,0.555331,0.337361,0.426759,0.636302,0.354839,0.262849,0.525248,0.101708,-0.033727
fragility,0.40,recovery_aware_mpc,0,120,0.358333,0.208333,0.277443,0.416110,0.308788,0.397776,0.756531,0.342052,0.261556,0.551757,0.126584,-0.010883
fragility,0.40,recovery_aware_mpc,1,120,0.450000,0.175000,0.277842,0.420486,0.310693,0.400119,0.757268,0.342170,0.261076,0.553937,0.125692,0.099762
fragility,0.40,recovery_aware_mpc,2,120,0.366667,0.200000,0.279516,0.420638,0.311154,0.400267,0.756913,0.342745,0.262332,0.555675,0.124583,0.000296
fragility,0.40,recovery_aware_mpc,3,120,0.416667,0.133333,0.279790,0.423306,0.309019,0.399602,0.760041,0.343766,0.261132,0.552314,0.125485,0.091490
fragility,0.40,recovery_aware_mpc,4,120,0.391667,0.216667,0.277874,0.419622,0.308946,0.400260,0.758885,0.342380,0.263055,0.555160,0.126724,0.016166
fragility,0.40,recovery_aware_mpc,5,120,0.425000,0.166667,0.278510,0.420748,0.312790,0.398632,0.758212,0.344193,0.264004,0.552030,0.125430,0.079415
fragility,0.40,recovery_aware_mpc,6,120,0.483333,0.308333,0.280898,0.419777,0.312163,0.396666,0.758103,0.342584,0.261707,0.554609,0.126288,0.050040
fragility,0.40,recovery_aware_mpc,7,120,0.408333,0.166667,0.278153,0.417037,0.307495,0.396958,0.754244,0.342747,0.261985,0.554211,0.126158,0.064604
fragility,0.40,recovery_aware_mpc,8,120,0.358333,0.166667,0.278236,0.420675,0.311012,0.397715,0.758665,0.344316,0.262486,0.556734,0.124638,0.013253
fragility,0.40,recovery_aware_mpc,9,120,0.358333,0.216667,0.278934,0.418668,0.307996,0.395779,0.755709,0.341027,0.262261,0.553621,0.125701,-0.016632
fragility,0.60,authority_boundary_v5,0,120,0.291667,0.241667,0.337522,0.708715,0.342926,0.462100,0.600625,0.381389,0.282913,0.502804,0.071510,-0.213048
fragility,0.60,authority_boundary_v5,1,120,0.408333,0.275000,0.337028,0.707265,0.340243,0.457352,0.602054,0.378930,0.282943,0.504260,0.071837,-0.115217
fragility,0.60,authority_boundary_v5,2,120,0.350000,0.250000,0.335357,0.709013,0.339529,0.457253,0.598488,0.378836,0.281659,0.505073,0.071624,-0.158202
fragility,0.60,authority_boundary_v5,3,120,0.425000,0.216667,0.335431,0.710060,0.342075,0.458728,0.600411,0.380424,0.282763,0.504906,0.071112,-0.063395
fragility,0.60,authority_boundary_v5,4,120,0.333333,0.283333,0.335641,0.709557,0.338853,0.459053,0.599682,0.380540,0.281696,0.505457,0.071521,-0.195920
fragility,0.60,authority_boundary_v5,5,120,0.325000,0.191667,0.337120,0.709134,0.341019,0.458703,0.602811,0.382518,0.282165,0.504225,0.071857,-0.147940
fragility,0.60,authority_boundary_v5,6,120,0.308333,0.233333,0.337960,0.706988,0.339576,0.457578,0.602023,0.380456,0.283289,0.505821,0.071894,-0.189626
fragility,0.60,authority_boundary_v5,7,120,0.450000,0.258333,0.337501,0.707562,0.343147,0.457800,0.602053,0.379478,0.281645,0.506336,0.072041,-0.063980
fragility,0.60,authority_boundary_v5,8,120,0.300000,0.241667,0.338153,0.709684,0.342356,0.456262,0.600162,0.379045,0.281549,0.505400,0.071472,-0.204116
fragility,0.60,authority_boundary_v5,9,120,0.308333,0.266667,0.336281,0.710192,0.340587,0.458821,0.603168,0.379828,0.281043,0.502825,0.070943,-0.210798
fragility,0.60,bayesian_authority_allocation,0,120,0.358333,0.241667,0.356780,0.734016,0.377245,0.448562,0.525015,0.373376,0.282626,0.463452,0.071926,-0.166382
fragility,0.60,bayesian_authority_allocation,1,120,0.258333,0.258333,0.354777,0.731837,0.376290,0.448460,0.522747,0.372918,0.281809,0.465544,0.071973,-0.275662
fragility,0.60,bayesian_authority_allocation,2,120,0.233333,0.258333,0.358422,0.731847,0.378905,0.445248,0.519406,0.373611,0.281095,0.466655,0.072603,-0.301945
fragility,0.60,bayesian_authority_allocation,3,120,0.325000,0.258333,0.357952,0.732033,0.378174,0.445828,0.521987,0.373640,0.283462,0.463301,0.072322,-0.209955
fragility,0.60,bayesian_authority_allocation,4,120,0.308333,0.283333,0.356956,0.733599,0.376283,0.449430,0.522580,0.373377,0.282133,0.463274,0.071786,-0.242304
fragility,0.60,bayesian_authority_allocation,5,120,0.225000,0.291667,0.359021,0.731210,0.375495,0.448488,0.523604,0.373522,0.281527,0.466292,0.072618,-0.330441
fragility,0.60,bayesian_authority_allocation,6,120,0.291667,0.300000,0.357775,0.734048,0.375658,0.447110,0.522745,0.373183,0.281871,0.464178,0.071699,-0.269206
fragility,0.60,bayesian_authority_allocation,7,120,0.241667,0.241667,0.357456,0.731661,0.376259,0.444975,0.522560,0.372571,0.281191,0.464012,0.072421,-0.282180
fragility,0.60,bayesian_authority_allocation,8,120,0.291667,0.241667,0.359344,0.734589,0.376497,0.447827,0.520872,0.373864,0.282122,0.463724,0.071606,-0.233999
fragility,0.60,bayesian_authority_allocation,9,120,0.300000,0.275000,0.354126,0.730668,0.375774,0.445436,0.520303,0.371943,0.283055,0.465029,0.072739,-0.243538
fragility,0.60,cbf_safety_filter,0,120,0.450000,0.191667,0.287523,0.330226,0.329446,0.379571,0.639332,0.226134,0.273992,0.533991,0.117436,0.110305
fragility,0.60,cbf_safety_filter,1,120,0.433333,0.233333,0.288365,0.328863,0.327731,0.378615,0.637670,0.226577,0.272587,0.531985,0.118258,0.068134
fragility,0.60,cbf_safety_filter,2,120,0.391667,0.141667,0.286672,0.325948,0.328375,0.375921,0.638549,0.227533,0.272461,0.534655,0.118138,0.084618
fragility,0.60,cbf_safety_filter,3,120,0.383333,0.191667,0.286658,0.330913,0.331127,0.377221,0.639892,0.228122,0.271877,0.536843,0.116689,0.043549
fragility,0.60,cbf_safety_filter,4,120,0.358333,0.216667,0.286854,0.329699,0.328955,0.377733,0.639205,0.226587,0.271077,0.534101,0.117725,0.003676
fragility,0.60,cbf_safety_filter,5,120,0.375000,0.175000,0.287942,0.328544,0.328207,0.378591,0.639452,0.227805,0.271263,0.535123,0.117577,0.046095
fragility,0.60,cbf_safety_filter,6,120,0.425000,0.175000,0.288356,0.326122,0.327227,0.377297,0.639947,0.227014,0.269131,0.534603,0.118590,0.097004
fragility,0.60,cbf_safety_filter,7,120,0.408333,0.183333,0.286294,0.329049,0.328361,0.380086,0.637650,0.228012,0.272880,0.533490,0.117149,0.074184
fragility,0.60,cbf_safety_filter,8,120,0.383333,0.166667,0.287647,0.327556,0.330264,0.376064,0.635641,0.227724,0.273062,0.533390,0.118161,0.059584
fragility,0.60,cbf_safety_filter,9,120,0.425000,0.225000,0.286601,0.324913,0.327770,0.379283,0.639485,0.226547,0.272313,0.532905,0.119505,0.066418
fragility,0.60,confidence_threshold_shared_control,0,120,0.150000,0.300000,0.465980,0.885230,0.431942,0.511305,0.328201,0.381209,0.342612,0.343326,0.065292,-0.507282
fragility,0.60,confidence_threshold_shared_control,1,120,0.183333,0.308333,0.464251,0.882778,0.429417,0.510114,0.328122,0.379606,0.340733,0.344585,0.065690,-0.477394
fragility,0.60,confidence_threshold_shared_control,2,120,0.108333,0.341667,0.466360,0.883282,0.431752,0.504883,0.326997,0.379652,0.340179,0.344963,0.065866,-0.573549
fragility,0.60,confidence_threshold_shared_control,3,120,0.116667,0.316667,0.466594,0.883457,0.431981,0.507156,0.328221,0.381022,0.342292,0.346068,0.065752,-0.550165
fragility,0.60,confidence_threshold_shared_control,4,120,0.091667,0.308333,0.463637,0.883896,0.428380,0.509318,0.328747,0.381490,0.341386,0.344862,0.065750,-0.569052
fragility,0.60,confidence_threshold_shared_control,5,120,0.133333,0.300000,0.464761,0.877819,0.431814,0.507278,0.328748,0.379634,0.341957,0.347081,0.065661,-0.521161
fragility,0.60,confidence_threshold_shared_control,6,120,0.058333,0.316667,0.466314,0.881477,0.429913,0.508200,0.329023,0.380936,0.340330,0.344051,0.065510,-0.607675
fragility,0.60,confidence_threshold_shared_control,7,120,0.108333,0.375000,0.465449,0.881885,0.430556,0.507058,0.327360,0.380362,0.343021,0.342441,0.065374,-0.593765
fragility,0.60,confidence_threshold_shared_control,8,120,0.133333,0.358333,0.466223,0.883152,0.432788,0.505408,0.330667,0.380339,0.342125,0.343841,0.065374,-0.558821
fragility,0.60,confidence_threshold_shared_control,9,120,0.091667,0.333333,0.463190,0.882906,0.430506,0.509404,0.328875,0.379137,0.343182,0.342920,0.065105,-0.584308
fragility,0.60,mpc_risk_arbitration,0,120,0.425000,0.175000,0.268016,0.372016,0.314166,0.390443,0.707661,0.296163,0.252397,0.562730,0.132972,0.090089
fragility,0.60,mpc_risk_arbitration,1,120,0.516667,0.200000,0.267866,0.367450,0.312881,0.388936,0.706737,0.292663,0.251170,0.564084,0.134215,0.168051
fragility,0.60,mpc_risk_arbitration,2,120,0.433333,0.225000,0.265382,0.370551,0.313096,0.388182,0.707428,0.293877,0.253057,0.564634,0.132463,0.069085
fragility,0.60,mpc_risk_arbitration,3,120,0.458333,0.200000,0.266603,0.376048,0.314290,0.388846,0.704667,0.295167,0.250442,0.563135,0.131055,0.107340
fragility,0.60,mpc_risk_arbitration,4,120,0.491667,0.191667,0.265359,0.374166,0.313860,0.386657,0.706391,0.293807,0.252333,0.563719,0.131668,0.147208
fragility,0.60,mpc_risk_arbitration,5,120,0.450000,0.225000,0.266870,0.370708,0.314161,0.387159,0.707220,0.293978,0.250575,0.565062,0.132346,0.085268
fragility,0.60,mpc_risk_arbitration,6,120,0.325000,0.233333,0.265654,0.369230,0.311653,0.387678,0.707784,0.295241,0.251425,0.565504,0.133796,-0.043983
fragility,0.60,mpc_risk_arbitration,7,120,0.400000,0.233333,0.267939,0.373382,0.312755,0.387014,0.708206,0.295173,0.251715,0.566913,0.132255,0.029394
fragility,0.60,mpc_risk_arbitration,8,120,0.383333,0.225000,0.267753,0.376437,0.316855,0.386162,0.704452,0.296509,0.252785,0.565013,0.133198,0.016219
fragility,0.60,mpc_risk_arbitration,9,120,0.383333,0.241667,0.265447,0.374367,0.311405,0.389803,0.708705,0.293060,0.252942,0.564155,0.131893,0.008080
fragility,0.60,pomdp_handoff_policy,0,120,0.400000,0.191667,0.305904,0.556304,0.339675,0.429813,0.633529,0.354963,0.262223,0.522729,0.104388,-0.019562
fragility,0.60,pomdp_handoff_policy,1,120,0.400000,0.266667,0.304231,0.556177,0.336819,0.426893,0.636140,0.353187,0.262181,0.524854,0.104022,-0.064419
fragility,0.60,pomdp_handoff_policy,2,120,0.391667,0.266667,0.305109,0.556733,0.339021,0.428944,0.634652,0.355816,0.262165,0.527338,0.103778,-0.074086
fragility,0.60,pomdp_handoff_policy,3,120,0.366667,0.258333,0.304924,0.558129,0.340787,0.429931,0.634723,0.356412,0.262622,0.523723,0.103363,-0.094663
fragility,0.60,pomdp_handoff_policy,4,120,0.308333,0.191667,0.304764,0.557389,0.338195,0.427384,0.633094,0.355393,0.262286,0.522932,0.103879,-0.110753
fragility,0.60,pomdp_handoff_policy,5,120,0.333333,0.250000,0.304750,0.557269,0.339880,0.429474,0.634700,0.354871,0.260825,0.524312,0.104393,-0.122227
fragility,0.60,pomdp_handoff_policy,6,120,0.308333,0.208333,0.305287,0.555800,0.337266,0.426521,0.636678,0.354924,0.261814,0.523422,0.103428,-0.120250
fragility,0.60,pomdp_handoff_policy,7,120,0.275000,0.233333,0.305274,0.554958,0.338004,0.425929,0.638477,0.355095,0.264220,0.526711,0.105034,-0.168798
fragility,0.60,pomdp_handoff_policy,8,120,0.300000,0.275000,0.305331,0.558827,0.342427,0.425930,0.633193,0.355736,0.261187,0.523320,0.103734,-0.171769
fragility,0.60,pomdp_handoff_policy,9,120,0.358333,0.233333,0.303179,0.558255,0.338807,0.429219,0.635421,0.355371,0.262187,0.521242,0.103174,-0.086528
fragility,0.60,recovery_aware_mpc,0,120,0.416667,0.283333,0.281330,0.420979,0.309577,0.398953,0.754263,0.342340,0.264560,0.551892,0.129686,-0.001667
fragility,0.60,recovery_aware_mpc,1,120,0.383333,0.150000,0.280665,0.419462,0.307466,0.398468,0.757298,0.340727,0.261609,0.553508,0.129313,0.048996
fragility,0.60,recovery_aware_mpc,2,120,0.391667,0.208333,0.280433,0.419731,0.309059,0.396355,0.756480,0.342859,0.262523,0.552587,0.129204,0.020877
fragility,0.60,recovery_aware_mpc,3,120,0.466667,0.200000,0.281141,0.420776,0.312165,0.398989,0.758249,0.343493,0.262609,0.556333,0.128825,0.099881
fragility,0.60,recovery_aware_mpc,4,120,0.383333,0.241667,0.279402,0.421313,0.307272,0.397830,0.755300,0.343380,0.261512,0.554299,0.128391,-0.008283
fragility,0.60,recovery_aware_mpc,5,120,0.375000,0.258333,0.279439,0.421359,0.310439,0.400688,0.756867,0.343861,0.260730,0.556594,0.127167,-0.027742
fragility,0.60,recovery_aware_mpc,6,120,0.466667,0.283333,0.280491,0.419397,0.309868,0.397635,0.755461,0.341322,0.262464,0.555346,0.129809,0.049232
fragility,0.60,recovery_aware_mpc,7,120,0.475000,0.225000,0.280432,0.421731,0.307505,0.397646,0.755151,0.342766,0.262303,0.555255,0.129097,0.093394
fragility,0.60,recovery_aware_mpc,8,120,0.400000,0.225000,0.279939,0.418916,0.311794,0.395022,0.754473,0.341780,0.260552,0.551288,0.129086,0.018866
fragility,0.60,recovery_aware_mpc,9,120,0.425000,0.208333,0.280465,0.416984,0.309600,0.398265,0.755811,0.341260,0.263485,0.554794,0.129891,0.054652
fragility,0.80,authority_boundary_v5,0,120,0.283333,0.291667,0.341008,0.708884,0.341630,0.461362,0.600348,0.381604,0.282991,0.504731,0.074565,-0.253041
fragility,0.80,authority_boundary_v5,1,120,0.241667,0.191667,0.340520,0.706477,0.340680,0.459123,0.600131,0.380419,0.281692,0.502883,0.074932,-0.231486
fragility,0.80,authority_boundary_v5,2,120,0.291667,0.333333,0.339216,0.707566,0.341222,0.456429,0.601708,0.379432,0.281748,0.503111,0.074279,-0.268793
fragility,0.80,authority_boundary_v5,3,120,0.300000,0.283333,0.340443,0.707906,0.340338,0.459218,0.601949,0.380030,0.281550,0.502240,0.074146,-0.230082
fragility,0.80,authority_boundary_v5,4,120,0.341667,0.233333,0.339947,0.709222,0.342467,0.460543,0.602201,0.381406,0.282162,0.502218,0.074036,-0.158224
fragility,0.80,authority_boundary_v5,5,120,0.325000,0.216667,0.339890,0.706209,0.338140,0.457649,0.601511,0.380809,0.280254,0.506866,0.074358,-0.162776
fragility,0.80,authority_boundary_v5,6,120,0.383333,0.258333,0.340231,0.709164,0.342449,0.457855,0.599627,0.378560,0.281185,0.503505,0.074068,-0.131711
fragility,0.80,authority_boundary_v5,7,120,0.300000,0.200000,0.340310,0.710980,0.343721,0.459720,0.598657,0.380531,0.281380,0.504281,0.073733,-0.180035
fragility,0.80,authority_boundary_v5,8,120,0.258333,0.241667,0.339057,0.712503,0.340880,0.456916,0.599551,0.380941,0.281269,0.505471,0.073030,-0.246766
fragility,0.80,authority_boundary_v5,9,120,0.316667,0.300000,0.339486,0.706563,0.338224,0.460700,0.598986,0.382259,0.283155,0.508230,0.074958,-0.223487
fragility,0.80,bayesian_authority_allocation,0,120,0.383333,0.175000,0.361916,0.733211,0.378276,0.449080,0.519270,0.372807,0.283462,0.459612,0.074065,-0.101769
fragility,0.80,bayesian_authority_allocation,1,120,0.258333,0.275000,0.360876,0.735122,0.377091,0.450089,0.517388,0.374480,0.283113,0.463193,0.074007,-0.289217
fragility,0.80,bayesian_authority_allocation,2,120,0.233333,0.233333,0.359136,0.734768,0.375045,0.447523,0.520554,0.371696,0.283375,0.464882,0.073401,-0.286697
fragility,0.80,bayesian_authority_allocation,3,120,0.183333,0.275000,0.362101,0.735910,0.376420,0.449044,0.519635,0.374197,0.283100,0.462770,0.074130,-0.364272
fragility,0.80,bayesian_authority_allocation,4,120,0.225000,0.250000,0.362129,0.734664,0.376396,0.448041,0.520200,0.373102,0.281220,0.464904,0.073797,-0.306534
fragility,0.80,bayesian_authority_allocation,5,120,0.258333,0.291667,0.360113,0.732560,0.375452,0.445604,0.521296,0.374042,0.282013,0.465867,0.074885,-0.297588
fragility,0.80,bayesian_authority_allocation,6,120,0.291667,0.258333,0.360772,0.734022,0.379354,0.445091,0.518865,0.374994,0.282768,0.466585,0.073847,-0.244956
fragility,0.80,bayesian_authority_allocation,7,120,0.308333,0.258333,0.361738,0.735995,0.378173,0.451347,0.518090,0.374257,0.286273,0.463684,0.073810,-0.229554
fragility,0.80,bayesian_authority_allocation,8,120,0.225000,0.275000,0.358792,0.733230,0.377226,0.446761,0.518353,0.374235,0.282821,0.463669,0.073829,-0.321096
fragility,0.80,bayesian_authority_allocation,9,120,0.258333,0.250000,0.360730,0.733980,0.376905,0.446352,0.519632,0.373082,0.280637,0.465981,0.074155,-0.272609
fragility,0.80,cbf_safety_filter,0,120,0.441667,0.158333,0.289432,0.330281,0.329384,0.380618,0.634004,0.227209,0.271922,0.533309,0.121499,0.121498
fragility,0.80,cbf_safety_filter,1,120,0.375000,0.133333,0.291864,0.327085,0.328566,0.378267,0.637511,0.227429,0.273117,0.534512,0.122836,0.071162
fragility,0.80,cbf_safety_filter,2,120,0.291667,0.200000,0.288453,0.327812,0.328267,0.375662,0.636186,0.226353,0.271773,0.532716,0.122321,-0.052464
fragility,0.80,cbf_safety_filter,3,120,0.483333,0.141667,0.289609,0.328262,0.327531,0.377003,0.637182,0.227578,0.271521,0.534398,0.121259,0.174886
fragility,0.80,cbf_safety_filter,4,120,0.366667,0.200000,0.289812,0.329149,0.329625,0.378268,0.637316,0.227630,0.271785,0.533576,0.121467,0.021308
fragility,0.80,cbf_safety_filter,5,120,0.341667,0.116667,0.288493,0.326799,0.328843,0.375169,0.637034,0.227924,0.271334,0.535520,0.121910,0.049314
fragility,0.80,cbf_safety_filter,6,120,0.333333,0.166667,0.290810,0.330763,0.332973,0.376218,0.635458,0.228384,0.271317,0.533447,0.120837,0.007491
fragility,0.80,cbf_safety_filter,7,120,0.300000,0.233333,0.292157,0.331547,0.330415,0.380969,0.637775,0.227076,0.273362,0.532153,0.122724,-0.067546
fragility,0.80,cbf_safety_filter,8,120,0.458333,0.183333,0.289994,0.328065,0.328337,0.379250,0.640056,0.227981,0.271990,0.532718,0.120639,0.123795
fragility,0.80,cbf_safety_filter,9,120,0.350000,0.150000,0.291457,0.325855,0.330109,0.380052,0.636931,0.225566,0.269331,0.534724,0.122355,0.035905
fragility,0.80,confidence_threshold_shared_control,0,120,0.100000,0.366667,0.468476,0.882612,0.430295,0.509966,0.327337,0.381204,0.342988,0.342678,0.068183,-0.598256
fragility,0.80,confidence_threshold_shared_control,1,120,0.150000,0.383333,0.471393,0.885626,0.431217,0.510682,0.323825,0.381882,0.341623,0.344706,0.068478,-0.560624
fragility,0.80,confidence_threshold_shared_control,2,120,0.058333,0.350000,0.467145,0.880912,0.428501,0.504511,0.326302,0.379385,0.342544,0.343998,0.068004,-0.627808
fragility,0.80,confidence_threshold_shared_control,3,120,0.125000,0.300000,0.468231,0.883338,0.430564,0.508147,0.326450,0.380309,0.341310,0.344054,0.067866,-0.531842
fragility,0.80,confidence_threshold_shared_control,4,120,0.083333,0.300000,0.469687,0.884450,0.431255,0.509804,0.326669,0.380838,0.341136,0.344390,0.068002,-0.574484
fragility,0.80,confidence_threshold_shared_control,5,120,0.125000,0.283333,0.468052,0.884049,0.430742,0.505095,0.324650,0.381674,0.342564,0.347067,0.068029,-0.521577
fragility,0.80,confidence_threshold_shared_control,6,120,0.091667,0.391667,0.469423,0.885616,0.432935,0.507195,0.324265,0.382394,0.341622,0.342180,0.067883,-0.623502
fragility,0.80,confidence_threshold_shared_control,7,120,0.075000,0.325000,0.470072,0.886637,0.433497,0.509719,0.323553,0.383283,0.342291,0.341223,0.068039,-0.599781
fragility,0.80,confidence_threshold_shared_control,8,120,0.083333,0.333333,0.469230,0.882330,0.431736,0.507804,0.327273,0.382214,0.343068,0.346362,0.068106,-0.594454
fragility,0.80,confidence_threshold_shared_control,9,120,0.108333,0.383333,0.468722,0.882175,0.430119,0.509379,0.326717,0.379785,0.340478,0.344275,0.068143,-0.600022
fragility,0.80,mpc_risk_arbitration,0,120,0.358333,0.241667,0.268955,0.371220,0.315260,0.390164,0.701552,0.295860,0.252537,0.565962,0.137718,-0.018554
fragility,0.80,mpc_risk_arbitration,1,120,0.441667,0.266667,0.268945,0.376389,0.314702,0.387577,0.705131,0.294600,0.252573,0.562310,0.137457,0.048853
fragility,0.80,mpc_risk_arbitration,2,120,0.458333,0.266667,0.267997,0.373480,0.312687,0.387879,0.706270,0.295419,0.252251,0.565591,0.136253,0.066750
fragility,0.80,mpc_risk_arbitration,3,120,0.358333,0.225000,0.268273,0.373232,0.313603,0.389512,0.706259,0.296386,0.251925,0.565121,0.137364,-0.007867
fragility,0.80,mpc_risk_arbitration,4,120,0.458333,0.233333,0.270458,0.373412,0.315165,0.388793,0.704520,0.295553,0.253121,0.563026,0.136852,0.086158
fragility,0.80,mpc_risk_arbitration,5,120,0.408333,0.191667,0.268617,0.376114,0.312377,0.385834,0.707715,0.296003,0.250384,0.566965,0.134700,0.062815
fragility,0.80,mpc_risk_arbitration,6,120,0.500000,0.225000,0.269960,0.373792,0.318445,0.384865,0.702400,0.295654,0.251901,0.562467,0.136328,0.132792
fragility,0.80,mpc_risk_arbitration,7,120,0.475000,0.233333,0.271367,0.374287,0.316164,0.389301,0.706479,0.294839,0.252600,0.563245,0.136681,0.102395
fragility,0.80,mpc_risk_arbitration,8,120,0.433333,0.233333,0.269275,0.372082,0.314706,0.388816,0.707613,0.295549,0.253669,0.563080,0.137399,0.062092
fragility,0.80,mpc_risk_arbitration,9,120,0.358333,0.208333,0.270223,0.374142,0.312583,0.389381,0.706659,0.296278,0.250571,0.566282,0.137001,0.001983
fragility,0.80,pomdp_handoff_policy,0,120,0.366667,0.208333,0.307613,0.556483,0.338465,0.427868,0.635887,0.355241,0.264202,0.524973,0.107304,-0.063111
fragility,0.80,pomdp_handoff_policy,1,120,0.408333,0.283333,0.307087,0.559719,0.340489,0.426554,0.634825,0.355124,0.262953,0.523413,0.106933,-0.068829
fragility,0.80,pomdp_handoff_policy,2,120,0.366667,0.258333,0.307502,0.557427,0.337432,0.427974,0.635314,0.353855,0.262208,0.523651,0.107391,-0.094064
fragility,0.80,pomdp_handoff_policy,3,120,0.341667,0.291667,0.307231,0.557290,0.337226,0.427579,0.634940,0.354382,0.261684,0.524294,0.107582,-0.139632
fragility,0.80,pomdp_handoff_policy,4,120,0.425000,0.250000,0.306941,0.556727,0.339301,0.429891,0.635118,0.355523,0.262203,0.524156,0.107510,-0.030968
fragility,0.80,pomdp_handoff_policy,5,120,0.308333,0.291667,0.306154,0.555659,0.338503,0.426354,0.632561,0.356432,0.261400,0.526025,0.107823,-0.172758
fragility,0.80,pomdp_handoff_policy,6,120,0.425000,0.241667,0.308767,0.558795,0.339957,0.425785,0.634202,0.357590,0.262560,0.524104,0.107450,-0.026646
fragility,0.80,pomdp_handoff_policy,7,120,0.358333,0.216667,0.308979,0.558045,0.342179,0.429063,0.630714,0.356808,0.262867,0.522560,0.107300,-0.078636
fragility,0.80,pomdp_handoff_policy,8,120,0.325000,0.233333,0.307705,0.555842,0.338670,0.427187,0.637312,0.354484,0.263984,0.525842,0.107396,-0.119908
fragility,0.80,pomdp_handoff_policy,9,120,0.300000,0.233333,0.309232,0.555504,0.338480,0.428740,0.635600,0.354801,0.259600,0.523650,0.107941,-0.145533
fragility,0.80,recovery_aware_mpc,0,120,0.450000,0.183333,0.283676,0.420802,0.309757,0.397766,0.751998,0.341759,0.262506,0.553206,0.133320,0.093113
fragility,0.80,recovery_aware_mpc,1,120,0.400000,0.283333,0.286267,0.420200,0.311201,0.399356,0.751105,0.342297,0.261539,0.553731,0.133774,-0.019937
fragility,0.80,recovery_aware_mpc,2,120,0.400000,0.233333,0.283688,0.421618,0.308498,0.395961,0.755313,0.341256,0.262693,0.553654,0.133327,0.012648
fragility,0.80,recovery_aware_mpc,3,120,0.441667,0.200000,0.282386,0.421990,0.309347,0.396762,0.753632,0.341350,0.261125,0.553511,0.132304,0.074841
fragility,0.80,recovery_aware_mpc,4,120,0.491667,0.200000,0.282899,0.419370,0.312399,0.399051,0.751426,0.342344,0.262953,0.552796,0.133220,0.124303
fragility,0.80,recovery_aware_mpc,5,120,0.483333,0.283333,0.283225,0.419898,0.310028,0.395807,0.756256,0.341178,0.260707,0.554320,0.133611,0.065366
fragility,0.80,recovery_aware_mpc,6,120,0.350000,0.316667,0.283103,0.423681,0.312384,0.396360,0.753137,0.343576,0.263304,0.555444,0.133097,-0.090444
fragility,0.80,recovery_aware_mpc,7,120,0.450000,0.275000,0.284810,0.424065,0.311659,0.398991,0.752651,0.343081,0.261415,0.553545,0.134331,0.034682
fragility,0.80,recovery_aware_mpc,8,120,0.408333,0.225000,0.284269,0.420771,0.310138,0.397067,0.753673,0.342282,0.263898,0.550830,0.133193,0.025577
fragility,0.80,recovery_aware_mpc,9,120,0.358333,0.208333,0.283554,0.416228,0.309761,0.399947,0.752939,0.341111,0.261957,0.556413,0.134324,-0.013048
fragility,1.00,authority_boundary_v5,0,120,0.325000,0.275000,0.340508,0.710551,0.342147,0.458989,0.598070,0.381700,0.283138,0.502796,0.075781,-0.201306
fragility,1.00,authority_boundary_v5,1,120,0.233333,0.258333,0.340761,0.710532,0.339360,0.457939,0.597705,0.382064,0.280623,0.506301,0.075240,-0.282191
fragility,1.00,authority_boundary_v5,2,120,0.308333,0.308333,0.341099,0.709520,0.339566,0.458864,0.599887,0.380476,0.281156,0.506179,0.076097,-0.237844
fragility,1.00,authority_boundary_v5,3,120,0.275000,0.308333,0.342292,0.706733,0.343566,0.455201,0.600141,0.379690,0.281476,0.504237,0.076267,-0.270908
fragility,1.00,authority_boundary_v5,4,120,0.333333,0.275000,0.342977,0.710133,0.341904,0.460206,0.597313,0.381534,0.284420,0.500623,0.075531,-0.193641
fragility,1.00,authority_boundary_v5,5,120,0.300000,0.258333,0.342158,0.709453,0.341006,0.457789,0.599018,0.383180,0.282999,0.502854,0.075843,-0.215867
fragility,1.00,authority_boundary_v5,6,120,0.258333,0.316667,0.343305,0.710666,0.341850,0.460576,0.595574,0.381576,0.283579,0.502381,0.076039,-0.294863
fragility,1.00,authority_boundary_v5,7,120,0.325000,0.325000,0.341933,0.708085,0.340445,0.456970,0.596177,0.380532,0.280200,0.503172,0.076203,-0.231590
fragility,1.00,authority_boundary_v5,8,120,0.300000,0.241667,0.340104,0.705105,0.336261,0.452393,0.598093,0.377836,0.281746,0.506554,0.076452,-0.202110
fragility,1.00,authority_boundary_v5,9,120,0.266667,0.191667,0.344404,0.710252,0.342730,0.455707,0.599686,0.379154,0.283815,0.503519,0.075650,-0.208190
fragility,1.00,bayesian_authority_allocation,0,120,0.216667,0.233333,0.364586,0.734976,0.380310,0.450657,0.515515,0.374782,0.281769,0.464401,0.076725,-0.306706
fragility,1.00,bayesian_authority_allocation,1,120,0.208333,0.308333,0.362098,0.731948,0.375681,0.446942,0.517755,0.372211,0.281980,0.466276,0.076246,-0.358568
fragility,1.00,bayesian_authority_allocation,2,120,0.275000,0.325000,0.363460,0.731426,0.376280,0.449315,0.518842,0.372968,0.282236,0.463063,0.076647,-0.302819
fragility,1.00,bayesian_authority_allocation,3,120,0.250000,0.325000,0.364876,0.731022,0.376047,0.446103,0.520143,0.373910,0.281090,0.464265,0.077093,-0.327644
fragility,1.00,bayesian_authority_allocation,4,120,0.241667,0.275000,0.364411,0.733476,0.377506,0.450978,0.517566,0.372736,0.283411,0.462336,0.076356,-0.306357
fragility,1.00,bayesian_authority_allocation,5,120,0.200000,0.308333,0.364988,0.732858,0.377276,0.448860,0.518126,0.374521,0.282168,0.462263,0.076668,-0.368529
fragility,1.00,bayesian_authority_allocation,6,120,0.200000,0.291667,0.364079,0.732177,0.377488,0.450120,0.517425,0.373964,0.281488,0.461728,0.076464,-0.357991
fragility,1.00,bayesian_authority_allocation,7,120,0.250000,0.283333,0.361123,0.732010,0.375342,0.450009,0.517398,0.373216,0.282909,0.464393,0.076929,-0.301615
fragility,1.00,bayesian_authority_allocation,8,120,0.250000,0.316667,0.363538,0.731846,0.373021,0.443515,0.517822,0.371575,0.281016,0.466893,0.076561,-0.321498
fragility,1.00,bayesian_authority_allocation,9,120,0.241667,0.233333,0.362068,0.732174,0.377510,0.448489,0.517524,0.372210,0.283828,0.461785,0.076638,-0.279278
fragility,1.00,cbf_safety_filter,0,120,0.466667,0.216667,0.291987,0.329554,0.330603,0.377762,0.633615,0.227775,0.273718,0.531726,0.124891,0.109927
fragility,1.00,cbf_safety_filter,1,120,0.383333,0.175000,0.291388,0.329836,0.329219,0.376949,0.635263,0.228079,0.270184,0.534049,0.124549,0.052930
fragility,1.00,cbf_safety_filter,2,120,0.375000,0.141667,0.290337,0.328379,0.327796,0.379142,0.638027,0.227532,0.270820,0.535062,0.125292,0.066116
fragility,1.00,cbf_safety_filter,3,120,0.375000,0.158333,0.293376,0.327095,0.328602,0.375410,0.636227,0.226965,0.271243,0.536301,0.125059,0.055563
fragility,1.00,cbf_safety_filter,4,120,0.433333,0.208333,0.291624,0.329851,0.330201,0.380874,0.634952,0.227577,0.273816,0.530562,0.125423,0.081598
fragility,1.00,cbf_safety_filter,5,120,0.341667,0.191667,0.293551,0.330879,0.330906,0.379470,0.636578,0.224972,0.272080,0.534591,0.124329,-0.000018
fragility,1.00,cbf_safety_filter,6,120,0.383333,0.216667,0.292351,0.328580,0.331356,0.380173,0.635990,0.227293,0.271797,0.533322,0.125248,0.026565
fragility,1.00,cbf_safety_filter,7,120,0.383333,0.166667,0.290459,0.325752,0.327369,0.376583,0.637929,0.226244,0.272038,0.532752,0.124518,0.060046
fragility,1.00,cbf_safety_filter,8,120,0.425000,0.191667,0.290763,0.324146,0.327801,0.372989,0.636731,0.226462,0.269754,0.535951,0.124632,0.086767
fragility,1.00,cbf_safety_filter,9,120,0.358333,0.216667,0.292706,0.330811,0.330032,0.379369,0.634387,0.228091,0.273680,0.532538,0.124441,0.001041
fragility,1.00,confidence_threshold_shared_control,0,120,0.058333,0.333333,0.471953,0.883979,0.433103,0.509560,0.322297,0.380474,0.343406,0.344653,0.069735,-0.621184
fragility,1.00,confidence_threshold_shared_control,1,120,0.116667,0.325000,0.469974,0.882955,0.428424,0.506323,0.324241,0.380980,0.340341,0.343827,0.069621,-0.555702
fragility,1.00,confidence_threshold_shared_control,2,120,0.075000,0.391667,0.472774,0.882710,0.429278,0.507118,0.327095,0.380543,0.341308,0.342918,0.070000,-0.639303
fragility,1.00,confidence_threshold_shared_control,3,120,0.108333,0.333333,0.470697,0.884447,0.427678,0.504186,0.325871,0.378836,0.342651,0.344821,0.069686,-0.569020
fragility,1.00,confidence_threshold_shared_control,4,120,0.083333,0.350000,0.473494,0.882362,0.432083,0.510821,0.322551,0.382828,0.344801,0.340961,0.070058,-0.606718
fragility,1.00,confidence_threshold_shared_control,5,120,0.108333,0.383333,0.471870,0.885004,0.432296,0.510520,0.322875,0.381775,0.342378,0.345669,0.069690,-0.602479
fragility,1.00,confidence_threshold_shared_control,6,120,0.066667,0.358333,0.472925,0.882908,0.431858,0.511743,0.323302,0.382472,0.344494,0.345649,0.069722,-0.628519
fragility,1.00,confidence_threshold_shared_control,7,120,0.133333,0.450000,0.473563,0.882643,0.429530,0.508033,0.322902,0.381027,0.341956,0.345789,0.069951,-0.617851
fragility,1.00,confidence_threshold_shared_control,8,120,0.100000,0.308333,0.470499,0.880396,0.428225,0.503429,0.326857,0.380933,0.340463,0.346715,0.069668,-0.560959
fragility,1.00,confidence_threshold_shared_control,9,120,0.091667,0.358333,0.472406,0.885540,0.431778,0.509636,0.326118,0.381652,0.342990,0.341647,0.069830,-0.603448
fragility,1.00,mpc_risk_arbitration,0,120,0.341667,0.191667,0.271979,0.374143,0.317107,0.387995,0.704262,0.295445,0.251555,0.564425,0.139233,-0.005456
fragility,1.00,mpc_risk_arbitration,1,120,0.450000,0.100000,0.271775,0.374001,0.316262,0.387451,0.704484,0.293675,0.252210,0.564651,0.139856,0.160191
fragility,1.00,mpc_risk_arbitration,2,120,0.366667,0.283333,0.271503,0.374009,0.312754,0.389717,0.703709,0.296088,0.251502,0.563289,0.140576,-0.036757
fragility,1.00,mpc_risk_arbitration,3,120,0.491667,0.208333,0.273155,0.372016,0.315207,0.386698,0.703379,0.293855,0.252178,0.564729,0.140521,0.134975
fragility,1.00,mpc_risk_arbitration,4,120,0.416667,0.250000,0.273238,0.374259,0.316127,0.390758,0.703762,0.294934,0.251648,0.562270,0.140595,0.032871
fragility,1.00,mpc_risk_arbitration,5,120,0.316667,0.216667,0.271733,0.375733,0.314735,0.389679,0.704495,0.295305,0.252412,0.563205,0.139809,-0.046066
fragility,1.00,mpc_risk_arbitration,6,120,0.408333,0.250000,0.271167,0.375359,0.314391,0.389751,0.703332,0.293974,0.253662,0.562535,0.140156,0.025252
fragility,1.00,mpc_risk_arbitration,7,120,0.483333,0.266667,0.272377,0.372567,0.312282,0.388834,0.708187,0.294004,0.250475,0.565428,0.141101,0.091119
fragility,1.00,mpc_risk_arbitration,8,120,0.441667,0.233333,0.270384,0.373194,0.312337,0.382974,0.703826,0.292365,0.252058,0.566436,0.138296,0.070976
fragility,1.00,mpc_risk_arbitration,9,120,0.425000,0.166667,0.272910,0.372187,0.314742,0.388968,0.704789,0.292551,0.251891,0.562478,0.139220,0.094208
fragility,1.00,pomdp_handoff_policy,0,120,0.333333,0.308333,0.309901,0.557729,0.340670,0.428273,0.633305,0.354819,0.262002,0.522572,0.109353,-0.159881
fragility,1.00,pomdp_handoff_policy,1,120,0.325000,0.208333,0.306888,0.553966,0.339453,0.425665,0.634525,0.354514,0.263257,0.525016,0.111010,-0.103922
fragility,1.00,pomdp_handoff_policy,2,120,0.341667,0.191667,0.310098,0.558076,0.338020,0.426847,0.633270,0.356997,0.261873,0.526094,0.110307,-0.078972
fragility,1.00,pomdp_handoff_policy,3,120,0.400000,0.266667,0.309674,0.553187,0.340617,0.427245,0.633571,0.355130,0.260426,0.524932,0.110508,-0.066112
fragility,1.00,pomdp_handoff_policy,4,120,0.383333,0.241667,0.309889,0.558592,0.341651,0.432567,0.630920,0.355021,0.263150,0.523379,0.109691,-0.069635
fragility,1.00,pomdp_handoff_policy,5,120,0.325000,0.225000,0.310817,0.561552,0.340444,0.427222,0.631991,0.355978,0.262115,0.523570,0.109181,-0.117753
fragility,1.00,pomdp_handoff_policy,6,120,0.325000,0.258333,0.310082,0.556412,0.341731,0.429889,0.633911,0.355767,0.262119,0.522026,0.109515,-0.137354
fragility,1.00,pomdp_handoff_policy,7,120,0.333333,0.166667,0.308635,0.553695,0.337339,0.423352,0.633163,0.354598,0.262008,0.525191,0.111165,-0.069629
fragility,1.00,pomdp_handoff_policy,8,120,0.308333,0.266667,0.307693,0.554262,0.334921,0.423729,0.634157,0.353434,0.260302,0.526025,0.109986,-0.155992
fragility,1.00,pomdp_handoff_policy,9,120,0.325000,0.250000,0.309251,0.560277,0.340364,0.427529,0.632294,0.355179,0.264429,0.525005,0.109287,-0.132475
fragility,1.00,recovery_aware_mpc,0,120,0.475000,0.208333,0.286762,0.424323,0.313364,0.398295,0.751465,0.343334,0.262082,0.553312,0.135296,0.100155
fragility,1.00,recovery_aware_mpc,1,120,0.516667,0.250000,0.286894,0.420017,0.308925,0.395517,0.752283,0.343674,0.262378,0.555388,0.137287,0.118064
fragility,1.00,recovery_aware_mpc,2,120,0.425000,0.200000,0.284795,0.420273,0.309573,0.397140,0.753726,0.341098,0.261121,0.554128,0.136793,0.057936
fragility,1.00,recovery_aware_mpc,3,120,0.433333,0.191667,0.284458,0.419628,0.309064,0.394178,0.754089,0.341933,0.262222,0.552567,0.136364,0.072057
fragility,1.00,recovery_aware_mpc,4,120,0.441667,0.208333,0.287606,0.421427,0.310869,0.400630,0.751415,0.343006,0.264367,0.551944,0.137411,0.067454
fragility,1.00,recovery_aware_mpc,5,120,0.341667,0.183333,0.285557,0.418123,0.310016,0.398204,0.751421,0.342157,0.261937,0.554912,0.137770,-0.015228
fragility,1.00,recovery_aware_mpc,6,120,0.450000,0.241667,0.286640,0.420075,0.310383,0.399892,0.753125,0.343714,0.263850,0.551413,0.136654,0.055919
fragility,1.00,recovery_aware_mpc,7,120,0.425000,0.208333,0.284219,0.421244,0.307380,0.398708,0.753430,0.343398,0.262231,0.557345,0.135858,0.052589
fragility,1.00,recovery_aware_mpc,8,120,0.416667,0.233333,0.284072,0.419672,0.307184,0.394526,0.752719,0.342381,0.261411,0.553922,0.135953,0.029748
fragility,1.00,recovery_aware_mpc,9,120,0.308333,0.325000,0.286817,0.425083,0.312186,0.399249,0.752173,0.342995,0.262841,0.550702,0.135043,-0.138876
human_delay,0.00,authority_boundary_v5,0,120,0.375000,0.233333,0.315942,0.665985,0.271693,0.457459,0.620097,0.356207,0.282936,0.502522,0.079588,-0.092868
human_delay,0.00,authority_boundary_v5,1,120,0.400000,0.216667,0.315126,0.665716,0.270658,0.460162,0.622539,0.354546,0.283388,0.503711,0.079108,-0.057063
human_delay,0.00,authority_boundary_v5,2,120,0.333333,0.241667,0.316266,0.666692,0.267611,0.455876,0.623856,0.355611,0.280035,0.504778,0.078836,-0.138748
human_delay,0.00,authority_boundary_v5,3,120,0.325000,0.208333,0.314653,0.665837,0.269253,0.458071,0.621453,0.354158,0.282954,0.502825,0.079696,-0.126379
human_delay,0.00,authority_boundary_v5,4,120,0.383333,0.225000,0.315583,0.664635,0.267012,0.456617,0.623207,0.356105,0.283519,0.502965,0.079812,-0.077845
human_delay,0.00,authority_boundary_v5,5,120,0.316667,0.225000,0.314704,0.669484,0.267696,0.461243,0.625429,0.354752,0.281711,0.504743,0.078687,-0.145807
human_delay,0.00,authority_boundary_v5,6,120,0.366667,0.275000,0.315257,0.664038,0.271999,0.460070,0.620655,0.355408,0.283915,0.504116,0.079821,-0.126633
human_delay,0.00,authority_boundary_v5,7,120,0.383333,0.233333,0.314647,0.666122,0.268538,0.458761,0.622840,0.352720,0.282894,0.505388,0.078800,-0.083327
human_delay,0.00,authority_boundary_v5,8,120,0.433333,0.250000,0.316582,0.666855,0.271457,0.458005,0.621521,0.355459,0.284339,0.505514,0.078896,-0.045075
human_delay,0.00,authority_boundary_v5,9,120,0.383333,0.208333,0.314447,0.666010,0.266119,0.456640,0.625394,0.353096,0.281161,0.503060,0.078844,-0.066941
human_delay,0.00,bayesian_authority_allocation,0,120,0.316667,0.258333,0.336122,0.692760,0.306997,0.447718,0.542632,0.348740,0.281449,0.465205,0.079600,-0.188102
human_delay,0.00,bayesian_authority_allocation,1,120,0.300000,0.266667,0.337562,0.690094,0.302470,0.449561,0.543007,0.348082,0.283632,0.462211,0.080391,-0.209057
human_delay,0.00,bayesian_authority_allocation,2,120,0.383333,0.258333,0.337328,0.692472,0.303023,0.445160,0.542285,0.346901,0.282466,0.464542,0.079689,-0.120569
human_delay,0.00,bayesian_authority_allocation,3,120,0.275000,0.258333,0.335975,0.690194,0.304429,0.448996,0.541608,0.347040,0.282023,0.463226,0.080172,-0.228770
human_delay,0.00,bayesian_authority_allocation,4,120,0.275000,0.275000,0.334258,0.688027,0.304853,0.446961,0.542147,0.348339,0.282148,0.464657,0.081014,-0.238065
human_delay,0.00,bayesian_authority_allocation,5,120,0.325000,0.208333,0.336144,0.691779,0.306091,0.450449,0.541270,0.349221,0.281601,0.462452,0.079874,-0.148878
human_delay,0.00,bayesian_authority_allocation,6,120,0.308333,0.241667,0.337363,0.693230,0.306681,0.447499,0.543070,0.348201,0.282820,0.464083,0.079615,-0.186359
human_delay,0.00,bayesian_authority_allocation,7,120,0.233333,0.241667,0.337616,0.688687,0.303486,0.447472,0.542599,0.346132,0.282379,0.464902,0.081440,-0.259649
human_delay,0.00,bayesian_authority_allocation,8,120,0.283333,0.283333,0.335883,0.687150,0.303394,0.446385,0.541658,0.346228,0.283533,0.462472,0.080931,-0.234619
human_delay,0.00,bayesian_authority_allocation,9,120,0.408333,0.250000,0.334144,0.686689,0.303283,0.449358,0.542828,0.347223,0.280591,0.464791,0.081188,-0.088753
human_delay,0.00,cbf_safety_filter,0,120,0.391667,0.166667,0.267777,0.285278,0.260494,0.375733,0.657201,0.201988,0.272904,0.532922,0.120698,0.098533
human_delay,0.00,cbf_safety_filter,1,120,0.541667,0.183333,0.269290,0.284599,0.258058,0.381564,0.657592,0.202595,0.272504,0.531847,0.121619,0.237645
human_delay,0.00,cbf_safety_filter,2,120,0.475000,0.158333,0.268603,0.285307,0.257233,0.379677,0.660057,0.201486,0.271773,0.534820,0.122067,0.187146
human_delay,0.00,cbf_safety_filter,3,120,0.400000,0.191667,0.267033,0.283675,0.258372,0.377555,0.659080,0.200436,0.270687,0.533794,0.121998,0.092363
human_delay,0.00,cbf_safety_filter,4,120,0.433333,0.241667,0.266257,0.284560,0.257413,0.375825,0.660523,0.200380,0.272626,0.532266,0.120158,0.095160
human_delay,0.00,cbf_safety_filter,5,120,0.400000,0.166667,0.268447,0.286735,0.257018,0.377079,0.662191,0.200603,0.272640,0.534512,0.122166,0.107281
human_delay,0.00,cbf_safety_filter,6,120,0.458333,0.150000,0.268123,0.287304,0.260409,0.378222,0.659086,0.202287,0.273509,0.533381,0.120964,0.174796
human_delay,0.00,cbf_safety_filter,7,120,0.391667,0.166667,0.268758,0.283323,0.257357,0.378027,0.659077,0.201720,0.271595,0.533851,0.122248,0.099160
human_delay,0.00,cbf_safety_filter,8,120,0.375000,0.183333,0.266438,0.285881,0.257829,0.378093,0.660688,0.201800,0.272313,0.534595,0.122631,0.072164
human_delay,0.00,cbf_safety_filter,9,120,0.441667,0.175000,0.264853,0.281910,0.257857,0.376542,0.661425,0.200245,0.271854,0.533303,0.122398,0.145742
human_delay,0.00,confidence_threshold_shared_control,0,120,0.175000,0.350000,0.444022,0.840791,0.359690,0.510733,0.348324,0.354144,0.341788,0.343480,0.064370,-0.481182
human_delay,0.00,confidence_threshold_shared_control,1,120,0.225000,0.258333,0.445933,0.840953,0.358996,0.510789,0.349304,0.354249,0.344382,0.344853,0.064085,-0.374693
human_delay,0.00,confidence_threshold_shared_control,2,120,0.150000,0.316667,0.443783,0.838862,0.358474,0.507347,0.348429,0.354638,0.340677,0.345045,0.064166,-0.484433
human_delay,0.00,confidence_threshold_shared_control,3,120,0.100000,0.308333,0.445263,0.837932,0.358755,0.508277,0.347861,0.354163,0.342377,0.344570,0.064123,-0.529568
human_delay,0.00,confidence_threshold_shared_control,4,120,0.183333,0.341667,0.445159,0.839441,0.360947,0.507814,0.349928,0.354609,0.342137,0.341877,0.063695,-0.467411
human_delay,0.00,confidence_threshold_shared_control,5,120,0.225000,0.291667,0.444100,0.842449,0.358221,0.508834,0.350242,0.354623,0.340765,0.343523,0.064443,-0.394865
human_delay,0.00,confidence_threshold_shared_control,6,120,0.225000,0.308333,0.443272,0.840929,0.360622,0.512242,0.349536,0.355793,0.342980,0.344908,0.063974,-0.405593
human_delay,0.00,confidence_threshold_shared_control,7,120,0.166667,0.291667,0.442504,0.838534,0.355831,0.506123,0.349572,0.353669,0.341744,0.342742,0.063677,-0.451110
human_delay,0.00,confidence_threshold_shared_control,8,120,0.150000,0.350000,0.445555,0.841125,0.358140,0.506778,0.352196,0.353948,0.343758,0.342256,0.063691,-0.505594
human_delay,0.00,confidence_threshold_shared_control,9,120,0.158333,0.283333,0.443545,0.840659,0.357690,0.508856,0.350316,0.354684,0.341621,0.344257,0.064223,-0.455714
human_delay,0.00,mpc_risk_arbitration,0,120,0.550000,0.216667,0.247323,0.336211,0.245497,0.387368,0.725488,0.269082,0.251282,0.564296,0.135550,0.218512
human_delay,0.00,mpc_risk_arbitration,1,120,0.425000,0.233333,0.245056,0.331713,0.243138,0.390676,0.728165,0.269576,0.253283,0.563502,0.135736,0.084971
human_delay,0.00,mpc_risk_arbitration,2,120,0.425000,0.175000,0.246337,0.331383,0.240149,0.385978,0.728367,0.268694,0.252006,0.563399,0.136067,0.122043
human_delay,0.00,mpc_risk_arbitration,3,120,0.391667,0.200000,0.245524,0.331684,0.240547,0.386671,0.727815,0.269329,0.252325,0.563749,0.135655,0.073086
human_delay,0.00,mpc_risk_arbitration,4,120,0.433333,0.175000,0.245922,0.329058,0.242247,0.387913,0.726286,0.269635,0.252137,0.562890,0.137619,0.130209
human_delay,0.00,mpc_risk_arbitration,5,120,0.525000,0.250000,0.245873,0.332107,0.240663,0.387822,0.728749,0.267816,0.251141,0.562483,0.135540,0.175300
human_delay,0.00,mpc_risk_arbitration,6,120,0.491667,0.158333,0.247080,0.333133,0.244071,0.387365,0.728294,0.270621,0.252939,0.565012,0.136791,0.197444
human_delay,0.00,mpc_risk_arbitration,7,120,0.458333,0.241667,0.246258,0.331140,0.242853,0.389183,0.729893,0.270445,0.252208,0.563286,0.137553,0.113250
human_delay,0.00,mpc_risk_arbitration,8,120,0.416667,0.225000,0.246367,0.331396,0.242402,0.389224,0.724736,0.267722,0.253100,0.562564,0.138767,0.081755
human_delay,0.00,mpc_risk_arbitration,9,120,0.466667,0.225000,0.245927,0.330693,0.240568,0.388499,0.728295,0.269154,0.253055,0.563744,0.136546,0.132556
human_delay,0.00,pomdp_handoff_policy,0,120,0.366667,0.166667,0.285062,0.517660,0.268805,0.428075,0.655811,0.329862,0.263174,0.525058,0.109341,-0.007070
human_delay,0.00,pomdp_handoff_policy,1,120,0.400000,0.316667,0.282921,0.516252,0.267295,0.429762,0.653220,0.329479,0.261944,0.520680,0.109503,-0.065993
human_delay,0.00,pomdp_handoff_policy,2,120,0.450000,0.191667,0.281548,0.515684,0.266812,0.427594,0.655885,0.328518,0.261602,0.525978,0.108779,0.062633
human_delay,0.00,pomdp_handoff_policy,3,120,0.400000,0.291667,0.284379,0.510107,0.266272,0.427434,0.656732,0.329379,0.262818,0.523928,0.111103,-0.048649
human_delay,0.00,pomdp_handoff_policy,4,120,0.500000,0.200000,0.283216,0.513287,0.267283,0.424700,0.656561,0.328048,0.261712,0.525486,0.109864,0.107998
human_delay,0.00,pomdp_handoff_policy,5,120,0.416667,0.241667,0.283813,0.513267,0.265776,0.428722,0.656585,0.330858,0.261830,0.522870,0.110414,-0.001834
human_delay,0.00,pomdp_handoff_policy,6,120,0.416667,0.233333,0.285313,0.517110,0.269035,0.430867,0.654982,0.331104,0.263459,0.523046,0.109645,0.001104
human_delay,0.00,pomdp_handoff_policy,7,120,0.400000,0.283333,0.283400,0.515455,0.265950,0.429364,0.655308,0.329575,0.262431,0.524153,0.109369,-0.044834
human_delay,0.00,pomdp_handoff_policy,8,120,0.441667,0.225000,0.282663,0.514752,0.267976,0.425166,0.654468,0.330077,0.260964,0.524182,0.110739,0.033414
human_delay,0.00,pomdp_handoff_policy,9,120,0.366667,0.233333,0.280777,0.512126,0.264304,0.431089,0.656453,0.328725,0.262828,0.527187,0.110572,-0.045480
human_delay,0.00,recovery_aware_mpc,0,120,0.475000,0.216667,0.260207,0.380947,0.239984,0.400352,0.775780,0.320099,0.262684,0.550762,0.132477,0.127800
human_delay,0.00,recovery_aware_mpc,1,120,0.475000,0.216667,0.261113,0.375617,0.239018,0.399079,0.775064,0.316560,0.264176,0.551558,0.134882,0.129457
human_delay,0.00,recovery_aware_mpc,2,120,0.433333,0.125000,0.259559,0.377781,0.237617,0.397829,0.777058,0.316150,0.261383,0.553657,0.134289,0.145068
human_delay,0.00,recovery_aware_mpc,3,120,0.491667,0.166667,0.261687,0.378369,0.238226,0.395324,0.775804,0.317007,0.261325,0.556034,0.134006,0.176911
human_delay,0.00,recovery_aware_mpc,4,120,0.525000,0.216667,0.260211,0.377957,0.238887,0.395128,0.775622,0.317260,0.262386,0.551822,0.133023,0.179591
human_delay,0.00,recovery_aware_mpc,5,120,0.508333,0.250000,0.261347,0.376553,0.237996,0.398747,0.778189,0.315546,0.263834,0.553732,0.134817,0.142395
human_delay,0.00,recovery_aware_mpc,6,120,0.383333,0.208333,0.262363,0.376998,0.239897,0.400150,0.773306,0.317659,0.262983,0.553681,0.134457,0.041793
human_delay,0.00,recovery_aware_mpc,7,120,0.450000,0.208333,0.260001,0.376382,0.237419,0.397831,0.777362,0.317416,0.263896,0.552061,0.134112,0.110222
human_delay,0.00,recovery_aware_mpc,8,120,0.475000,0.150000,0.258866,0.377128,0.238539,0.395956,0.776098,0.316379,0.263268,0.554465,0.133176,0.171542
human_delay,0.00,recovery_aware_mpc,9,120,0.491667,0.191667,0.260004,0.380466,0.235084,0.397024,0.778450,0.316632,0.259820,0.556032,0.133514,0.161877
human_delay,0.20,authority_boundary_v5,0,120,0.316667,0.225000,0.324435,0.687514,0.307785,0.459712,0.610333,0.368226,0.281611,0.502432,0.074091,-0.161353
human_delay,0.20,authority_boundary_v5,1,120,0.241667,0.266667,0.324027,0.688051,0.307182,0.457895,0.611983,0.369700,0.282074,0.504526,0.074075,-0.261913
human_delay,0.20,authority_boundary_v5,2,120,0.341667,0.250000,0.323932,0.689855,0.304460,0.457389,0.611477,0.369307,0.283128,0.505248,0.073794,-0.151494
human_delay,0.20,authority_boundary_v5,3,120,0.333333,0.216667,0.324296,0.690329,0.310661,0.459322,0.612443,0.369646,0.282326,0.503295,0.072987,-0.140547
human_delay,0.20,authority_boundary_v5,4,120,0.383333,0.241667,0.324897,0.687046,0.305469,0.459104,0.612612,0.366715,0.282067,0.508668,0.074120,-0.104245
human_delay,0.20,authority_boundary_v5,5,120,0.333333,0.200000,0.326079,0.686403,0.303808,0.458563,0.613648,0.368126,0.282482,0.504782,0.074755,-0.128281
human_delay,0.20,authority_boundary_v5,6,120,0.308333,0.175000,0.325908,0.690199,0.308359,0.458620,0.613625,0.368106,0.283966,0.500556,0.073315,-0.139384
human_delay,0.20,authority_boundary_v5,7,120,0.283333,0.225000,0.324089,0.687103,0.306083,0.456129,0.612970,0.367461,0.281070,0.506734,0.074251,-0.193511
human_delay,0.20,authority_boundary_v5,8,120,0.266667,0.291667,0.326243,0.687621,0.303772,0.456127,0.614439,0.367676,0.283629,0.505314,0.073754,-0.251708
human_delay,0.20,authority_boundary_v5,9,120,0.275000,0.241667,0.322767,0.689288,0.307253,0.458870,0.613080,0.367913,0.280818,0.501725,0.073803,-0.212924
human_delay,0.20,bayesian_authority_allocation,0,120,0.358333,0.275000,0.346016,0.713320,0.344707,0.452409,0.532403,0.361501,0.286531,0.463564,0.074179,-0.172867
human_delay,0.20,bayesian_authority_allocation,1,120,0.283333,0.258333,0.346748,0.713483,0.342896,0.447337,0.533579,0.359190,0.282723,0.464066,0.074369,-0.236533
human_delay,0.20,bayesian_authority_allocation,2,120,0.300000,0.308333,0.346323,0.709768,0.342010,0.449069,0.532607,0.360980,0.279959,0.465002,0.075231,-0.250191
human_delay,0.20,bayesian_authority_allocation,3,120,0.325000,0.266667,0.345985,0.712939,0.343915,0.449423,0.532503,0.360872,0.284015,0.462412,0.074443,-0.200379
human_delay,0.20,bayesian_authority_allocation,4,120,0.325000,0.225000,0.344972,0.710583,0.341797,0.448128,0.534288,0.360202,0.281864,0.465149,0.075602,-0.173023
human_delay,0.20,bayesian_authority_allocation,5,120,0.266667,0.275000,0.345145,0.710611,0.341669,0.443422,0.533973,0.361858,0.281219,0.463937,0.074879,-0.262012
human_delay,0.20,bayesian_authority_allocation,6,120,0.300000,0.275000,0.346453,0.711081,0.342509,0.449168,0.532109,0.359730,0.282621,0.461926,0.074875,-0.229879
human_delay,0.20,bayesian_authority_allocation,7,120,0.283333,0.316667,0.346173,0.711565,0.343190,0.444942,0.532354,0.360741,0.282994,0.465620,0.074690,-0.272108
human_delay,0.20,bayesian_authority_allocation,8,120,0.358333,0.250000,0.342451,0.705318,0.339607,0.446279,0.535424,0.360049,0.280464,0.463584,0.076324,-0.152617
human_delay,0.20,bayesian_authority_allocation,9,120,0.225000,0.300000,0.345218,0.713073,0.344280,0.449647,0.533073,0.361049,0.283066,0.464183,0.075017,-0.320944
human_delay,0.20,cbf_safety_filter,0,120,0.400000,0.150000,0.275155,0.307986,0.296670,0.376264,0.650320,0.215323,0.273846,0.533518,0.117828,0.102169
human_delay,0.20,cbf_safety_filter,1,120,0.441667,0.208333,0.274857,0.305123,0.296616,0.376602,0.651154,0.214905,0.272737,0.533990,0.119206,0.108507
human_delay,0.20,cbf_safety_filter,2,120,0.383333,0.200000,0.275166,0.310199,0.294153,0.376152,0.654025,0.215159,0.272013,0.536189,0.117399,0.054697
human_delay,0.20,cbf_safety_filter,3,120,0.433333,0.150000,0.276181,0.310324,0.297278,0.381586,0.647713,0.215566,0.273902,0.531923,0.117029,0.133716
human_delay,0.20,cbf_safety_filter,4,120,0.416667,0.108333,0.276532,0.309012,0.293971,0.377769,0.651147,0.215511,0.271250,0.533579,0.117075,0.144377
human_delay,0.20,cbf_safety_filter,5,120,0.375000,0.166667,0.276014,0.308723,0.295317,0.376192,0.650949,0.214495,0.273233,0.533719,0.118285,0.066802
human_delay,0.20,cbf_safety_filter,6,120,0.400000,0.158333,0.277649,0.306156,0.296081,0.382681,0.650448,0.216462,0.275101,0.533246,0.118392,0.096039
human_delay,0.20,cbf_safety_filter,7,120,0.433333,0.116667,0.275837,0.305934,0.294237,0.375586,0.648904,0.214368,0.271548,0.533020,0.117429,0.156944
human_delay,0.20,cbf_safety_filter,8,120,0.350000,0.200000,0.274499,0.304823,0.292777,0.375922,0.653441,0.214383,0.271246,0.533378,0.119034,0.023100
human_delay,0.20,cbf_safety_filter,9,120,0.441667,0.150000,0.275967,0.309200,0.295971,0.379461,0.650270,0.215426,0.271596,0.531684,0.117615,0.143055
human_delay,0.20,confidence_threshold_shared_control,0,120,0.100000,0.375000,0.453266,0.862137,0.395401,0.506520,0.340883,0.369994,0.342184,0.342144,0.063693,-0.586505
human_delay,0.20,confidence_threshold_shared_control,1,120,0.141667,0.250000,0.451470,0.862616,0.395863,0.507868,0.340552,0.368750,0.342796,0.344639,0.063234,-0.467142
human_delay,0.20,confidence_threshold_shared_control,2,120,0.108333,0.358333,0.453620,0.858861,0.394915,0.506503,0.339084,0.368059,0.339544,0.345294,0.063341,-0.567011
human_delay,0.20,confidence_threshold_shared_control,3,120,0.175000,0.341667,0.456394,0.867530,0.398156,0.511450,0.339040,0.369475,0.343939,0.342709,0.063663,-0.494042
human_delay,0.20,confidence_threshold_shared_control,4,120,0.141667,0.325000,0.453327,0.861736,0.394133,0.507670,0.340508,0.368415,0.341691,0.345405,0.063302,-0.513564
human_delay,0.20,confidence_threshold_shared_control,5,120,0.200000,0.358333,0.452943,0.862429,0.394721,0.505350,0.339522,0.367597,0.342765,0.344974,0.063206,-0.475781
human_delay,0.20,confidence_threshold_shared_control,6,120,0.158333,0.358333,0.454268,0.862176,0.397398,0.507442,0.340500,0.368814,0.345607,0.341186,0.063639,-0.518441
human_delay,0.20,confidence_threshold_shared_control,7,120,0.125000,0.383333,0.452851,0.862185,0.396048,0.505143,0.340043,0.368914,0.341831,0.343918,0.063263,-0.566477
human_delay,0.20,confidence_threshold_shared_control,8,120,0.183333,0.325000,0.452781,0.859379,0.392998,0.505605,0.342474,0.367464,0.340967,0.345861,0.063413,-0.470514
human_delay,0.20,confidence_threshold_shared_control,9,120,0.141667,0.333333,0.453060,0.867682,0.397760,0.507117,0.341058,0.367331,0.343531,0.342579,0.063147,-0.520453
human_delay,0.20,mpc_risk_arbitration,0,120,0.441667,0.208333,0.256107,0.353308,0.280998,0.389619,0.718619,0.281534,0.252905,0.564609,0.132701,0.101302
human_delay,0.20,mpc_risk_arbitration,1,120,0.458333,0.291667,0.254546,0.354129,0.278470,0.388346,0.716982,0.283193,0.251618,0.562898,0.132994,0.066755
human_delay,0.20,mpc_risk_arbitration,2,120,0.433333,0.150000,0.252603,0.351976,0.278793,0.387101,0.718725,0.278998,0.250351,0.565629,0.131379,0.131248
human_delay,0.20,mpc_risk_arbitration,3,120,0.458333,0.191667,0.255448,0.353362,0.280283,0.388241,0.715733,0.282120,0.253538,0.563454,0.132849,0.128444
human_delay,0.20,mpc_risk_arbitration,4,120,0.491667,0.291667,0.252884,0.348344,0.278142,0.390271,0.718314,0.281830,0.250989,0.565457,0.132418,0.101957
human_delay,0.20,mpc_risk_arbitration,5,120,0.450000,0.166667,0.255023,0.355336,0.280268,0.385011,0.717837,0.284277,0.252250,0.565395,0.131848,0.135586
human_delay,0.20,mpc_risk_arbitration,6,120,0.441667,0.183333,0.255920,0.353643,0.282037,0.389736,0.717601,0.283982,0.252987,0.563937,0.132046,0.116261
human_delay,0.20,mpc_risk_arbitration,7,120,0.458333,0.191667,0.256049,0.351231,0.281296,0.386418,0.718397,0.281996,0.252098,0.563418,0.133268,0.129087
human_delay,0.20,mpc_risk_arbitration,8,120,0.525000,0.216667,0.253281,0.351840,0.278348,0.384879,0.719741,0.281650,0.251383,0.565120,0.131478,0.181598
human_delay,0.20,mpc_risk_arbitration,9,120,0.458333,0.216667,0.255102,0.354640,0.280766,0.388885,0.715634,0.282381,0.252650,0.563497,0.131676,0.112535
human_delay,0.20,pomdp_handoff_policy,0,120,0.366667,0.233333,0.293603,0.538171,0.308616,0.429972,0.645211,0.344634,0.262194,0.523914,0.104944,-0.064384
human_delay,0.20,pomdp_handoff_policy,1,120,0.341667,0.241667,0.293564,0.535694,0.305468,0.427935,0.645158,0.340426,0.262373,0.528215,0.105418,-0.092781
human_delay,0.20,pomdp_handoff_policy,2,120,0.358333,0.200000,0.294379,0.534302,0.302421,0.430993,0.646238,0.343186,0.262842,0.524945,0.105209,-0.050220
human_delay,0.20,pomdp_handoff_policy,3,120,0.333333,0.283333,0.291690,0.540097,0.306325,0.430812,0.646565,0.345221,0.262602,0.521753,0.103967,-0.128385
human_delay,0.20,pomdp_handoff_policy,4,120,0.400000,0.250000,0.292840,0.537950,0.301731,0.428508,0.649176,0.343401,0.261607,0.521786,0.104649,-0.039422
human_delay,0.20,pomdp_handoff_policy,5,120,0.341667,0.183333,0.292480,0.535388,0.301972,0.427414,0.648488,0.343025,0.260925,0.522937,0.105187,-0.055642
human_delay,0.20,pomdp_handoff_policy,6,120,0.408333,0.233333,0.293884,0.535000,0.305793,0.429844,0.647968,0.342112,0.264379,0.520869,0.105197,-0.021086
human_delay,0.20,pomdp_handoff_policy,7,120,0.416667,0.175000,0.294875,0.538027,0.304003,0.427831,0.647556,0.344451,0.263126,0.521477,0.104462,0.022701
human_delay,0.20,pomdp_handoff_policy,8,120,0.358333,0.183333,0.293119,0.535855,0.302935,0.425931,0.646742,0.342660,0.262869,0.524942,0.105154,-0.039326
human_delay,0.20,pomdp_handoff_policy,9,120,0.358333,0.233333,0.292065,0.535040,0.307153,0.430134,0.647720,0.344055,0.263284,0.521404,0.105147,-0.071107
human_delay,0.20,recovery_aware_mpc,0,120,0.391667,0.225000,0.270329,0.400749,0.275680,0.398581,0.767782,0.329452,0.262416,0.553892,0.129194,0.024944
human_delay,0.20,recovery_aware_mpc,1,120,0.375000,0.183333,0.270006,0.398107,0.277615,0.397888,0.765924,0.328591,0.261996,0.553652,0.129285,0.034536
human_delay,0.20,recovery_aware_mpc,2,120,0.500000,0.208333,0.269305,0.400060,0.275192,0.397600,0.766365,0.330881,0.263361,0.556044,0.128697,0.143971
human_delay,0.20,recovery_aware_mpc,3,120,0.416667,0.166667,0.270364,0.403338,0.278698,0.400205,0.767131,0.330520,0.263410,0.552796,0.128428,0.084644
human_delay,0.20,recovery_aware_mpc,4,120,0.408333,0.183333,0.270213,0.400197,0.274998,0.398649,0.768458,0.330465,0.261006,0.553879,0.128773,0.067659
human_delay,0.20,recovery_aware_mpc,5,120,0.516667,0.258333,0.268319,0.398226,0.274045,0.395907,0.768185,0.328461,0.261474,0.556135,0.128628,0.131099
human_delay,0.20,recovery_aware_mpc,6,120,0.458333,0.300000,0.268426,0.400663,0.276337,0.400470,0.769841,0.331152,0.265514,0.552442,0.129397,0.045269
human_delay,0.20,recovery_aware_mpc,7,120,0.416667,0.166667,0.269653,0.400468,0.276159,0.398619,0.766771,0.330575,0.261901,0.553338,0.129270,0.086072
human_delay,0.20,recovery_aware_mpc,8,120,0.425000,0.183333,0.267500,0.397815,0.273014,0.395860,0.766898,0.327664,0.262140,0.552657,0.130176,0.086383
human_delay,0.20,recovery_aware_mpc,9,120,0.383333,0.275000,0.267746,0.400259,0.277775,0.396578,0.765733,0.329713,0.264290,0.555199,0.128136,-0.013911
human_delay,0.40,authority_boundary_v5,0,120,0.291667,0.216667,0.334768,0.710407,0.345964,0.458158,0.602053,0.381992,0.284361,0.504614,0.069036,-0.197225
human_delay,0.40,authority_boundary_v5,1,120,0.275000,0.225000,0.335760,0.715465,0.345730,0.459449,0.598889,0.383005,0.283779,0.503055,0.067269,-0.220992
human_delay,0.40,authority_boundary_v5,2,120,0.325000,0.241667,0.334879,0.711397,0.344307,0.458566,0.603755,0.383444,0.282538,0.502167,0.068778,-0.179449
human_delay,0.40,authority_boundary_v5,3,120,0.408333,0.216667,0.333749,0.713723,0.345644,0.459352,0.604272,0.381804,0.280406,0.501736,0.068104,-0.080995
human_delay,0.40,authority_boundary_v5,4,120,0.291667,0.291667,0.335078,0.711128,0.345438,0.455601,0.604054,0.381974,0.281212,0.501970,0.068648,-0.243422
human_delay,0.40,authority_boundary_v5,5,120,0.283333,0.241667,0.333014,0.709459,0.341863,0.456859,0.602128,0.382959,0.283118,0.504686,0.069156,-0.219670
human_delay,0.40,authority_boundary_v5,6,120,0.291667,0.241667,0.333472,0.707688,0.339845,0.459730,0.604232,0.381063,0.280776,0.506783,0.069333,-0.210690
human_delay,0.40,authority_boundary_v5,7,120,0.325000,0.216667,0.332574,0.711711,0.341709,0.456526,0.602575,0.380850,0.282364,0.503574,0.068727,-0.162623
human_delay,0.40,authority_boundary_v5,8,120,0.341667,0.275000,0.334947,0.708373,0.341143,0.453406,0.606952,0.380054,0.281379,0.505586,0.069349,-0.181020
human_delay,0.40,authority_boundary_v5,9,120,0.291667,0.258333,0.334844,0.710673,0.345740,0.458196,0.603746,0.382398,0.282371,0.501920,0.068715,-0.223015
human_delay,0.40,bayesian_authority_allocation,0,120,0.225000,0.266667,0.354568,0.736006,0.381628,0.449915,0.521407,0.374786,0.283071,0.464560,0.068162,-0.316433
human_delay,0.40,bayesian_authority_allocation,1,120,0.266667,0.316667,0.356945,0.738127,0.381459,0.449345,0.522371,0.375997,0.285394,0.463745,0.068743,-0.306818
human_delay,0.40,bayesian_authority_allocation,2,120,0.241667,0.216667,0.355156,0.733336,0.381957,0.448022,0.523707,0.374327,0.281477,0.463494,0.069435,-0.267868
human_delay,0.40,bayesian_authority_allocation,3,120,0.233333,0.225000,0.355984,0.736052,0.379690,0.449608,0.525247,0.375201,0.281695,0.462838,0.068432,-0.282019
human_delay,0.40,bayesian_authority_allocation,4,120,0.225000,0.258333,0.354918,0.733550,0.378735,0.444993,0.523965,0.372879,0.280937,0.462979,0.068971,-0.309316
human_delay,0.40,bayesian_authority_allocation,5,120,0.266667,0.266667,0.354019,0.733754,0.379643,0.446501,0.523612,0.374403,0.281609,0.462941,0.069325,-0.273147
human_delay,0.40,bayesian_authority_allocation,6,120,0.233333,0.283333,0.356359,0.738150,0.376801,0.449522,0.523759,0.374838,0.280855,0.463062,0.068243,-0.318393
human_delay,0.40,bayesian_authority_allocation,7,120,0.208333,0.300000,0.353990,0.733556,0.377691,0.447632,0.522704,0.375993,0.283531,0.463394,0.068587,-0.352147
human_delay,0.40,bayesian_authority_allocation,8,120,0.191667,0.341667,0.353733,0.733719,0.378207,0.444483,0.524457,0.373381,0.280202,0.465414,0.069103,-0.393925
human_delay,0.40,bayesian_authority_allocation,9,120,0.233333,0.250000,0.354585,0.733023,0.378457,0.447210,0.522925,0.373593,0.281550,0.464346,0.069290,-0.295982
human_delay,0.40,cbf_safety_filter,0,120,0.433333,0.166667,0.285474,0.331527,0.334731,0.380039,0.639910,0.230070,0.272785,0.533743,0.113423,0.108089
human_delay,0.40,cbf_safety_filter,1,120,0.358333,0.216667,0.287180,0.330628,0.335503,0.378059,0.639542,0.228366,0.274429,0.531381,0.114414,0.002133
human_delay,0.40,cbf_safety_filter,2,120,0.350000,0.175000,0.285514,0.330853,0.333436,0.382126,0.643632,0.228890,0.271919,0.534555,0.113986,0.020113
human_delay,0.40,cbf_safety_filter,3,120,0.366667,0.191667,0.286139,0.331277,0.334099,0.379404,0.639570,0.227770,0.272004,0.534581,0.113434,0.026197
human_delay,0.40,cbf_safety_filter,4,120,0.466667,0.183333,0.284930,0.327039,0.331033,0.378379,0.638815,0.227896,0.271433,0.533381,0.114129,0.133223
human_delay,0.40,cbf_safety_filter,5,120,0.450000,0.200000,0.284431,0.330589,0.332195,0.376597,0.639272,0.229063,0.273207,0.533590,0.114514,0.105444
human_delay,0.40,cbf_safety_filter,6,120,0.358333,0.216667,0.285800,0.329792,0.331876,0.376753,0.641109,0.227810,0.272597,0.530907,0.113900,0.003597
human_delay,0.40,cbf_safety_filter,7,120,0.425000,0.133333,0.283301,0.327667,0.331149,0.379879,0.641246,0.227905,0.273685,0.535565,0.113072,0.122808
human_delay,0.40,cbf_safety_filter,8,120,0.458333,0.125000,0.285156,0.328755,0.330386,0.375401,0.641355,0.227593,0.272162,0.533012,0.112414,0.161282
human_delay,0.40,cbf_safety_filter,9,120,0.375000,0.158333,0.285403,0.327769,0.333552,0.379254,0.641085,0.229546,0.272382,0.534354,0.114726,0.056271
human_delay,0.40,confidence_threshold_shared_control,0,120,0.133333,0.258333,0.463019,0.885750,0.434631,0.509219,0.328479,0.381228,0.342794,0.344114,0.063271,-0.497660
human_delay,0.40,confidence_threshold_shared_control,1,120,0.116667,0.358333,0.462877,0.888035,0.434746,0.507381,0.331193,0.381517,0.342431,0.340583,0.063139,-0.576449
human_delay,0.40,confidence_threshold_shared_control,2,120,0.108333,0.325000,0.463586,0.884449,0.434784,0.505289,0.331456,0.381762,0.342731,0.344929,0.063705,-0.563191
human_delay,0.40,confidence_threshold_shared_control,3,120,0.083333,0.308333,0.461781,0.890167,0.435660,0.509279,0.329160,0.382203,0.340326,0.341930,0.063129,-0.579625
human_delay,0.40,confidence_threshold_shared_control,4,120,0.158333,0.283333,0.461269,0.883772,0.431387,0.506086,0.329184,0.380920,0.342961,0.343133,0.063391,-0.486265
human_delay,0.40,confidence_threshold_shared_control,5,120,0.075000,0.308333,0.461256,0.885098,0.431196,0.506893,0.332819,0.381246,0.342949,0.341363,0.063186,-0.585222
human_delay,0.40,confidence_threshold_shared_control,6,120,0.100000,0.300000,0.461937,0.882162,0.429497,0.509278,0.329220,0.380220,0.343488,0.343760,0.063212,-0.554720
human_delay,0.40,confidence_threshold_shared_control,7,120,0.091667,0.341667,0.465007,0.883093,0.431878,0.508677,0.329662,0.381445,0.341153,0.345859,0.063157,-0.590274
human_delay,0.40,confidence_threshold_shared_control,8,120,0.108333,0.308333,0.461216,0.883865,0.432351,0.506904,0.331464,0.380020,0.341040,0.345299,0.062825,-0.551754
human_delay,0.40,confidence_threshold_shared_control,9,120,0.133333,0.341667,0.462451,0.886152,0.434636,0.509363,0.329913,0.380618,0.342588,0.344898,0.063444,-0.549123
human_delay,0.40,mpc_risk_arbitration,0,120,0.466667,0.225000,0.264415,0.378063,0.317384,0.389187,0.710185,0.296417,0.254696,0.564419,0.126580,0.100017
human_delay,0.40,mpc_risk_arbitration,1,120,0.416667,0.241667,0.265741,0.377683,0.318704,0.388497,0.709322,0.295352,0.251451,0.563766,0.126683,0.039352
human_delay,0.40,mpc_risk_arbitration,2,120,0.433333,0.191667,0.265043,0.374820,0.318617,0.390372,0.708847,0.296311,0.253627,0.562523,0.127273,0.087536
human_delay,0.40,mpc_risk_arbitration,3,120,0.425000,0.158333,0.263105,0.374948,0.319103,0.389695,0.705322,0.296930,0.252244,0.561691,0.127852,0.099982
human_delay,0.40,mpc_risk_arbitration,4,120,0.466667,0.216667,0.263034,0.376488,0.315484,0.387523,0.710067,0.295834,0.251691,0.564035,0.127086,0.106460
human_delay,0.40,mpc_risk_arbitration,5,120,0.425000,0.166667,0.262759,0.374809,0.315699,0.386938,0.711155,0.295956,0.252136,0.564777,0.128776,0.096375
human_delay,0.40,mpc_risk_arbitration,6,120,0.416667,0.225000,0.264824,0.374171,0.314086,0.388175,0.707198,0.294156,0.251500,0.562371,0.128434,0.051485
human_delay,0.40,mpc_risk_arbitration,7,120,0.391667,0.266667,0.264184,0.373130,0.314162,0.388074,0.709049,0.293818,0.252011,0.563103,0.127861,0.001244
human_delay,0.40,mpc_risk_arbitration,8,120,0.441667,0.216667,0.263340,0.376407,0.313699,0.387621,0.710885,0.295937,0.253073,0.567595,0.126837,0.081731
human_delay,0.40,mpc_risk_arbitration,9,120,0.391667,0.291667,0.263940,0.374956,0.317003,0.391425,0.709150,0.296261,0.253154,0.564556,0.127219,-0.015727
human_delay,0.40,pomdp_handoff_policy,0,120,0.375000,0.208333,0.301228,0.562956,0.343541,0.430737,0.639759,0.356774,0.261563,0.525346,0.098763,-0.055735
human_delay,0.40,pomdp_handoff_policy,1,120,0.333333,0.200000,0.303412,0.563734,0.344361,0.428458,0.637588,0.357217,0.263689,0.522230,0.099409,-0.093043
human_delay,0.40,pomdp_handoff_policy,2,120,0.375000,0.266667,0.301508,0.559306,0.342528,0.430015,0.636765,0.356423,0.261158,0.524276,0.100337,-0.091051
human_delay,0.40,pomdp_handoff_policy,3,120,0.358333,0.241667,0.303543,0.560700,0.345875,0.429333,0.640398,0.357199,0.262154,0.522679,0.099647,-0.093302
human_delay,0.40,pomdp_handoff_policy,4,120,0.391667,0.341667,0.304293,0.557408,0.340360,0.425609,0.637787,0.355995,0.261543,0.524474,0.100190,-0.120125
human_delay,0.40,pomdp_handoff_policy,5,120,0.408333,0.275000,0.302719,0.556984,0.340800,0.426305,0.636689,0.355205,0.261826,0.523137,0.100391,-0.061792
human_delay,0.40,pomdp_handoff_policy,6,120,0.366667,0.166667,0.301162,0.556754,0.341654,0.428924,0.638093,0.355949,0.261839,0.524802,0.100112,-0.036261
human_delay,0.40,pomdp_handoff_policy,7,120,0.375000,0.191667,0.303279,0.557069,0.342158,0.427753,0.639080,0.355611,0.261416,0.523448,0.100063,-0.043860
human_delay,0.40,pomdp_handoff_policy,8,120,0.258333,0.225000,0.301054,0.553951,0.340544,0.424202,0.636630,0.356724,0.261258,0.524269,0.101286,-0.179512
human_delay,0.40,pomdp_handoff_policy,9,120,0.408333,0.291667,0.302499,0.558045,0.340986,0.428372,0.639561,0.357246,0.260980,0.526009,0.099592,-0.072578
human_delay,0.40,recovery_aware_mpc,0,120,0.408333,0.183333,0.278937,0.423211,0.316065,0.399986,0.757852,0.344092,0.261612,0.554131,0.123582,0.051012
human_delay,0.40,recovery_aware_mpc,1,120,0.391667,0.183333,0.278938,0.426307,0.312340,0.400541,0.757404,0.344549,0.263920,0.552391,0.122650,0.034050
human_delay,0.40,recovery_aware_mpc,2,120,0.408333,0.208333,0.280543,0.424208,0.313982,0.400434,0.756642,0.341785,0.262038,0.555094,0.123904,0.035285
human_delay,0.40,recovery_aware_mpc,3,120,0.500000,0.175000,0.278578,0.424045,0.316436,0.400118,0.757274,0.344099,0.262895,0.552654,0.123761,0.147613
human_delay,0.40,recovery_aware_mpc,4,120,0.366667,0.200000,0.277653,0.421519,0.312320,0.396706,0.759248,0.344169,0.262676,0.552385,0.123471,0.000836
human_delay,0.40,recovery_aware_mpc,5,120,0.375000,0.241667,0.277588,0.421935,0.311464,0.396920,0.756063,0.343939,0.261588,0.554352,0.124498,-0.016868
human_delay,0.40,recovery_aware_mpc,6,120,0.408333,0.225000,0.276735,0.423569,0.309372,0.398902,0.759466,0.343424,0.260969,0.554998,0.124783,0.027040
human_delay,0.40,recovery_aware_mpc,7,120,0.366667,0.166667,0.278651,0.420437,0.310854,0.399506,0.758039,0.344165,0.262606,0.554061,0.125127,0.021315
human_delay,0.40,recovery_aware_mpc,8,120,0.466667,0.200000,0.278512,0.420230,0.309451,0.395985,0.756619,0.342902,0.261591,0.555114,0.124987,0.101392
human_delay,0.40,recovery_aware_mpc,9,120,0.425000,0.266667,0.277585,0.421714,0.311365,0.399072,0.756802,0.344079,0.262605,0.555772,0.125668,0.017488
human_delay,0.60,authority_boundary_v5,0,120,0.283333,0.225000,0.344429,0.733008,0.382469,0.457721,0.593332,0.394826,0.281348,0.502491,0.063609,-0.226333
human_delay,0.60,authority_boundary_v5,1,120,0.241667,0.233333,0.342417,0.729450,0.381976,0.451097,0.592018,0.395314,0.280578,0.506725,0.064913,-0.271090
human_delay,0.60,authority_boundary_v5,2,120,0.325000,0.250000,0.342034,0.729730,0.380103,0.457727,0.593842,0.394755,0.280372,0.505226,0.064396,-0.198355
human_delay,0.60,authority_boundary_v5,3,120,0.325000,0.183333,0.342252,0.732935,0.380174,0.455890,0.593668,0.396021,0.280419,0.507109,0.063365,-0.157778
human_delay,0.60,authority_boundary_v5,4,120,0.341667,0.258333,0.342555,0.737886,0.381405,0.457870,0.597123,0.394689,0.281747,0.503608,0.062637,-0.188899
human_delay,0.60,authority_boundary_v5,5,120,0.300000,0.333333,0.341620,0.735350,0.379020,0.457212,0.594702,0.394941,0.282201,0.504769,0.062508,-0.275982
human_delay,0.60,authority_boundary_v5,6,120,0.241667,0.200000,0.342991,0.733079,0.382952,0.459765,0.594777,0.392798,0.285510,0.504431,0.063400,-0.252162
human_delay,0.60,authority_boundary_v5,7,120,0.250000,0.233333,0.341997,0.732460,0.382214,0.458232,0.595369,0.394812,0.284167,0.501640,0.063714,-0.263950
human_delay,0.60,authority_boundary_v5,8,120,0.291667,0.291667,0.342218,0.735904,0.381502,0.458435,0.595561,0.395425,0.283113,0.507190,0.062546,-0.259288
human_delay,0.60,authority_boundary_v5,9,120,0.341667,0.258333,0.341672,0.733467,0.381391,0.459351,0.594504,0.394226,0.283747,0.504774,0.063081,-0.187957
human_delay,0.60,bayesian_authority_allocation,0,120,0.200000,0.275000,0.363538,0.755374,0.416749,0.448222,0.515600,0.387362,0.282910,0.465880,0.063638,-0.360629
human_delay,0.60,bayesian_authority_allocation,1,120,0.258333,0.225000,0.362842,0.755037,0.415551,0.445554,0.515036,0.386872,0.278730,0.468126,0.063572,-0.270525
human_delay,0.60,bayesian_authority_allocation,2,120,0.241667,0.208333,0.362409,0.758551,0.412634,0.448448,0.514938,0.388179,0.281737,0.468075,0.062939,-0.277613
human_delay,0.60,bayesian_authority_allocation,3,120,0.175000,0.233333,0.363821,0.758051,0.416583,0.445069,0.512173,0.387942,0.282004,0.465588,0.062972,-0.360436
human_delay,0.60,bayesian_authority_allocation,4,120,0.275000,0.266667,0.364049,0.757289,0.418424,0.449093,0.515247,0.386928,0.282308,0.464211,0.063740,-0.281407
human_delay,0.60,bayesian_authority_allocation,5,120,0.241667,0.283333,0.363439,0.756160,0.416425,0.447332,0.514062,0.385392,0.280180,0.463130,0.063500,-0.324060
human_delay,0.60,bayesian_authority_allocation,6,120,0.175000,0.316667,0.363082,0.758158,0.416946,0.449520,0.511932,0.388829,0.281972,0.464377,0.063375,-0.412644
human_delay,0.60,bayesian_authority_allocation,7,120,0.216667,0.216667,0.364489,0.757641,0.416072,0.449501,0.514289,0.387977,0.283460,0.466069,0.063342,-0.308789
human_delay,0.60,bayesian_authority_allocation,8,120,0.191667,0.200000,0.363941,0.758190,0.416174,0.448794,0.516279,0.388417,0.283129,0.463143,0.063613,-0.323267
human_delay,0.60,bayesian_authority_allocation,9,120,0.283333,0.275000,0.362547,0.754488,0.414621,0.449275,0.515279,0.387503,0.281640,0.464287,0.064138,-0.276661
human_delay,0.60,cbf_safety_filter,0,120,0.375000,0.150000,0.295620,0.347634,0.368808,0.377850,0.629967,0.240740,0.271158,0.534463,0.111413,0.046635
human_delay,0.60,cbf_safety_filter,1,120,0.366667,0.158333,0.294612,0.346896,0.368360,0.373964,0.631435,0.239916,0.269680,0.534353,0.110972,0.034302
human_delay,0.60,cbf_safety_filter,2,120,0.325000,0.133333,0.292095,0.348981,0.368666,0.374250,0.630090,0.239656,0.271701,0.532724,0.110376,0.008099
human_delay,0.60,cbf_safety_filter,3,120,0.525000,0.183333,0.293946,0.350127,0.369240,0.376236,0.631273,0.241790,0.268426,0.535175,0.110574,0.175913
human_delay,0.60,cbf_safety_filter,4,120,0.408333,0.208333,0.292450,0.354004,0.369248,0.378085,0.630949,0.241836,0.270143,0.532515,0.110312,0.042936
human_delay,0.60,cbf_safety_filter,5,120,0.341667,0.191667,0.292497,0.350289,0.368461,0.376903,0.632297,0.241947,0.272018,0.534774,0.109511,-0.012153
human_delay,0.60,cbf_safety_filter,6,120,0.400000,0.150000,0.293266,0.348964,0.369861,0.378548,0.632672,0.242161,0.273031,0.532880,0.110291,0.071726
human_delay,0.60,cbf_safety_filter,7,120,0.391667,0.216667,0.293133,0.352257,0.369750,0.378515,0.633426,0.243276,0.272793,0.533204,0.110116,0.021273
human_delay,0.60,cbf_safety_filter,8,120,0.400000,0.208333,0.293569,0.350786,0.369627,0.380322,0.630963,0.241742,0.272979,0.534522,0.110531,0.034776
human_delay,0.60,cbf_safety_filter,9,120,0.316667,0.141667,0.293428,0.347477,0.368353,0.378557,0.631522,0.240955,0.272879,0.532817,0.110696,-0.005855
human_delay,0.60,confidence_threshold_shared_control,0,120,0.100000,0.291667,0.469387,0.908570,0.470816,0.504928,0.320714,0.395248,0.340482,0.343712,0.063159,-0.566027
human_delay,0.60,confidence_threshold_shared_control,1,120,0.141667,0.341667,0.470004,0.907194,0.470532,0.505374,0.320957,0.395560,0.339936,0.344484,0.063149,-0.555204
human_delay,0.60,confidence_threshold_shared_control,2,120,0.116667,0.333333,0.471382,0.906751,0.469162,0.506343,0.321045,0.393542,0.341272,0.346568,0.063107,-0.574963
human_delay,0.60,confidence_threshold_shared_control,3,120,0.108333,0.291667,0.472858,0.908362,0.469301,0.503538,0.323428,0.395886,0.339249,0.347661,0.063644,-0.557948
human_delay,0.60,confidence_threshold_shared_control,4,120,0.125000,0.325000,0.471028,0.902961,0.468440,0.507399,0.323020,0.395650,0.342776,0.341410,0.063372,-0.560529
human_delay,0.60,confidence_threshold_shared_control,5,120,0.075000,0.266667,0.470792,0.907782,0.469966,0.508851,0.321606,0.395941,0.341595,0.346046,0.063066,-0.576021
human_delay,0.60,confidence_threshold_shared_control,6,120,0.091667,0.358333,0.470194,0.906190,0.468602,0.509695,0.324227,0.394921,0.343176,0.342776,0.063086,-0.615228
human_delay,0.60,confidence_threshold_shared_control,7,120,0.125000,0.275000,0.472219,0.908132,0.470580,0.509777,0.321851,0.396067,0.341286,0.344110,0.063082,-0.531831
human_delay,0.60,confidence_threshold_shared_control,8,120,0.083333,0.333333,0.473344,0.906924,0.472864,0.507709,0.319362,0.393636,0.341226,0.343285,0.063494,-0.609729
human_delay,0.60,confidence_threshold_shared_control,9,120,0.066667,0.391667,0.472365,0.906055,0.469637,0.507685,0.324118,0.396159,0.342115,0.344658,0.063411,-0.661462
human_delay,0.60,mpc_risk_arbitration,0,120,0.416667,0.241667,0.273503,0.397970,0.355626,0.386754,0.699890,0.309839,0.252334,0.563809,0.122899,0.024642
human_delay,0.60,mpc_risk_arbitration,1,120,0.475000,0.158333,0.274321,0.395492,0.352158,0.383808,0.700809,0.307167,0.249958,0.565423,0.122928,0.136281
human_delay,0.60,mpc_risk_arbitration,2,120,0.391667,0.250000,0.271745,0.396076,0.351649,0.387183,0.700197,0.309445,0.251570,0.565017,0.123824,-0.003983
human_delay,0.60,mpc_risk_arbitration,3,120,0.316667,0.200000,0.272794,0.396438,0.354042,0.385528,0.699742,0.308963,0.249937,0.566422,0.122676,-0.048504
human_delay,0.60,mpc_risk_arbitration,4,120,0.458333,0.225000,0.270741,0.397982,0.355655,0.386626,0.700747,0.308702,0.252282,0.561191,0.122755,0.077522
human_delay,0.60,mpc_risk_arbitration,5,120,0.316667,0.216667,0.272508,0.399292,0.350193,0.387955,0.700192,0.308172,0.251036,0.565891,0.122253,-0.059011
human_delay,0.60,mpc_risk_arbitration,6,120,0.416667,0.166667,0.272446,0.397000,0.353077,0.389743,0.698380,0.309370,0.252713,0.563989,0.122655,0.071614
human_delay,0.60,mpc_risk_arbitration,7,120,0.416667,0.150000,0.274055,0.395050,0.354304,0.387699,0.699515,0.308101,0.254133,0.561916,0.123230,0.082280
human_delay,0.60,mpc_risk_arbitration,8,120,0.433333,0.208333,0.274323,0.398704,0.353128,0.388414,0.699191,0.309532,0.253663,0.563588,0.122496,0.061769
human_delay,0.60,mpc_risk_arbitration,9,120,0.408333,0.133333,0.273784,0.396988,0.353034,0.387695,0.700129,0.308636,0.252606,0.563322,0.122362,0.084081
human_delay,0.60,pomdp_handoff_policy,0,120,0.325000,0.308333,0.311722,0.579412,0.379691,0.427024,0.628094,0.370061,0.261320,0.526291,0.094963,-0.181908
human_delay,0.60,pomdp_handoff_policy,1,120,0.341667,0.283333,0.309492,0.581716,0.376652,0.426666,0.628293,0.368944,0.261219,0.524776,0.093868,-0.149080
human_delay,0.60,pomdp_handoff_policy,2,120,0.333333,0.175000,0.311193,0.580817,0.377267,0.426372,0.631591,0.368766,0.260184,0.526793,0.095019,-0.090238
human_delay,0.60,pomdp_handoff_policy,3,120,0.283333,0.300000,0.310311,0.580938,0.379451,0.424543,0.629469,0.370155,0.260936,0.525344,0.095147,-0.217985
human_delay,0.60,pomdp_handoff_policy,4,120,0.316667,0.175000,0.311463,0.580955,0.379520,0.428016,0.626983,0.370742,0.262855,0.522365,0.095161,-0.108129
human_delay,0.60,pomdp_handoff_policy,5,120,0.308333,0.158333,0.311940,0.580454,0.375695,0.426850,0.629276,0.369708,0.260570,0.524793,0.094451,-0.105089
human_delay,0.60,pomdp_handoff_policy,6,120,0.291667,0.191667,0.310993,0.581256,0.378828,0.432419,0.625759,0.369772,0.264324,0.522377,0.094663,-0.143835
human_delay,0.60,pomdp_handoff_policy,7,120,0.416667,0.241667,0.311022,0.580733,0.380083,0.429422,0.628598,0.369624,0.261850,0.522222,0.094775,-0.049316
human_delay,0.60,pomdp_handoff_policy,8,120,0.308333,0.250000,0.312073,0.584037,0.378482,0.427828,0.629368,0.370820,0.262748,0.522562,0.094229,-0.163483
human_delay,0.60,pomdp_handoff_policy,9,120,0.350000,0.216667,0.312353,0.581924,0.377355,0.426490,0.628507,0.369179,0.262612,0.525656,0.094471,-0.100276
human_delay,0.60,recovery_aware_mpc,0,120,0.466667,0.166667,0.288564,0.447438,0.349144,0.396882,0.748178,0.357838,0.262084,0.555956,0.118722,0.104389
human_delay,0.60,recovery_aware_mpc,1,120,0.425000,0.233333,0.285067,0.441623,0.346326,0.394465,0.748199,0.355401,0.260973,0.556650,0.120007,0.024645
human_delay,0.60,recovery_aware_mpc,2,120,0.325000,0.200000,0.287775,0.442839,0.348245,0.393611,0.748556,0.355658,0.259035,0.554259,0.120770,-0.055859
human_delay,0.60,recovery_aware_mpc,3,120,0.425000,0.208333,0.286136,0.443980,0.347753,0.395721,0.747170,0.356556,0.260977,0.556133,0.119001,0.038735
human_delay,0.60,recovery_aware_mpc,4,120,0.391667,0.250000,0.286409,0.443826,0.349877,0.398960,0.748274,0.355347,0.262900,0.554876,0.119995,-0.020982
human_delay,0.60,recovery_aware_mpc,5,120,0.375000,0.175000,0.286545,0.442672,0.348291,0.401091,0.746944,0.356441,0.263099,0.554617,0.118334,0.008876
human_delay,0.60,recovery_aware_mpc,6,120,0.366667,0.225000,0.287650,0.445899,0.348876,0.397867,0.750906,0.355223,0.263370,0.553450,0.119663,-0.030776
human_delay,0.60,recovery_aware_mpc,7,120,0.416667,0.208333,0.288043,0.444433,0.351636,0.399706,0.747369,0.356902,0.261699,0.550698,0.118991,0.028698
human_delay,0.60,recovery_aware_mpc,8,120,0.450000,0.258333,0.285347,0.445649,0.351041,0.400495,0.747986,0.356527,0.262099,0.552788,0.118818,0.031501
human_delay,0.60,recovery_aware_mpc,9,120,0.375000,0.216667,0.287437,0.441502,0.349762,0.399954,0.747622,0.355066,0.263044,0.553060,0.120663,-0.016806
human_delay,0.80,authority_boundary_v5,0,120,0.250000,0.250000,0.353523,0.755408,0.417489,0.461492,0.586944,0.406374,0.280851,0.506786,0.058091,-0.290538
human_delay,0.80,authority_boundary_v5,1,120,0.266667,0.225000,0.350704,0.753785,0.415785,0.458846,0.585633,0.406832,0.282824,0.504612,0.058677,-0.256837
human_delay,0.80,authority_boundary_v5,2,120,0.275000,0.225000,0.350262,0.752904,0.415468,0.457990,0.584234,0.405881,0.281596,0.502716,0.058460,-0.248046
human_delay,0.80,authority_boundary_v5,3,120,0.225000,0.166667,0.351190,0.753651,0.418619,0.456592,0.586113,0.407433,0.281811,0.501410,0.058831,-0.262631
human_delay,0.80,authority_boundary_v5,4,120,0.308333,0.216667,0.351772,0.756277,0.418389,0.458744,0.583738,0.408177,0.282303,0.504684,0.058338,-0.211560
human_delay,0.80,authority_boundary_v5,5,120,0.250000,0.216667,0.350013,0.752438,0.416313,0.457638,0.583970,0.405571,0.282160,0.504486,0.058681,-0.267788
human_delay,0.80,authority_boundary_v5,6,120,0.191667,0.208333,0.351736,0.753098,0.411503,0.457707,0.588624,0.407717,0.281582,0.505233,0.058485,-0.320625
human_delay,0.80,authority_boundary_v5,7,120,0.350000,0.216667,0.351265,0.751777,0.415437,0.458719,0.585718,0.405805,0.281528,0.503607,0.059334,-0.167815
human_delay,0.80,authority_boundary_v5,8,120,0.241667,0.258333,0.351928,0.755245,0.415687,0.458122,0.586405,0.407903,0.282211,0.503554,0.058391,-0.303103
human_delay,0.80,authority_boundary_v5,9,120,0.250000,0.183333,0.350431,0.752758,0.416603,0.458795,0.586531,0.406985,0.282444,0.504097,0.058890,-0.247424
human_delay,0.80,bayesian_authority_allocation,0,120,0.266667,0.258333,0.373308,0.782038,0.453242,0.449887,0.505006,0.400756,0.281503,0.464734,0.058664,-0.300696
human_delay,0.80,bayesian_authority_allocation,1,120,0.266667,0.266667,0.370830,0.778524,0.450430,0.450969,0.506302,0.400021,0.281423,0.464164,0.058461,-0.303903
human_delay,0.80,bayesian_authority_allocation,2,120,0.216667,0.275000,0.372102,0.777098,0.450566,0.450213,0.503768,0.400083,0.283542,0.463242,0.059251,-0.359185
human_delay,0.80,bayesian_authority_allocation,3,120,0.191667,0.283333,0.372546,0.779106,0.453796,0.447122,0.504895,0.401324,0.283688,0.462166,0.058739,-0.390125
human_delay,0.80,bayesian_authority_allocation,4,120,0.283333,0.250000,0.372069,0.776372,0.450982,0.449279,0.508392,0.401372,0.281579,0.463672,0.058977,-0.276550
human_delay,0.80,bayesian_authority_allocation,5,120,0.225000,0.183333,0.370855,0.775840,0.452307,0.446762,0.505387,0.398393,0.282378,0.465193,0.058947,-0.292971
human_delay,0.80,bayesian_authority_allocation,6,120,0.208333,0.300000,0.370750,0.778715,0.451138,0.447688,0.506320,0.398322,0.282241,0.464889,0.058546,-0.382477
human_delay,0.80,bayesian_authority_allocation,7,120,0.216667,0.225000,0.370116,0.779314,0.449958,0.450217,0.506439,0.401079,0.281172,0.464925,0.058740,-0.328010
human_delay,0.80,bayesian_authority_allocation,8,120,0.225000,0.241667,0.372480,0.779803,0.451378,0.447747,0.504780,0.399916,0.281950,0.463063,0.058596,-0.330665
human_delay,0.80,bayesian_authority_allocation,9,120,0.225000,0.308333,0.372352,0.777225,0.451741,0.446374,0.508095,0.399777,0.281435,0.466671,0.058768,-0.370962
human_delay,0.80,cbf_safety_filter,0,120,0.375000,0.200000,0.301321,0.371840,0.405781,0.380283,0.623434,0.255046,0.270903,0.533382,0.107485,0.000239
human_delay,0.80,cbf_safety_filter,1,120,0.391667,0.116667,0.301759,0.374266,0.403488,0.377106,0.621714,0.255312,0.271470,0.533824,0.107185,0.068465
human_delay,0.80,cbf_safety_filter,2,120,0.350000,0.191667,0.301219,0.371146,0.403923,0.376210,0.622936,0.252071,0.272848,0.533902,0.106711,-0.018358
human_delay,0.80,cbf_safety_filter,3,120,0.400000,0.108333,0.301843,0.373352,0.405920,0.376960,0.623740,0.253512,0.272947,0.534222,0.106267,0.082134
human_delay,0.80,cbf_safety_filter,4,120,0.325000,0.166667,0.301911,0.373152,0.404322,0.379089,0.622236,0.254436,0.271741,0.534157,0.106136,-0.029214
human_delay,0.80,cbf_safety_filter,5,120,0.316667,0.150000,0.300027,0.371225,0.403943,0.376527,0.624213,0.254714,0.271985,0.532523,0.106795,-0.025783
human_delay,0.80,cbf_safety_filter,6,120,0.341667,0.183333,0.301531,0.372406,0.404332,0.377411,0.622841,0.253108,0.272447,0.534166,0.106016,-0.022226
human_delay,0.80,cbf_safety_filter,7,120,0.466667,0.233333,0.302712,0.374311,0.401707,0.380889,0.624574,0.253849,0.271532,0.534438,0.107026,0.071089
human_delay,0.80,cbf_safety_filter,8,120,0.408333,0.125000,0.303124,0.371845,0.405516,0.378095,0.622544,0.254366,0.274020,0.533112,0.107486,0.079923
human_delay,0.80,cbf_safety_filter,9,120,0.316667,0.158333,0.302018,0.371138,0.407008,0.377913,0.621844,0.253569,0.271943,0.533502,0.107203,-0.032158
human_delay,0.80,confidence_threshold_shared_control,0,120,0.058333,0.316667,0.480253,0.928534,0.506073,0.511188,0.310387,0.409291,0.344017,0.344218,0.063256,-0.639323
human_delay,0.80,confidence_threshold_shared_control,1,120,0.083333,0.341667,0.480651,0.927518,0.504299,0.510889,0.312301,0.408383,0.342736,0.346451,0.063388,-0.629116
human_delay,0.80,confidence_threshold_shared_control,2,120,0.066667,0.300000,0.479213,0.930607,0.502465,0.507518,0.315189,0.409402,0.341542,0.344610,0.063448,-0.619504
human_delay,0.80,confidence_threshold_shared_control,3,120,0.083333,0.358333,0.481036,0.929069,0.507508,0.507744,0.313670,0.406998,0.342692,0.343439,0.063365,-0.639806
human_delay,0.80,confidence_threshold_shared_control,4,120,0.058333,0.266667,0.479098,0.928302,0.505471,0.508496,0.313020,0.406131,0.342997,0.344756,0.063269,-0.607033
human_delay,0.80,confidence_threshold_shared_control,5,120,0.116667,0.300000,0.480368,0.927214,0.505582,0.508042,0.314534,0.407717,0.341450,0.343126,0.063195,-0.569424
human_delay,0.80,confidence_threshold_shared_control,6,120,0.100000,0.341667,0.477681,0.928111,0.503236,0.505767,0.315360,0.407089,0.342393,0.345274,0.062931,-0.610690
human_delay,0.80,confidence_threshold_shared_control,7,120,0.066667,0.325000,0.477852,0.929846,0.503695,0.510998,0.315254,0.407928,0.343789,0.347171,0.063127,-0.634943
human_delay,0.80,confidence_threshold_shared_control,8,120,0.141667,0.308333,0.479088,0.925628,0.504156,0.507193,0.312578,0.407415,0.343105,0.342895,0.063327,-0.548686
human_delay,0.80,confidence_threshold_shared_control,9,120,0.041667,0.408333,0.478954,0.927484,0.504615,0.506498,0.313627,0.407647,0.342082,0.342725,0.063141,-0.711027
human_delay,0.80,mpc_risk_arbitration,0,120,0.375000,0.208333,0.282263,0.417683,0.389085,0.389005,0.693541,0.319734,0.251492,0.563081,0.118323,-0.010401
human_delay,0.80,mpc_risk_arbitration,1,120,0.416667,0.208333,0.280417,0.418182,0.386847,0.387582,0.692114,0.321854,0.252327,0.563212,0.118803,0.031811
human_delay,0.80,mpc_risk_arbitration,2,120,0.391667,0.233333,0.282507,0.416046,0.388084,0.390357,0.689808,0.321691,0.252039,0.562087,0.118823,-0.009398
human_delay,0.80,mpc_risk_arbitration,3,120,0.433333,0.216667,0.283564,0.421027,0.391572,0.388710,0.689967,0.321427,0.253844,0.564458,0.117971,0.040820
human_delay,0.80,mpc_risk_arbitration,4,120,0.375000,0.233333,0.282340,0.420713,0.389163,0.389446,0.690305,0.321771,0.252265,0.565184,0.118806,-0.027175
human_delay,0.80,mpc_risk_arbitration,5,120,0.408333,0.200000,0.281033,0.415439,0.388862,0.388399,0.691520,0.321249,0.252817,0.565189,0.118003,0.028741
human_delay,0.80,mpc_risk_arbitration,6,120,0.358333,0.158333,0.280421,0.415880,0.386644,0.386700,0.691701,0.322259,0.254227,0.565074,0.118534,0.005094
human_delay,0.80,mpc_risk_arbitration,7,120,0.408333,0.216667,0.280496,0.419943,0.388671,0.387495,0.693164,0.321857,0.252073,0.562701,0.117989,0.017670
human_delay,0.80,mpc_risk_arbitration,8,120,0.408333,0.258333,0.283218,0.422889,0.389498,0.387861,0.692682,0.322109,0.253610,0.563921,0.117441,-0.009791
human_delay,0.80,mpc_risk_arbitration,9,120,0.400000,0.233333,0.281111,0.416814,0.388634,0.387086,0.688380,0.321089,0.253903,0.564306,0.118980,-0.000650
human_delay,0.80,pomdp_handoff_policy,0,120,0.333333,0.266667,0.319428,0.602035,0.416791,0.426918,0.620527,0.382167,0.261658,0.523628,0.090522,-0.162837
human_delay,0.80,pomdp_handoff_policy,1,120,0.341667,0.200000,0.317796,0.604837,0.413638,0.426292,0.620539,0.382543,0.262664,0.524869,0.089232,-0.112892
human_delay,0.80,pomdp_handoff_policy,2,120,0.291667,0.191667,0.319312,0.600539,0.411926,0.426703,0.620242,0.381706,0.262112,0.525681,0.090359,-0.156788
human_delay,0.80,pomdp_handoff_policy,3,120,0.333333,0.233333,0.319943,0.605629,0.415993,0.427770,0.620462,0.382625,0.262777,0.522909,0.088708,-0.143187
human_delay,0.80,pomdp_handoff_policy,4,120,0.275000,0.191667,0.317494,0.602852,0.414239,0.429617,0.619923,0.381570,0.262644,0.525624,0.089958,-0.174287
human_delay,0.80,pomdp_handoff_policy,5,120,0.333333,0.233333,0.319431,0.605706,0.413232,0.428868,0.619376,0.381620,0.262406,0.525340,0.088395,-0.142754
human_delay,0.80,pomdp_handoff_policy,6,120,0.300000,0.158333,0.319024,0.601772,0.412116,0.426820,0.622792,0.380337,0.261468,0.525712,0.089852,-0.127715
human_delay,0.80,pomdp_handoff_policy,7,120,0.300000,0.216667,0.318501,0.599475,0.413789,0.428273,0.620561,0.382558,0.264271,0.524279,0.090212,-0.164043
human_delay,0.80,pomdp_handoff_policy,8,120,0.266667,0.258333,0.317453,0.602852,0.414924,0.430346,0.617718,0.382272,0.262045,0.521513,0.090241,-0.224387
human_delay,0.80,pomdp_handoff_policy,9,120,0.175000,0.241667,0.318804,0.600057,0.412624,0.426813,0.623018,0.380858,0.261380,0.525911,0.090447,-0.304030
human_delay,0.80,recovery_aware_mpc,0,120,0.358333,0.208333,0.296391,0.467072,0.386767,0.400532,0.740963,0.370148,0.262749,0.558708,0.114158,-0.044713
human_delay,0.80,recovery_aware_mpc,1,120,0.441667,0.166667,0.293429,0.464139,0.383574,0.397949,0.738409,0.367741,0.263250,0.553056,0.115612,0.066756
human_delay,0.80,recovery_aware_mpc,2,120,0.475000,0.200000,0.294843,0.464815,0.383843,0.396619,0.743123,0.368275,0.260833,0.555833,0.115188,0.079347
human_delay,0.80,recovery_aware_mpc,3,120,0.400000,0.175000,0.294375,0.466509,0.387158,0.399152,0.738225,0.370198,0.263218,0.552324,0.114760,0.018139
human_delay,0.80,recovery_aware_mpc,4,120,0.291667,0.250000,0.294531,0.464238,0.385145,0.397508,0.739440,0.369246,0.262548,0.553089,0.114717,-0.135476
human_delay,0.80,recovery_aware_mpc,5,120,0.425000,0.233333,0.294714,0.468453,0.385417,0.397724,0.738996,0.369840,0.261834,0.555729,0.114218,0.006968
human_delay,0.80,recovery_aware_mpc,6,120,0.333333,0.166667,0.295924,0.462612,0.383884,0.400481,0.742139,0.369884,0.261687,0.553254,0.115565,-0.042104
human_delay,0.80,recovery_aware_mpc,7,120,0.366667,0.250000,0.294180,0.462915,0.382065,0.399172,0.740952,0.367838,0.261776,0.551902,0.115280,-0.059517
human_delay,0.80,recovery_aware_mpc,8,120,0.358333,0.208333,0.295988,0.466105,0.385752,0.397809,0.740734,0.368979,0.263266,0.555613,0.114963,-0.043792
human_delay,0.80,recovery_aware_mpc,9,120,0.416667,0.200000,0.292352,0.465798,0.384422,0.397412,0.740163,0.368402,0.262958,0.553352,0.115786,0.020963
human_delay,1.00,authority_boundary_v5,0,120,0.250000,0.216667,0.360506,0.781136,0.451535,0.469450,0.578049,0.419287,0.286634,0.497902,0.053183,-0.286197
human_delay,1.00,authority_boundary_v5,1,120,0.225000,0.233333,0.361243,0.779616,0.449692,0.468840,0.577615,0.419397,0.288288,0.498213,0.053651,-0.321027
human_delay,1.00,authority_boundary_v5,2,120,0.216667,0.308333,0.359080,0.779425,0.453011,0.470408,0.576838,0.417966,0.285666,0.496393,0.053641,-0.375912
human_delay,1.00,authority_boundary_v5,3,120,0.316667,0.266667,0.361412,0.778728,0.451385,0.469074,0.576990,0.418678,0.286341,0.497174,0.053462,-0.250134
human_delay,1.00,authority_boundary_v5,4,120,0.225000,0.266667,0.362091,0.777300,0.451834,0.466020,0.575121,0.418706,0.287181,0.496217,0.054184,-0.341485
human_delay,1.00,authority_boundary_v5,5,120,0.275000,0.283333,0.361379,0.780380,0.452691,0.469712,0.576636,0.419915,0.288768,0.501093,0.053241,-0.302959
human_delay,1.00,authority_boundary_v5,6,120,0.241667,0.216667,0.361141,0.779317,0.451163,0.471663,0.575104,0.421283,0.287997,0.495415,0.053950,-0.294894
human_delay,1.00,authority_boundary_v5,7,120,0.233333,0.191667,0.362112,0.778213,0.453394,0.469457,0.574017,0.419535,0.288855,0.499274,0.053877,-0.287709
human_delay,1.00,authority_boundary_v5,8,120,0.300000,0.233333,0.361533,0.780066,0.450417,0.467546,0.578127,0.419781,0.286784,0.497855,0.052772,-0.246166
human_delay,1.00,authority_boundary_v5,9,120,0.258333,0.241667,0.359481,0.777943,0.452258,0.469145,0.576347,0.417681,0.288285,0.497473,0.053727,-0.292396
human_delay,1.00,bayesian_authority_allocation,0,120,0.200000,0.275000,0.382877,0.801252,0.488684,0.462429,0.496142,0.414755,0.288089,0.457569,0.054709,-0.393985
human_delay,1.00,bayesian_authority_allocation,1,120,0.150000,0.291667,0.380960,0.802754,0.486036,0.459428,0.496744,0.410821,0.286234,0.456752,0.055194,-0.452974
human_delay,1.00,bayesian_authority_allocation,2,120,0.150000,0.291667,0.381113,0.800762,0.486652,0.457412,0.497040,0.412420,0.288668,0.455276,0.055517,-0.452527
human_delay,1.00,bayesian_authority_allocation,3,120,0.191667,0.275000,0.381662,0.803186,0.488854,0.458708,0.495482,0.413134,0.286703,0.457760,0.054570,-0.401950
human_delay,1.00,bayesian_authority_allocation,4,120,0.191667,0.266667,0.380758,0.802647,0.486510,0.457698,0.496917,0.411296,0.288146,0.454807,0.055464,-0.395633
human_delay,1.00,bayesian_authority_allocation,5,120,0.183333,0.316667,0.380498,0.804249,0.486401,0.460813,0.497067,0.413386,0.287551,0.457421,0.054398,-0.435839
human_delay,1.00,bayesian_authority_allocation,6,120,0.208333,0.283333,0.381528,0.804098,0.486918,0.458239,0.495830,0.411022,0.287438,0.458403,0.055001,-0.390030
human_delay,1.00,bayesian_authority_allocation,7,120,0.233333,0.258333,0.381562,0.808545,0.489838,0.459032,0.494901,0.413360,0.288143,0.458812,0.053726,-0.351476
human_delay,1.00,bayesian_authority_allocation,8,120,0.183333,0.208333,0.381488,0.802343,0.484714,0.458928,0.497902,0.412092,0.287664,0.459989,0.054561,-0.367770
human_delay,1.00,bayesian_authority_allocation,9,120,0.258333,0.233333,0.381471,0.803200,0.487596,0.458123,0.498422,0.410871,0.290131,0.457552,0.055084,-0.308673
human_delay,1.00,cbf_safety_filter,0,120,0.358333,0.183333,0.311483,0.401474,0.439214,0.390717,0.611722,0.265596,0.277668,0.527770,0.102849,-0.024340
human_delay,1.00,cbf_safety_filter,1,120,0.333333,0.141667,0.313995,0.397933,0.441830,0.388831,0.612721,0.264144,0.276245,0.527117,0.102619,-0.023252
human_delay,1.00,cbf_safety_filter,2,120,0.400000,0.200000,0.311223,0.399748,0.439670,0.391314,0.613262,0.267431,0.278218,0.526874,0.103001,0.007268
human_delay,1.00,cbf_safety_filter,3,120,0.350000,0.250000,0.312602,0.397471,0.439545,0.388529,0.614278,0.264383,0.276726,0.526163,0.103786,-0.072790
human_delay,1.00,cbf_safety_filter,4,120,0.325000,0.216667,0.311212,0.397892,0.442697,0.388899,0.614173,0.267167,0.278241,0.528075,0.103215,-0.077713
human_delay,1.00,cbf_safety_filter,5,120,0.258333,0.141667,0.312574,0.399089,0.441062,0.388634,0.614339,0.267027,0.279028,0.527045,0.102686,-0.098186
human_delay,1.00,cbf_safety_filter,6,120,0.366667,0.175000,0.312427,0.397086,0.439359,0.388498,0.613529,0.266427,0.277576,0.527352,0.103567,-0.009718
human_delay,1.00,cbf_safety_filter,7,120,0.333333,0.150000,0.311662,0.398517,0.441600,0.389503,0.613027,0.267501,0.276816,0.526468,0.102959,-0.028330
human_delay,1.00,cbf_safety_filter,8,120,0.325000,0.200000,0.311615,0.396373,0.438049,0.392108,0.611899,0.265014,0.277074,0.525441,0.102527,-0.066724
human_delay,1.00,cbf_safety_filter,9,120,0.416667,0.141667,0.311486,0.398303,0.439413,0.387486,0.613095,0.265673,0.279158,0.527609,0.103198,0.061045
human_delay,1.00,confidence_threshold_shared_control,0,120,0.066667,0.333333,0.487114,0.953014,0.540101,0.520896,0.301870,0.417384,0.348161,0.337968,0.063242,-0.657014
human_delay,1.00,confidence_threshold_shared_control,1,120,0.058333,0.300000,0.486620,0.949287,0.540399,0.519145,0.303531,0.416356,0.347523,0.336142,0.063225,-0.643265
human_delay,1.00,confidence_threshold_shared_control,2,120,0.033333,0.325000,0.487058,0.952713,0.540339,0.518036,0.303415,0.418834,0.346986,0.337641,0.063293,-0.684811
human_delay,1.00,confidence_threshold_shared_control,3,120,0.041667,0.425000,0.488459,0.952805,0.541349,0.517840,0.301718,0.418237,0.347677,0.336908,0.063453,-0.739064
human_delay,1.00,confidence_threshold_shared_control,4,120,0.041667,0.391667,0.489208,0.954530,0.542841,0.520431,0.303013,0.418715,0.347399,0.339798,0.063133,-0.719492
human_delay,1.00,confidence_threshold_shared_control,5,120,0.083333,0.341667,0.489085,0.954492,0.541331,0.521974,0.301459,0.420240,0.347635,0.338258,0.063527,-0.647006
human_delay,1.00,confidence_threshold_shared_control,6,120,0.058333,0.358333,0.488489,0.950025,0.540827,0.516272,0.304215,0.417885,0.347393,0.336996,0.063286,-0.679898
human_delay,1.00,confidence_threshold_shared_control,7,120,0.025000,0.291667,0.489912,0.953574,0.541137,0.520143,0.304220,0.418535,0.348614,0.335781,0.063548,-0.673684
human_delay,1.00,confidence_threshold_shared_control,8,120,0.016667,0.350000,0.486737,0.950838,0.539971,0.516860,0.305195,0.418888,0.345696,0.337835,0.062975,-0.716111
human_delay,1.00,confidence_threshold_shared_control,9,120,0.041667,0.366667,0.489235,0.951669,0.540988,0.519109,0.302976,0.417543,0.348892,0.336346,0.063411,-0.702743
human_delay,1.00,mpc_risk_arbitration,0,120,0.300000,0.208333,0.292710,0.443454,0.423403,0.402640,0.680030,0.333706,0.257749,0.557605,0.115049,-0.103803
human_delay,1.00,mpc_risk_arbitration,1,120,0.400000,0.200000,0.290981,0.440998,0.422138,0.395226,0.681461,0.332886,0.258173,0.557922,0.114268,0.003674
human_delay,1.00,mpc_risk_arbitration,2,120,0.425000,0.250000,0.292007,0.446403,0.424723,0.401775,0.681786,0.332816,0.257484,0.558875,0.114327,-0.005046
human_delay,1.00,mpc_risk_arbitration,3,120,0.366667,0.150000,0.291122,0.441292,0.425281,0.398180,0.679020,0.334636,0.257273,0.555973,0.115296,0.000008
human_delay,1.00,mpc_risk_arbitration,4,120,0.366667,0.183333,0.291583,0.445201,0.424105,0.399040,0.682367,0.334228,0.258158,0.557584,0.113596,-0.021319
human_delay,1.00,mpc_risk_arbitration,5,120,0.316667,0.191667,0.290351,0.445842,0.423861,0.399126,0.680879,0.332683,0.258126,0.554045,0.112939,-0.076267
human_delay,1.00,mpc_risk_arbitration,6,120,0.316667,0.258333,0.288193,0.445283,0.423830,0.401293,0.682980,0.334506,0.258056,0.557819,0.113398,-0.117196
human_delay,1.00,mpc_risk_arbitration,7,120,0.316667,0.258333,0.290074,0.445451,0.426283,0.400944,0.681118,0.333038,0.258414,0.555790,0.113890,-0.118060
human_delay,1.00,mpc_risk_arbitration,8,120,0.450000,0.183333,0.287822,0.443981,0.422644,0.397402,0.682652,0.333340,0.257221,0.558792,0.114274,0.063789
human_delay,1.00,mpc_risk_arbitration,9,120,0.325000,0.208333,0.289839,0.443288,0.423956,0.400653,0.683408,0.331899,0.260272,0.558749,0.114423,-0.077444
human_delay,1.00,pomdp_handoff_policy,0,120,0.333333,0.266667,0.327568,0.626294,0.450281,0.442143,0.607481,0.392914,0.268073,0.517621,0.084970,-0.179998
human_delay,1.00,pomdp_handoff_policy,1,120,0.308333,0.208333,0.327968,0.625731,0.447958,0.439051,0.612705,0.394306,0.267062,0.520584,0.085306,-0.167774
human_delay,1.00,pomdp_handoff_policy,2,120,0.316667,0.200000,0.329122,0.625957,0.451240,0.439402,0.610188,0.392827,0.266188,0.519287,0.085235,-0.155238
human_delay,1.00,pomdp_handoff_policy,3,120,0.275000,0.241667,0.326247,0.627778,0.448751,0.437560,0.608759,0.393148,0.266531,0.517118,0.084649,-0.221983
human_delay,1.00,pomdp_handoff_policy,4,120,0.358333,0.233333,0.328333,0.625594,0.449128,0.440130,0.609783,0.393333,0.269280,0.518049,0.084963,-0.133786
human_delay,1.00,pomdp_handoff_policy,5,120,0.275000,0.291667,0.327559,0.627722,0.448918,0.439024,0.611898,0.394940,0.268072,0.516007,0.084710,-0.253428
human_delay,1.00,pomdp_handoff_policy,6,120,0.300000,0.233333,0.329711,0.626728,0.450787,0.439384,0.610545,0.393357,0.268036,0.516490,0.084680,-0.192853
human_delay,1.00,pomdp_handoff_policy,7,120,0.258333,0.191667,0.326379,0.625805,0.449621,0.440236,0.609437,0.394594,0.267846,0.516939,0.084956,-0.207760
human_delay,1.00,pomdp_handoff_policy,8,120,0.208333,0.183333,0.328013,0.625419,0.447157,0.437039,0.609545,0.392407,0.266855,0.520550,0.084441,-0.251904
human_delay,1.00,pomdp_handoff_policy,9,120,0.291667,0.200000,0.327497,0.629461,0.449275,0.439123,0.613030,0.393882,0.268449,0.516115,0.083442,-0.180203
human_delay,1.00,recovery_aware_mpc,0,120,0.325000,0.208333,0.304031,0.487456,0.420699,0.412334,0.730193,0.381840,0.265478,0.549203,0.110836,-0.093724
human_delay,1.00,recovery_aware_mpc,1,120,0.300000,0.233333,0.305720,0.490728,0.419508,0.409674,0.729960,0.381556,0.266557,0.550631,0.110058,-0.134912
human_delay,1.00,recovery_aware_mpc,2,120,0.316667,0.283333,0.303084,0.490712,0.418562,0.408255,0.729666,0.382098,0.268178,0.548942,0.110865,-0.148339
human_delay,1.00,recovery_aware_mpc,3,120,0.408333,0.225000,0.304535,0.491602,0.419897,0.407616,0.730223,0.382154,0.268479,0.548504,0.110478,-0.021180
human_delay,1.00,recovery_aware_mpc,4,120,0.350000,0.208333,0.304885,0.486574,0.420702,0.410339,0.731253,0.380435,0.266511,0.549177,0.111316,-0.068262
human_delay,1.00,recovery_aware_mpc,5,120,0.416667,0.208333,0.303526,0.489976,0.422156,0.409042,0.729891,0.380703,0.265897,0.549109,0.109449,-0.002285
human_delay,1.00,recovery_aware_mpc,6,120,0.383333,0.250000,0.305746,0.489454,0.421137,0.408752,0.732036,0.381842,0.265928,0.551530,0.109921,-0.061626
human_delay,1.00,recovery_aware_mpc,7,120,0.341667,0.216667,0.305760,0.490171,0.422011,0.410013,0.729724,0.380553,0.266891,0.546277,0.110361,-0.083148
human_delay,1.00,recovery_aware_mpc,8,120,0.400000,0.233333,0.304056,0.487960,0.418075,0.407745,0.731865,0.380374,0.266913,0.547420,0.110313,-0.033101
human_delay,1.00,recovery_aware_mpc,9,120,0.283333,0.191667,0.305011,0.492102,0.417346,0.407827,0.730572,0.379803,0.269979,0.546571,0.109702,-0.125106
intent_ambiguity,0.00,authority_boundary_v5,0,120,0.433333,0.191667,0.316637,0.663515,0.297242,0.397821,0.622136,0.367220,0.257484,0.536140,0.078223,-0.006151
intent_ambiguity,0.00,authority_boundary_v5,1,120,0.433333,0.216667,0.315674,0.662392,0.297376,0.400773,0.620166,0.368718,0.253860,0.537809,0.078321,-0.021824
intent_ambiguity,0.00,authority_boundary_v5,2,120,0.383333,0.266667,0.316742,0.662451,0.298804,0.401957,0.621909,0.369141,0.256915,0.536664,0.078747,-0.103379
intent_ambiguity,0.00,authority_boundary_v5,3,120,0.366667,0.225000,0.314885,0.665842,0.298622,0.399501,0.621213,0.369552,0.257595,0.533755,0.077797,-0.094335
intent_ambiguity,0.00,authority_boundary_v5,4,120,0.408333,0.283333,0.317291,0.661883,0.300068,0.402163,0.622837,0.368459,0.256920,0.535641,0.079194,-0.088797
intent_ambiguity,0.00,authority_boundary_v5,5,120,0.350000,0.158333,0.314215,0.663287,0.296265,0.400586,0.620426,0.370159,0.255393,0.534841,0.078293,-0.068764
intent_ambiguity,0.00,authority_boundary_v5,6,120,0.358333,0.258333,0.316744,0.663642,0.299811,0.400164,0.621851,0.370015,0.255802,0.537266,0.078506,-0.123536
intent_ambiguity,0.00,authority_boundary_v5,7,120,0.341667,0.258333,0.315813,0.663699,0.299693,0.403853,0.618773,0.370855,0.257113,0.535051,0.078810,-0.140738
intent_ambiguity,0.00,authority_boundary_v5,8,120,0.450000,0.266667,0.317063,0.664368,0.299689,0.401167,0.619726,0.370371,0.255869,0.532869,0.078141,-0.037596
intent_ambiguity,0.00,authority_boundary_v5,9,120,0.283333,0.333333,0.315032,0.666733,0.295738,0.402699,0.622574,0.370742,0.257175,0.534923,0.077571,-0.245018
intent_ambiguity,0.00,bayesian_authority_allocation,0,120,0.266667,0.275000,0.337946,0.687773,0.334715,0.391590,0.541086,0.361716,0.256797,0.497300,0.079870,-0.246815
intent_ambiguity,0.00,bayesian_authority_allocation,1,120,0.300000,0.225000,0.336550,0.686933,0.333813,0.388972,0.542556,0.361463,0.255410,0.494773,0.079827,-0.181330
intent_ambiguity,0.00,bayesian_authority_allocation,2,120,0.250000,0.291667,0.338421,0.689040,0.332999,0.392765,0.541872,0.363405,0.255712,0.498810,0.079479,-0.274211
intent_ambiguity,0.00,bayesian_authority_allocation,3,120,0.325000,0.316667,0.334415,0.687725,0.334609,0.388862,0.542986,0.361161,0.257047,0.494957,0.079736,-0.212869
intent_ambiguity,0.00,bayesian_authority_allocation,4,120,0.225000,0.191667,0.335604,0.683767,0.334481,0.388917,0.541215,0.361737,0.255433,0.496676,0.080584,-0.234902
intent_ambiguity,0.00,bayesian_authority_allocation,5,120,0.291667,0.233333,0.337288,0.687765,0.333485,0.389679,0.543098,0.361953,0.258765,0.495380,0.080234,-0.195252
intent_ambiguity,0.00,bayesian_authority_allocation,6,120,0.325000,0.266667,0.336146,0.686711,0.333100,0.388302,0.544292,0.361953,0.254495,0.493584,0.079593,-0.181725
intent_ambiguity,0.00,bayesian_authority_allocation,7,120,0.325000,0.233333,0.338285,0.687678,0.334922,0.391501,0.543963,0.364569,0.257217,0.497266,0.079740,-0.162788
intent_ambiguity,0.00,bayesian_authority_allocation,8,120,0.300000,0.300000,0.336714,0.686376,0.333171,0.390156,0.542068,0.362624,0.257007,0.495060,0.079491,-0.227932
intent_ambiguity,0.00,bayesian_authority_allocation,9,120,0.308333,0.266667,0.336500,0.691214,0.335413,0.392404,0.542007,0.362341,0.256183,0.492511,0.079193,-0.200644
intent_ambiguity,0.00,cbf_safety_filter,0,120,0.425000,0.175000,0.267467,0.283269,0.289400,0.320109,0.659257,0.215661,0.246256,0.566577,0.119041,0.128106
intent_ambiguity,0.00,cbf_safety_filter,1,120,0.416667,0.183333,0.268524,0.282099,0.283935,0.320390,0.660069,0.217165,0.246069,0.565912,0.119223,0.115378
intent_ambiguity,0.00,cbf_safety_filter,2,120,0.416667,0.133333,0.266379,0.282377,0.287334,0.321993,0.657883,0.214560,0.245314,0.563426,0.118104,0.146197
intent_ambiguity,0.00,cbf_safety_filter,3,120,0.433333,0.133333,0.268442,0.285757,0.287000,0.318663,0.660902,0.217519,0.245904,0.565888,0.116848,0.161935
intent_ambiguity,0.00,cbf_safety_filter,4,120,0.350000,0.125000,0.268490,0.284650,0.288164,0.320635,0.656785,0.218200,0.243951,0.566562,0.119010,0.083202
intent_ambiguity,0.00,cbf_safety_filter,5,120,0.433333,0.183333,0.267212,0.281105,0.285924,0.321645,0.659638,0.213744,0.247074,0.566437,0.118667,0.132450
intent_ambiguity,0.00,cbf_safety_filter,6,120,0.466667,0.150000,0.268342,0.283794,0.289392,0.321124,0.654848,0.216042,0.245758,0.565806,0.117788,0.184417
intent_ambiguity,0.00,cbf_safety_filter,7,120,0.383333,0.200000,0.267540,0.281317,0.286732,0.322501,0.659028,0.215917,0.245870,0.568195,0.118794,0.071486
intent_ambiguity,0.00,cbf_safety_filter,8,120,0.441667,0.191667,0.267643,0.285586,0.288187,0.318428,0.656677,0.215238,0.246277,0.563761,0.117386,0.134071
intent_ambiguity,0.00,cbf_safety_filter,9,120,0.450000,0.183333,0.266396,0.280588,0.285919,0.322516,0.656657,0.216328,0.246476,0.563718,0.120285,0.148844
intent_ambiguity,0.00,confidence_threshold_shared_control,0,120,0.091667,0.333333,0.442882,0.835505,0.387565,0.448685,0.348213,0.368942,0.315967,0.374839,0.063048,-0.551131
intent_ambiguity,0.00,confidence_threshold_shared_control,1,120,0.150000,0.325000,0.443792,0.838423,0.385554,0.451598,0.349828,0.369717,0.315994,0.379104,0.063317,-0.488535
intent_ambiguity,0.00,confidence_threshold_shared_control,2,120,0.200000,0.291667,0.442631,0.837686,0.388039,0.450592,0.347345,0.369234,0.317184,0.376275,0.062726,-0.417829
intent_ambiguity,0.00,confidence_threshold_shared_control,3,120,0.175000,0.258333,0.445671,0.836101,0.389470,0.451438,0.346770,0.370171,0.314755,0.373976,0.063030,-0.423012
intent_ambiguity,0.00,confidence_threshold_shared_control,4,120,0.141667,0.391667,0.444853,0.838091,0.388821,0.450688,0.348614,0.368863,0.316271,0.376005,0.063242,-0.538813
intent_ambiguity,0.00,confidence_threshold_shared_control,5,120,0.175000,0.341667,0.444304,0.841378,0.386521,0.452378,0.347414,0.368329,0.316788,0.377380,0.063051,-0.475008
intent_ambiguity,0.00,confidence_threshold_shared_control,6,120,0.166667,0.333333,0.443406,0.838220,0.389316,0.451091,0.346103,0.369324,0.314592,0.373220,0.063049,-0.477690
intent_ambiguity,0.00,confidence_threshold_shared_control,7,120,0.175000,0.291667,0.443845,0.836893,0.387981,0.450896,0.347793,0.369280,0.315964,0.375981,0.062965,-0.442938
intent_ambiguity,0.00,confidence_threshold_shared_control,8,120,0.133333,0.366667,0.444505,0.838872,0.387161,0.448567,0.348417,0.369298,0.315878,0.375713,0.062749,-0.531286
intent_ambiguity,0.00,confidence_threshold_shared_control,9,120,0.108333,0.358333,0.444853,0.840933,0.387278,0.452603,0.347574,0.370332,0.317138,0.375094,0.063337,-0.552374
intent_ambiguity,0.00,mpc_risk_arbitration,0,120,0.508333,0.208333,0.246566,0.326022,0.271975,0.331566,0.725912,0.284229,0.226101,0.594984,0.134486,0.185626
intent_ambiguity,0.00,mpc_risk_arbitration,1,120,0.516667,0.258333,0.247529,0.325628,0.268894,0.330269,0.726908,0.284685,0.225063,0.595355,0.135674,0.163496
intent_ambiguity,0.00,mpc_risk_arbitration,2,120,0.425000,0.183333,0.246413,0.330262,0.272219,0.329733,0.725716,0.286362,0.226409,0.594945,0.133256,0.116765
intent_ambiguity,0.00,mpc_risk_arbitration,3,120,0.516667,0.275000,0.247494,0.327233,0.271071,0.331540,0.726204,0.282950,0.225959,0.594407,0.134157,0.152402
intent_ambiguity,0.00,mpc_risk_arbitration,4,120,0.550000,0.250000,0.245346,0.328533,0.270377,0.329400,0.727237,0.284351,0.227351,0.596166,0.132900,0.201771
intent_ambiguity,0.00,mpc_risk_arbitration,5,120,0.441667,0.166667,0.248289,0.328426,0.270433,0.330662,0.728038,0.282582,0.225629,0.592942,0.133930,0.144475
intent_ambiguity,0.00,mpc_risk_arbitration,6,120,0.425000,0.200000,0.244398,0.328117,0.272042,0.327837,0.726700,0.282315,0.226194,0.596925,0.132976,0.108190
intent_ambiguity,0.00,mpc_risk_arbitration,7,120,0.375000,0.158333,0.247146,0.329990,0.271676,0.331825,0.727003,0.283546,0.224961,0.596372,0.133236,0.082368
intent_ambiguity,0.00,mpc_risk_arbitration,8,120,0.400000,0.191667,0.244109,0.328724,0.269582,0.330171,0.727803,0.283870,0.226055,0.593445,0.134202,0.088329
intent_ambiguity,0.00,mpc_risk_arbitration,9,120,0.416667,0.233333,0.246525,0.327412,0.272206,0.334682,0.723984,0.282585,0.225780,0.594459,0.133720,0.077735
intent_ambiguity,0.00,pomdp_handoff_policy,0,120,0.391667,0.175000,0.283910,0.511906,0.295590,0.366852,0.655810,0.343901,0.235491,0.555161,0.108441,0.016090
intent_ambiguity,0.00,pomdp_handoff_policy,1,120,0.383333,0.175000,0.280709,0.512582,0.293983,0.368779,0.656484,0.343920,0.236139,0.554501,0.107450,0.008472
intent_ambiguity,0.00,pomdp_handoff_policy,2,120,0.366667,0.225000,0.283879,0.515182,0.294518,0.371772,0.654863,0.343846,0.235712,0.555091,0.107819,-0.041178
intent_ambiguity,0.00,pomdp_handoff_policy,3,120,0.391667,0.275000,0.284157,0.511766,0.295011,0.371204,0.655660,0.344530,0.236091,0.555534,0.108834,-0.046443
intent_ambiguity,0.00,pomdp_handoff_policy,4,120,0.375000,0.258333,0.283138,0.512674,0.295191,0.371368,0.656981,0.344601,0.236537,0.557911,0.107657,-0.052689
intent_ambiguity,0.00,pomdp_handoff_policy,5,120,0.350000,0.241667,0.282586,0.510990,0.295915,0.370153,0.656618,0.342946,0.236386,0.553844,0.107650,-0.066647
intent_ambiguity,0.00,pomdp_handoff_policy,6,120,0.358333,0.250000,0.284971,0.511405,0.297567,0.368872,0.655766,0.343746,0.235512,0.554396,0.108795,-0.064435
intent_ambiguity,0.00,pomdp_handoff_policy,7,120,0.383333,0.275000,0.284210,0.513175,0.295583,0.370899,0.656429,0.344938,0.235985,0.554336,0.107564,-0.055162
intent_ambiguity,0.00,pomdp_handoff_policy,8,120,0.425000,0.233333,0.284880,0.512506,0.297307,0.369908,0.653059,0.344351,0.235688,0.553600,0.108258,0.011963
intent_ambiguity,0.00,pomdp_handoff_policy,9,120,0.350000,0.250000,0.282845,0.512923,0.296758,0.372324,0.657895,0.344308,0.237219,0.555523,0.107964,-0.072772
intent_ambiguity,0.00,recovery_aware_mpc,0,120,0.400000,0.216667,0.261285,0.374621,0.264756,0.340828,0.773378,0.329477,0.234774,0.587606,0.131150,0.056099
intent_ambiguity,0.00,recovery_aware_mpc,1,120,0.425000,0.175000,0.260656,0.373854,0.265254,0.339162,0.776743,0.330549,0.235303,0.585630,0.131202,0.107555
intent_ambiguity,0.00,recovery_aware_mpc,2,120,0.533333,0.266667,0.260158,0.377926,0.269883,0.340764,0.773966,0.332359,0.237174,0.584763,0.131024,0.156867
intent_ambiguity,0.00,recovery_aware_mpc,3,120,0.425000,0.191667,0.260232,0.372610,0.268170,0.340289,0.775526,0.331118,0.234493,0.585576,0.132010,0.096871
intent_ambiguity,0.00,recovery_aware_mpc,4,120,0.433333,0.225000,0.261660,0.375138,0.267359,0.340410,0.777176,0.330559,0.235973,0.586089,0.131399,0.083877
intent_ambiguity,0.00,recovery_aware_mpc,5,120,0.433333,0.208333,0.261415,0.371791,0.265039,0.339766,0.779212,0.329872,0.237491,0.584347,0.132762,0.095755
intent_ambiguity,0.00,recovery_aware_mpc,6,120,0.508333,0.208333,0.260383,0.372392,0.268613,0.340015,0.776145,0.331829,0.235098,0.587243,0.130738,0.169826
intent_ambiguity,0.00,recovery_aware_mpc,7,120,0.425000,0.208333,0.260102,0.377566,0.265211,0.344652,0.776802,0.332294,0.236935,0.586199,0.130281,0.085315
intent_ambiguity,0.00,recovery_aware_mpc,8,120,0.525000,0.200000,0.258691,0.376940,0.267588,0.338458,0.775208,0.331196,0.236514,0.585918,0.130953,0.191330
intent_ambiguity,0.00,recovery_aware_mpc,9,120,0.533333,0.208333,0.263086,0.373458,0.265094,0.346212,0.775957,0.332169,0.236469,0.585975,0.131957,0.193664
intent_ambiguity,0.20,authority_boundary_v5,0,120,0.366667,0.225000,0.322908,0.684825,0.319560,0.429698,0.612798,0.373002,0.269772,0.519016,0.074636,-0.108888
intent_ambiguity,0.20,authority_boundary_v5,1,120,0.358333,0.175000,0.325596,0.689683,0.321735,0.434110,0.614136,0.376753,0.269400,0.519278,0.072674,-0.089205
intent_ambiguity,0.20,authority_boundary_v5,2,120,0.358333,0.250000,0.326610,0.690747,0.323949,0.433685,0.612358,0.375896,0.272758,0.514950,0.072611,-0.136573
intent_ambiguity,0.20,authority_boundary_v5,3,120,0.341667,0.216667,0.329400,0.689929,0.324060,0.435931,0.610528,0.375474,0.271460,0.516251,0.073100,-0.133466
intent_ambiguity,0.20,authority_boundary_v5,4,120,0.308333,0.291667,0.326308,0.688962,0.322135,0.430865,0.613364,0.376017,0.270374,0.519635,0.074033,-0.211206
intent_ambiguity,0.20,authority_boundary_v5,5,120,0.291667,0.241667,0.326438,0.687790,0.322379,0.430552,0.612228,0.376821,0.269958,0.519951,0.072619,-0.196797
intent_ambiguity,0.20,authority_boundary_v5,6,120,0.325000,0.208333,0.325270,0.687415,0.321197,0.435790,0.611913,0.374395,0.270846,0.518435,0.073217,-0.142636
intent_ambiguity,0.20,authority_boundary_v5,7,120,0.400000,0.225000,0.328318,0.691746,0.325687,0.433265,0.613561,0.377100,0.270460,0.520433,0.072515,-0.080326
intent_ambiguity,0.20,authority_boundary_v5,8,120,0.350000,0.200000,0.324046,0.691269,0.325018,0.435381,0.610084,0.375793,0.270796,0.516454,0.073021,-0.113937
intent_ambiguity,0.20,authority_boundary_v5,9,120,0.316667,0.258333,0.326130,0.686770,0.321710,0.428974,0.609722,0.375344,0.271183,0.517918,0.073822,-0.181565
intent_ambiguity,0.20,bayesian_authority_allocation,0,120,0.325000,0.291667,0.345963,0.711850,0.355989,0.421399,0.532461,0.367667,0.270109,0.479251,0.074428,-0.214864
intent_ambiguity,0.20,bayesian_authority_allocation,1,120,0.266667,0.216667,0.346903,0.713104,0.357719,0.423422,0.530498,0.368843,0.270578,0.478222,0.073839,-0.228028
intent_ambiguity,0.20,bayesian_authority_allocation,2,120,0.291667,0.250000,0.347264,0.713032,0.359512,0.426441,0.530022,0.370502,0.270459,0.476233,0.074196,-0.224620
intent_ambiguity,0.20,bayesian_authority_allocation,3,120,0.316667,0.250000,0.346386,0.713286,0.359427,0.426726,0.528933,0.368481,0.271768,0.476124,0.074214,-0.199367
intent_ambiguity,0.20,bayesian_authority_allocation,4,120,0.266667,0.241667,0.346670,0.712773,0.360168,0.422637,0.532687,0.367581,0.271834,0.477409,0.074512,-0.243386
intent_ambiguity,0.20,bayesian_authority_allocation,5,120,0.316667,0.225000,0.348571,0.714524,0.356985,0.422120,0.532845,0.369060,0.269594,0.479078,0.073716,-0.183512
intent_ambiguity,0.20,bayesian_authority_allocation,6,120,0.341667,0.333333,0.346086,0.710392,0.355019,0.423780,0.533824,0.365958,0.270069,0.478574,0.074781,-0.223562
intent_ambiguity,0.20,bayesian_authority_allocation,7,120,0.341667,0.300000,0.347805,0.715164,0.359496,0.424308,0.530759,0.369620,0.271400,0.477727,0.072879,-0.205862
intent_ambiguity,0.20,bayesian_authority_allocation,8,120,0.333333,0.191667,0.346339,0.715615,0.362228,0.424129,0.529179,0.368575,0.271435,0.475516,0.073134,-0.147208
intent_ambiguity,0.20,bayesian_authority_allocation,9,120,0.250000,0.233333,0.346310,0.709079,0.358556,0.419151,0.532021,0.368695,0.272260,0.475335,0.075101,-0.253398
intent_ambiguity,0.20,cbf_safety_filter,0,120,0.408333,0.108333,0.276967,0.305978,0.308539,0.349266,0.650933,0.220718,0.259064,0.549396,0.116203,0.137215
intent_ambiguity,0.20,cbf_safety_filter,1,120,0.416667,0.208333,0.275551,0.311937,0.311666,0.353490,0.648923,0.221601,0.261546,0.549523,0.115504,0.081216
intent_ambiguity,0.20,cbf_safety_filter,2,120,0.458333,0.200000,0.278463,0.306879,0.311923,0.353276,0.647330,0.221943,0.260297,0.546929,0.115526,0.128358
intent_ambiguity,0.20,cbf_safety_filter,3,120,0.325000,0.166667,0.279161,0.307390,0.311966,0.354078,0.647645,0.222757,0.261199,0.549548,0.115958,0.015235
intent_ambiguity,0.20,cbf_safety_filter,4,120,0.458333,0.200000,0.276353,0.306128,0.311440,0.351639,0.646682,0.222317,0.260177,0.546602,0.117621,0.129250
intent_ambiguity,0.20,cbf_safety_filter,5,120,0.500000,0.141667,0.278908,0.308694,0.307286,0.352245,0.648717,0.222372,0.259876,0.548698,0.116476,0.206578
intent_ambiguity,0.20,cbf_safety_filter,6,120,0.450000,0.216667,0.276001,0.306774,0.307915,0.354470,0.649398,0.221598,0.260692,0.550951,0.116264,0.111030
intent_ambiguity,0.20,cbf_safety_filter,7,120,0.466667,0.158333,0.277706,0.309556,0.313083,0.354576,0.648741,0.222271,0.261673,0.547824,0.115090,0.161810
intent_ambiguity,0.20,cbf_safety_filter,8,120,0.433333,0.166667,0.278216,0.308490,0.312108,0.352078,0.647707,0.223174,0.261399,0.547202,0.116300,0.123721
intent_ambiguity,0.20,cbf_safety_filter,9,120,0.358333,0.141667,0.277910,0.305390,0.312473,0.351425,0.646331,0.221187,0.258291,0.545270,0.116993,0.065150
intent_ambiguity,0.20,confidence_threshold_shared_control,0,120,0.141667,0.283333,0.452575,0.863585,0.409995,0.479968,0.338028,0.373124,0.329190,0.359928,0.062878,-0.487870
intent_ambiguity,0.20,confidence_threshold_shared_control,1,120,0.141667,0.233333,0.454789,0.862778,0.411355,0.485133,0.339216,0.374515,0.330505,0.355438,0.062997,-0.458111
intent_ambiguity,0.20,confidence_threshold_shared_control,2,120,0.100000,0.316667,0.455278,0.862855,0.413070,0.484161,0.337817,0.377618,0.331034,0.358197,0.063188,-0.552165
intent_ambiguity,0.20,confidence_threshold_shared_control,3,120,0.083333,0.308333,0.454618,0.864211,0.411870,0.484590,0.338202,0.375759,0.328688,0.357112,0.063185,-0.563468
intent_ambiguity,0.20,confidence_threshold_shared_control,4,120,0.125000,0.266667,0.454135,0.866568,0.411155,0.483926,0.339785,0.376717,0.330481,0.360000,0.063275,-0.496188
intent_ambiguity,0.20,confidence_threshold_shared_control,5,120,0.166667,0.258333,0.452337,0.861324,0.408467,0.480379,0.341033,0.375267,0.331616,0.358944,0.062696,-0.446546
intent_ambiguity,0.20,confidence_threshold_shared_control,6,120,0.108333,0.341667,0.453860,0.860701,0.408645,0.485449,0.339437,0.375402,0.330835,0.358713,0.062877,-0.557555
intent_ambiguity,0.20,confidence_threshold_shared_control,7,120,0.133333,0.350000,0.455185,0.866458,0.414338,0.483858,0.337937,0.376818,0.330790,0.356750,0.062830,-0.540417
intent_ambiguity,0.20,confidence_threshold_shared_control,8,120,0.158333,0.333333,0.454012,0.863697,0.414392,0.479941,0.339238,0.375498,0.331737,0.356732,0.062951,-0.503430
intent_ambiguity,0.20,confidence_threshold_shared_control,9,120,0.141667,0.300000,0.454941,0.863988,0.411108,0.481395,0.337731,0.374644,0.329410,0.360021,0.062844,-0.499416
intent_ambiguity,0.20,mpc_risk_arbitration,0,120,0.475000,0.233333,0.255824,0.351586,0.292608,0.362856,0.719453,0.288160,0.240568,0.578015,0.130665,0.120377
intent_ambiguity,0.20,mpc_risk_arbitration,1,120,0.433333,0.241667,0.256099,0.351380,0.294656,0.365495,0.718256,0.288622,0.240821,0.577628,0.131177,0.072738
intent_ambiguity,0.20,mpc_risk_arbitration,2,120,0.450000,0.208333,0.258115,0.352364,0.297357,0.365397,0.716044,0.288728,0.241122,0.578261,0.130310,0.108723
intent_ambiguity,0.20,mpc_risk_arbitration,3,120,0.483333,0.225000,0.256505,0.354909,0.295370,0.362718,0.716464,0.290515,0.242508,0.579884,0.130825,0.132009
intent_ambiguity,0.20,mpc_risk_arbitration,4,120,0.525000,0.133333,0.254962,0.352383,0.295371,0.362510,0.715241,0.290824,0.239822,0.577017,0.130551,0.231397
intent_ambiguity,0.20,mpc_risk_arbitration,5,120,0.425000,0.141667,0.255901,0.356568,0.294672,0.360026,0.717994,0.290589,0.240341,0.578361,0.129624,0.125645
intent_ambiguity,0.20,mpc_risk_arbitration,6,120,0.433333,0.216667,0.257273,0.350051,0.293090,0.368605,0.716556,0.288804,0.243086,0.576942,0.130967,0.087986
intent_ambiguity,0.20,mpc_risk_arbitration,7,120,0.425000,0.183333,0.257217,0.355482,0.297245,0.362805,0.716301,0.290904,0.238678,0.578313,0.130264,0.098831
intent_ambiguity,0.20,mpc_risk_arbitration,8,120,0.416667,0.191667,0.256196,0.353167,0.297790,0.363100,0.719419,0.289493,0.242342,0.577371,0.131148,0.086410
intent_ambiguity,0.20,mpc_risk_arbitration,9,120,0.425000,0.141667,0.255676,0.352341,0.298365,0.364790,0.715746,0.289418,0.240678,0.579599,0.130963,0.125491
intent_ambiguity,0.20,pomdp_handoff_policy,0,120,0.300000,0.183333,0.290969,0.537715,0.316027,0.399496,0.647944,0.350171,0.250196,0.538944,0.104349,-0.097146
intent_ambiguity,0.20,pomdp_handoff_policy,1,120,0.358333,0.133333,0.293240,0.538527,0.319725,0.404501,0.647284,0.351030,0.250750,0.535063,0.103735,-0.009906
intent_ambiguity,0.20,pomdp_handoff_policy,2,120,0.291667,0.208333,0.294540,0.541345,0.323275,0.405895,0.646224,0.350654,0.251893,0.537217,0.102430,-0.124857
intent_ambiguity,0.20,pomdp_handoff_policy,3,120,0.350000,0.208333,0.292574,0.537831,0.321250,0.404082,0.645520,0.352937,0.252505,0.538683,0.104514,-0.064932
intent_ambiguity,0.20,pomdp_handoff_policy,4,120,0.316667,0.233333,0.294839,0.536401,0.320593,0.404393,0.644454,0.351262,0.249541,0.534600,0.105206,-0.113838
intent_ambiguity,0.20,pomdp_handoff_policy,5,120,0.383333,0.200000,0.292311,0.539389,0.319276,0.400858,0.645451,0.349952,0.248324,0.541115,0.102872,-0.025744
intent_ambiguity,0.20,pomdp_handoff_policy,6,120,0.400000,0.183333,0.292262,0.535980,0.316095,0.407450,0.648155,0.350895,0.250858,0.537316,0.104762,0.001926
intent_ambiguity,0.20,pomdp_handoff_policy,7,120,0.366667,0.175000,0.294545,0.539557,0.322295,0.403158,0.644658,0.351644,0.251287,0.537189,0.103654,-0.028501
intent_ambiguity,0.20,pomdp_handoff_policy,8,120,0.358333,0.283333,0.294293,0.539226,0.323243,0.402768,0.645651,0.350054,0.252908,0.537631,0.103220,-0.103725
intent_ambiguity,0.20,pomdp_handoff_policy,9,120,0.408333,0.216667,0.293780,0.534965,0.319045,0.399965,0.646877,0.350470,0.250669,0.540087,0.104626,-0.010176
intent_ambiguity,0.20,recovery_aware_mpc,0,120,0.483333,0.191667,0.269700,0.397784,0.288988,0.370049,0.765341,0.335877,0.250853,0.568853,0.128508,0.138602
intent_ambiguity,0.20,recovery_aware_mpc,1,120,0.358333,0.225000,0.269862,0.398586,0.290630,0.375748,0.765475,0.336576,0.248595,0.567616,0.128036,-0.008303
intent_ambiguity,0.20,recovery_aware_mpc,2,120,0.433333,0.216667,0.271243,0.403198,0.292515,0.373218,0.763893,0.338005,0.251478,0.566813,0.127211,0.070144
intent_ambiguity,0.20,recovery_aware_mpc,3,120,0.383333,0.225000,0.270872,0.401079,0.292416,0.373569,0.765578,0.337427,0.249987,0.567398,0.127192,0.015745
intent_ambiguity,0.20,recovery_aware_mpc,4,120,0.516667,0.216667,0.269835,0.397826,0.291350,0.370315,0.763931,0.336562,0.249645,0.568645,0.129273,0.155801
intent_ambiguity,0.20,recovery_aware_mpc,5,120,0.458333,0.200000,0.270390,0.400752,0.291748,0.373220,0.767173,0.337286,0.250810,0.567413,0.127786,0.106735
intent_ambiguity,0.20,recovery_aware_mpc,6,120,0.408333,0.158333,0.270582,0.399934,0.287342,0.373093,0.768051,0.336852,0.250143,0.569772,0.128009,0.083550
intent_ambiguity,0.20,recovery_aware_mpc,7,120,0.483333,0.200000,0.271654,0.402382,0.293659,0.375114,0.764293,0.336473,0.250003,0.568225,0.127018,0.130345
intent_ambiguity,0.20,recovery_aware_mpc,8,120,0.475000,0.150000,0.269398,0.402454,0.291339,0.373822,0.765091,0.338637,0.250849,0.566371,0.127338,0.153932
intent_ambiguity,0.20,recovery_aware_mpc,9,120,0.433333,0.150000,0.269896,0.398906,0.291466,0.369264,0.766311,0.334652,0.251756,0.570445,0.128030,0.114016
intent_ambiguity,0.40,authority_boundary_v5,0,120,0.325000,0.216667,0.335263,0.716900,0.348130,0.466171,0.602836,0.383466,0.285861,0.499680,0.066871,-0.166966
intent_ambiguity,0.40,authority_boundary_v5,1,120,0.291667,0.283333,0.336450,0.715802,0.349675,0.465296,0.601702,0.381451,0.284951,0.499305,0.067516,-0.241697
intent_ambiguity,0.40,authority_boundary_v5,2,120,0.316667,0.300000,0.335529,0.715045,0.346558,0.465144,0.599897,0.383273,0.284216,0.502460,0.068217,-0.226429
intent_ambiguity,0.40,authority_boundary_v5,3,120,0.291667,0.216667,0.334052,0.715707,0.345948,0.462827,0.602276,0.382070,0.284925,0.500592,0.068119,-0.198865
intent_ambiguity,0.40,authority_boundary_v5,4,120,0.300000,0.216667,0.336182,0.713175,0.345225,0.467075,0.602571,0.381697,0.286201,0.498894,0.068544,-0.190790
intent_ambiguity,0.40,authority_boundary_v5,5,120,0.375000,0.275000,0.336229,0.712195,0.348339,0.465162,0.601998,0.383443,0.287148,0.501112,0.068591,-0.152222
intent_ambiguity,0.40,authority_boundary_v5,6,120,0.291667,0.250000,0.334712,0.711703,0.347895,0.465243,0.599812,0.379804,0.283528,0.503672,0.068424,-0.219308
intent_ambiguity,0.40,authority_boundary_v5,7,120,0.233333,0.258333,0.335874,0.716188,0.345712,0.464728,0.603691,0.382891,0.286058,0.497080,0.068240,-0.283762
intent_ambiguity,0.40,authority_boundary_v5,8,120,0.275000,0.183333,0.333941,0.710354,0.343999,0.462083,0.603513,0.381327,0.283457,0.499082,0.069008,-0.192978
intent_ambiguity,0.40,authority_boundary_v5,9,120,0.341667,0.166667,0.334896,0.715705,0.345350,0.463888,0.603105,0.381540,0.284327,0.501061,0.067266,-0.117988
intent_ambiguity,0.40,bayesian_authority_allocation,0,120,0.266667,0.291667,0.354961,0.738641,0.381140,0.452335,0.524117,0.375866,0.286134,0.459874,0.068010,-0.291101
intent_ambiguity,0.40,bayesian_authority_allocation,1,120,0.233333,0.341667,0.354927,0.739793,0.382916,0.456859,0.522267,0.374687,0.284926,0.461161,0.067418,-0.356559
intent_ambiguity,0.40,bayesian_authority_allocation,2,120,0.266667,0.216667,0.355713,0.739794,0.381335,0.455735,0.519320,0.375074,0.285296,0.461095,0.067870,-0.245809
intent_ambiguity,0.40,bayesian_authority_allocation,3,120,0.266667,0.308333,0.354861,0.738891,0.383264,0.454603,0.523000,0.375063,0.284645,0.458643,0.068373,-0.302090
intent_ambiguity,0.40,bayesian_authority_allocation,4,120,0.291667,0.225000,0.356584,0.735057,0.380166,0.454336,0.522187,0.374886,0.286173,0.459451,0.069117,-0.224454
intent_ambiguity,0.40,bayesian_authority_allocation,5,120,0.350000,0.275000,0.355857,0.741606,0.382109,0.455084,0.523685,0.374751,0.287253,0.460032,0.067190,-0.198777
intent_ambiguity,0.40,bayesian_authority_allocation,6,120,0.241667,0.225000,0.355986,0.738775,0.380927,0.457288,0.523983,0.375757,0.284722,0.461364,0.067743,-0.275616
intent_ambiguity,0.40,bayesian_authority_allocation,7,120,0.225000,0.283333,0.357861,0.737913,0.384370,0.455893,0.520662,0.375311,0.286125,0.457916,0.068509,-0.329316
intent_ambiguity,0.40,bayesian_authority_allocation,8,120,0.283333,0.266667,0.354001,0.739118,0.381147,0.448487,0.523639,0.374948,0.284029,0.462420,0.067679,-0.258294
intent_ambiguity,0.40,bayesian_authority_allocation,9,120,0.216667,0.308333,0.356984,0.740846,0.381431,0.452308,0.521700,0.375699,0.283840,0.461708,0.067785,-0.352689
intent_ambiguity,0.40,cbf_safety_filter,0,120,0.425000,0.233333,0.286299,0.332350,0.335827,0.382287,0.636697,0.227099,0.277199,0.527892,0.114827,0.057614
intent_ambiguity,0.40,cbf_safety_filter,1,120,0.408333,0.166667,0.285751,0.332248,0.335643,0.384094,0.637487,0.226884,0.275857,0.529601,0.113590,0.082339
intent_ambiguity,0.40,cbf_safety_filter,2,120,0.375000,0.183333,0.288052,0.332252,0.335245,0.383834,0.639294,0.229251,0.275412,0.528772,0.113772,0.038099
intent_ambiguity,0.40,cbf_safety_filter,3,120,0.408333,0.241667,0.286569,0.333436,0.334896,0.383621,0.639535,0.228791,0.274912,0.530406,0.112952,0.035499
intent_ambiguity,0.40,cbf_safety_filter,4,120,0.341667,0.216667,0.286947,0.336892,0.332120,0.385000,0.641178,0.227520,0.275788,0.530919,0.114931,-0.016055
intent_ambiguity,0.40,cbf_safety_filter,5,120,0.341667,0.158333,0.285930,0.333277,0.333783,0.385806,0.640792,0.228586,0.276780,0.528322,0.113561,0.020734
intent_ambiguity,0.40,cbf_safety_filter,6,120,0.391667,0.141667,0.285125,0.333071,0.332081,0.384633,0.639366,0.228995,0.272960,0.531397,0.113188,0.081576
intent_ambiguity,0.40,cbf_safety_filter,7,120,0.400000,0.183333,0.287817,0.336281,0.337171,0.382546,0.640481,0.229867,0.277219,0.528031,0.113657,0.062070
intent_ambiguity,0.40,cbf_safety_filter,8,120,0.441667,0.150000,0.284657,0.330051,0.331835,0.384084,0.640016,0.227905,0.271946,0.532395,0.114265,0.127517
intent_ambiguity,0.40,cbf_safety_filter,9,120,0.366667,0.166667,0.285907,0.332191,0.336376,0.382711,0.639288,0.228501,0.274512,0.532744,0.114434,0.040678
intent_ambiguity,0.40,confidence_threshold_shared_control,0,120,0.108333,0.333333,0.463240,0.891968,0.435061,0.514733,0.328458,0.382476,0.345786,0.341243,0.063345,-0.571564
intent_ambiguity,0.40,confidence_threshold_shared_control,1,120,0.091667,0.325000,0.464483,0.889705,0.436821,0.517599,0.330982,0.381783,0.346852,0.338844,0.063150,-0.583186
intent_ambiguity,0.40,confidence_threshold_shared_control,2,120,0.141667,0.241667,0.463571,0.889769,0.436007,0.514343,0.327455,0.381621,0.344047,0.342573,0.063553,-0.481052
intent_ambiguity,0.40,confidence_threshold_shared_control,3,120,0.150000,0.325000,0.465129,0.887015,0.435318,0.515098,0.328644,0.383124,0.344792,0.339085,0.063913,-0.524150
intent_ambiguity,0.40,confidence_threshold_shared_control,4,120,0.125000,0.333333,0.463199,0.889527,0.436169,0.518554,0.330202,0.382106,0.346200,0.340555,0.063200,-0.554761
intent_ambiguity,0.40,confidence_threshold_shared_control,5,120,0.133333,0.233333,0.463482,0.891531,0.435836,0.518848,0.329599,0.382485,0.344731,0.339202,0.063263,-0.485047
intent_ambiguity,0.40,confidence_threshold_shared_control,6,120,0.116667,0.300000,0.461913,0.890191,0.434083,0.510434,0.329611,0.381082,0.343993,0.340980,0.063264,-0.540902
intent_ambiguity,0.40,confidence_threshold_shared_control,7,120,0.108333,0.308333,0.462850,0.886805,0.438087,0.515659,0.328227,0.381372,0.346448,0.339671,0.063443,-0.555231
intent_ambiguity,0.40,confidence_threshold_shared_control,8,120,0.125000,0.275000,0.462197,0.887508,0.433685,0.511430,0.331421,0.381703,0.345001,0.340283,0.063251,-0.516469
intent_ambiguity,0.40,confidence_threshold_shared_control,9,120,0.100000,0.325000,0.463040,0.887976,0.434428,0.514554,0.330822,0.380050,0.345343,0.339202,0.063526,-0.573168
intent_ambiguity,0.40,mpc_risk_arbitration,0,120,0.458333,0.158333,0.265403,0.377817,0.319469,0.395331,0.708355,0.296103,0.255034,0.559890,0.125587,0.131643
intent_ambiguity,0.40,mpc_risk_arbitration,1,120,0.416667,0.150000,0.263748,0.379090,0.320293,0.395489,0.708205,0.296452,0.255763,0.561265,0.127911,0.095054
intent_ambiguity,0.40,mpc_risk_arbitration,2,120,0.283333,0.275000,0.266070,0.380893,0.320788,0.396286,0.705522,0.297139,0.256217,0.559215,0.126414,-0.117251
intent_ambiguity,0.40,mpc_risk_arbitration,3,120,0.441667,0.191667,0.266467,0.377061,0.318306,0.392713,0.707582,0.296419,0.254769,0.561332,0.127636,0.094632
intent_ambiguity,0.40,mpc_risk_arbitration,4,120,0.425000,0.158333,0.265708,0.381420,0.317870,0.395730,0.709440,0.294883,0.256204,0.558606,0.127229,0.097785
intent_ambiguity,0.40,mpc_risk_arbitration,5,120,0.300000,0.225000,0.266422,0.378720,0.318751,0.394447,0.708964,0.296615,0.256224,0.562270,0.127243,-0.068277
intent_ambiguity,0.40,mpc_risk_arbitration,6,120,0.458333,0.183333,0.264646,0.375903,0.317781,0.393220,0.705669,0.294911,0.255220,0.559733,0.128180,0.117219
intent_ambiguity,0.40,mpc_risk_arbitration,7,120,0.441667,0.200000,0.265966,0.380646,0.323383,0.395704,0.706998,0.296754,0.258109,0.559759,0.127423,0.087479
intent_ambiguity,0.40,mpc_risk_arbitration,8,120,0.408333,0.183333,0.265154,0.378231,0.317925,0.393123,0.708270,0.296400,0.254172,0.564426,0.126407,0.066582
intent_ambiguity,0.40,mpc_risk_arbitration,9,120,0.358333,0.241667,0.265904,0.378591,0.319193,0.392206,0.707118,0.297526,0.255347,0.560073,0.126830,-0.020156
intent_ambiguity,0.40,pomdp_handoff_policy,0,120,0.325000,0.275000,0.302737,0.562668,0.346462,0.432573,0.638495,0.357323,0.264918,0.518251,0.099065,-0.148220
intent_ambiguity,0.40,pomdp_handoff_policy,1,120,0.308333,0.258333,0.302677,0.561663,0.343587,0.434528,0.636448,0.358119,0.265180,0.519590,0.099387,-0.154315
intent_ambiguity,0.40,pomdp_handoff_policy,2,120,0.366667,0.225000,0.304123,0.560413,0.345914,0.435570,0.636519,0.357696,0.263462,0.518806,0.099311,-0.075826
intent_ambiguity,0.40,pomdp_handoff_policy,3,120,0.333333,0.216667,0.304300,0.562025,0.342550,0.434381,0.637392,0.355697,0.263585,0.520860,0.099449,-0.103473
intent_ambiguity,0.40,pomdp_handoff_policy,4,120,0.408333,0.175000,0.304661,0.565470,0.342765,0.437299,0.636786,0.357194,0.265325,0.522332,0.098508,-0.004140
intent_ambiguity,0.40,pomdp_handoff_policy,5,120,0.383333,0.250000,0.303879,0.563478,0.343463,0.435233,0.637623,0.355592,0.266022,0.522333,0.099109,-0.074603
intent_ambiguity,0.40,pomdp_handoff_policy,6,120,0.400000,0.350000,0.303471,0.559359,0.341393,0.433159,0.639069,0.354434,0.264517,0.517972,0.099682,-0.118034
intent_ambiguity,0.40,pomdp_handoff_policy,7,120,0.358333,0.225000,0.303432,0.562275,0.346458,0.435989,0.636816,0.357662,0.267123,0.519879,0.098837,-0.084544
intent_ambiguity,0.40,pomdp_handoff_policy,8,120,0.341667,0.258333,0.301854,0.562092,0.342863,0.430430,0.635077,0.357272,0.264008,0.521512,0.098744,-0.120296
intent_ambiguity,0.40,pomdp_handoff_policy,9,120,0.416667,0.250000,0.302183,0.561685,0.344145,0.431076,0.637857,0.356644,0.266365,0.520507,0.099870,-0.040112
intent_ambiguity,0.40,recovery_aware_mpc,0,120,0.408333,0.225000,0.278829,0.424617,0.318322,0.402639,0.755421,0.343315,0.265041,0.549265,0.123948,0.024072
intent_ambiguity,0.40,recovery_aware_mpc,1,120,0.508333,0.241667,0.279139,0.425218,0.314599,0.403561,0.756406,0.343455,0.266865,0.549348,0.123024,0.114067
intent_ambiguity,0.40,recovery_aware_mpc,2,120,0.425000,0.158333,0.280759,0.423858,0.317147,0.405012,0.756707,0.343922,0.264454,0.549565,0.123909,0.081717
intent_ambiguity,0.40,recovery_aware_mpc,3,120,0.400000,0.208333,0.280025,0.427057,0.314004,0.404004,0.758384,0.343663,0.264648,0.549874,0.124129,0.025917
intent_ambiguity,0.40,recovery_aware_mpc,4,120,0.408333,0.225000,0.278433,0.425761,0.313990,0.404712,0.757782,0.343689,0.267706,0.550508,0.123771,0.024492
intent_ambiguity,0.40,recovery_aware_mpc,5,120,0.391667,0.133333,0.278380,0.425041,0.315827,0.404608,0.757270,0.343739,0.265256,0.550677,0.123571,0.064518
intent_ambiguity,0.40,recovery_aware_mpc,6,120,0.466667,0.183333,0.277209,0.422105,0.312268,0.404715,0.756340,0.343228,0.265463,0.549995,0.124167,0.110048
intent_ambiguity,0.40,recovery_aware_mpc,7,120,0.466667,0.241667,0.280590,0.426235,0.315697,0.406120,0.758077,0.343109,0.266678,0.548999,0.124213,0.071479
intent_ambiguity,0.40,recovery_aware_mpc,8,120,0.458333,0.175000,0.276789,0.424589,0.310634,0.399988,0.756756,0.342913,0.263336,0.552317,0.123668,0.107284
intent_ambiguity,0.40,recovery_aware_mpc,9,120,0.441667,0.175000,0.279697,0.424895,0.315612,0.403374,0.757114,0.344613,0.265233,0.551925,0.123915,0.088472
intent_ambiguity,0.60,authority_boundary_v5,0,120,0.333333,0.266667,0.344982,0.738014,0.368998,0.495877,0.593618,0.387885,0.299103,0.484562,0.062786,-0.205213
intent_ambiguity,0.60,authority_boundary_v5,1,120,0.350000,0.200000,0.345044,0.737109,0.368262,0.496448,0.594076,0.385258,0.298945,0.484267,0.063588,-0.146663
intent_ambiguity,0.60,authority_boundary_v5,2,120,0.391667,0.191667,0.344831,0.740720,0.370035,0.494111,0.592753,0.388850,0.299331,0.483663,0.062326,-0.101111
intent_ambiguity,0.60,authority_boundary_v5,3,120,0.300000,0.208333,0.344866,0.739457,0.367751,0.496172,0.592416,0.387670,0.301013,0.481383,0.062657,-0.202608
intent_ambiguity,0.60,authority_boundary_v5,4,120,0.241667,0.208333,0.343682,0.741579,0.369797,0.495583,0.591175,0.387371,0.299002,0.484346,0.062310,-0.261480
intent_ambiguity,0.60,authority_boundary_v5,5,120,0.275000,0.216667,0.343942,0.736790,0.368540,0.496695,0.593971,0.388470,0.300212,0.483312,0.063929,-0.232048
intent_ambiguity,0.60,authority_boundary_v5,6,120,0.466667,0.225000,0.345874,0.741305,0.373363,0.499495,0.593566,0.389221,0.299063,0.482426,0.062614,-0.048329
intent_ambiguity,0.60,authority_boundary_v5,7,120,0.283333,0.275000,0.343062,0.744264,0.367704,0.497039,0.595594,0.388006,0.298335,0.483062,0.061345,-0.261186
intent_ambiguity,0.60,authority_boundary_v5,8,120,0.316667,0.275000,0.344766,0.736373,0.367153,0.494399,0.593665,0.386810,0.298431,0.483491,0.063417,-0.226015
intent_ambiguity,0.60,authority_boundary_v5,9,120,0.358333,0.200000,0.345981,0.739448,0.370657,0.494990,0.593197,0.387148,0.299647,0.483509,0.062639,-0.139592
intent_ambiguity,0.60,bayesian_authority_allocation,0,120,0.250000,0.216667,0.365406,0.762429,0.406020,0.482862,0.512945,0.378844,0.299908,0.442363,0.062809,-0.278423
intent_ambiguity,0.60,bayesian_authority_allocation,1,120,0.316667,0.250000,0.367654,0.762996,0.403730,0.485508,0.513889,0.379940,0.298503,0.441992,0.062767,-0.233107
intent_ambiguity,0.60,bayesian_authority_allocation,2,120,0.258333,0.275000,0.365564,0.762929,0.406619,0.482013,0.513636,0.380449,0.297722,0.443311,0.063571,-0.306515
intent_ambiguity,0.60,bayesian_authority_allocation,3,120,0.266667,0.258333,0.363818,0.764576,0.405491,0.485090,0.513161,0.381503,0.300313,0.442229,0.062075,-0.288139
intent_ambiguity,0.60,bayesian_authority_allocation,4,120,0.200000,0.325000,0.364789,0.761166,0.405221,0.487045,0.514313,0.380882,0.299258,0.441610,0.063053,-0.395601
intent_ambiguity,0.60,bayesian_authority_allocation,5,120,0.250000,0.250000,0.365331,0.764092,0.406889,0.481805,0.514663,0.380540,0.299949,0.447461,0.062412,-0.299515
intent_ambiguity,0.60,bayesian_authority_allocation,6,120,0.266667,0.283333,0.365020,0.764074,0.407190,0.485620,0.512293,0.379669,0.299136,0.443778,0.062494,-0.304041
intent_ambiguity,0.60,bayesian_authority_allocation,7,120,0.283333,0.258333,0.364885,0.764499,0.405215,0.490917,0.512380,0.381978,0.298348,0.442799,0.062481,-0.272486
intent_ambiguity,0.60,bayesian_authority_allocation,8,120,0.283333,0.325000,0.364709,0.761553,0.404769,0.485300,0.513656,0.380623,0.301096,0.441258,0.063019,-0.312086
intent_ambiguity,0.60,bayesian_authority_allocation,9,120,0.275000,0.258333,0.363840,0.765337,0.406348,0.484336,0.513752,0.382589,0.302119,0.443744,0.062620,-0.280102
intent_ambiguity,0.60,cbf_safety_filter,0,120,0.366667,0.233333,0.294283,0.355981,0.356845,0.415203,0.629352,0.235359,0.288039,0.515111,0.111248,-0.017114
intent_ambiguity,0.60,cbf_safety_filter,1,120,0.391667,0.141667,0.295502,0.357653,0.357472,0.415936,0.630181,0.233104,0.291877,0.512374,0.111823,0.064117
intent_ambiguity,0.60,cbf_safety_filter,2,120,0.341667,0.150000,0.296986,0.359336,0.358258,0.416147,0.631573,0.235940,0.287760,0.513539,0.110352,0.007853
intent_ambiguity,0.60,cbf_safety_filter,3,120,0.391667,0.158333,0.296213,0.358673,0.358032,0.414239,0.631053,0.233923,0.289780,0.510784,0.111905,0.053463
intent_ambiguity,0.60,cbf_safety_filter,4,120,0.383333,0.200000,0.294807,0.357926,0.359138,0.415128,0.630719,0.233825,0.289028,0.511707,0.111346,0.019527
intent_ambiguity,0.60,cbf_safety_filter,5,120,0.383333,0.175000,0.295282,0.358517,0.360700,0.415657,0.628280,0.233705,0.289534,0.514999,0.110369,0.034270
intent_ambiguity,0.60,cbf_safety_filter,6,120,0.366667,0.158333,0.296090,0.357121,0.359826,0.415508,0.630409,0.235395,0.289714,0.514421,0.112297,0.028229
intent_ambiguity,0.60,cbf_safety_filter,7,120,0.366667,0.191667,0.293668,0.355733,0.357914,0.415371,0.629699,0.235441,0.288796,0.513321,0.112156,0.008761
intent_ambiguity,0.60,cbf_safety_filter,8,120,0.375000,0.166667,0.295112,0.358284,0.356186,0.415687,0.630124,0.235811,0.288059,0.513000,0.110697,0.031857
intent_ambiguity,0.60,cbf_safety_filter,9,120,0.366667,0.150000,0.295777,0.359605,0.360022,0.418230,0.629667,0.235551,0.291288,0.512548,0.110107,0.032444
intent_ambiguity,0.60,confidence_threshold_shared_control,0,120,0.091667,0.358333,0.472269,0.914831,0.457633,0.544152,0.321525,0.388697,0.359302,0.324069,0.063589,-0.619794
intent_ambiguity,0.60,confidence_threshold_shared_control,1,120,0.066667,0.275000,0.473466,0.914682,0.457383,0.544244,0.321304,0.388331,0.358354,0.321047,0.064082,-0.593343
intent_ambiguity,0.60,confidence_threshold_shared_control,2,120,0.116667,0.350000,0.472819,0.911368,0.456394,0.545854,0.319722,0.387628,0.359823,0.323947,0.064237,-0.588977
intent_ambiguity,0.60,confidence_threshold_shared_control,3,120,0.083333,0.341667,0.472085,0.910236,0.458831,0.545833,0.318596,0.386229,0.357494,0.323602,0.063617,-0.617026
intent_ambiguity,0.60,confidence_threshold_shared_control,4,120,0.091667,0.400000,0.472440,0.913685,0.457435,0.543756,0.320667,0.387429,0.358970,0.324059,0.064219,-0.645258
intent_ambiguity,0.60,confidence_threshold_shared_control,5,120,0.133333,0.300000,0.473350,0.909900,0.459297,0.546839,0.318194,0.387041,0.358840,0.325494,0.063962,-0.541737
intent_ambiguity,0.60,confidence_threshold_shared_control,6,120,0.100000,0.316667,0.473312,0.913755,0.461713,0.546805,0.320763,0.387005,0.357781,0.323649,0.063835,-0.586493
intent_ambiguity,0.60,confidence_threshold_shared_control,7,120,0.100000,0.375000,0.472186,0.914865,0.460247,0.546120,0.315348,0.388401,0.357454,0.323598,0.063996,-0.622900
intent_ambiguity,0.60,confidence_threshold_shared_control,8,120,0.083333,0.316667,0.474206,0.914531,0.456290,0.543651,0.320624,0.389434,0.358685,0.324637,0.063530,-0.602577
intent_ambiguity,0.60,confidence_threshold_shared_control,9,120,0.066667,0.358333,0.473671,0.913238,0.459489,0.545337,0.319544,0.387889,0.359310,0.322295,0.063774,-0.645279
intent_ambiguity,0.60,mpc_risk_arbitration,0,120,0.433333,0.183333,0.273529,0.402148,0.341429,0.427307,0.697819,0.301375,0.268426,0.541154,0.122952,0.074551
intent_ambiguity,0.60,mpc_risk_arbitration,1,120,0.408333,0.225000,0.274763,0.402859,0.340523,0.427929,0.700246,0.303376,0.269035,0.540071,0.123178,0.023303
intent_ambiguity,0.60,mpc_risk_arbitration,2,120,0.416667,0.225000,0.273998,0.402551,0.341766,0.426891,0.697645,0.303475,0.269619,0.543871,0.123721,0.031610
intent_ambiguity,0.60,mpc_risk_arbitration,3,120,0.416667,0.225000,0.273780,0.404228,0.343301,0.426275,0.698934,0.302779,0.270863,0.544316,0.123883,0.031263
intent_ambiguity,0.60,mpc_risk_arbitration,4,120,0.458333,0.208333,0.272742,0.404563,0.342676,0.423755,0.696698,0.301155,0.271286,0.544082,0.122706,0.083828
intent_ambiguity,0.60,mpc_risk_arbitration,5,120,0.433333,0.200000,0.275264,0.400470,0.342828,0.426209,0.697512,0.301050,0.269347,0.543115,0.123664,0.064103
intent_ambiguity,0.60,mpc_risk_arbitration,6,120,0.416667,0.241667,0.273591,0.402863,0.343444,0.429410,0.699336,0.300235,0.269651,0.545401,0.123521,0.021191
intent_ambiguity,0.60,mpc_risk_arbitration,7,120,0.358333,0.300000,0.274034,0.404953,0.344335,0.424838,0.701378,0.303631,0.269649,0.545011,0.123301,-0.073691
intent_ambiguity,0.60,mpc_risk_arbitration,8,120,0.458333,0.275000,0.273926,0.401819,0.343151,0.425422,0.696822,0.300982,0.267439,0.543805,0.124266,0.042608
intent_ambiguity,0.60,mpc_risk_arbitration,9,120,0.366667,0.225000,0.274501,0.403178,0.344811,0.426695,0.698619,0.302857,0.270204,0.542913,0.123358,-0.018991
intent_ambiguity,0.60,pomdp_handoff_policy,0,120,0.300000,0.216667,0.312506,0.585280,0.368210,0.465219,0.627423,0.361100,0.279019,0.504595,0.094998,-0.153583
intent_ambiguity,0.60,pomdp_handoff_policy,1,120,0.391667,0.300000,0.316574,0.587933,0.365345,0.468624,0.626735,0.361663,0.279493,0.503786,0.094422,-0.115298
intent_ambiguity,0.60,pomdp_handoff_policy,2,120,0.350000,0.233333,0.311661,0.587620,0.367070,0.467475,0.628397,0.361248,0.279761,0.503138,0.094635,-0.114292
intent_ambiguity,0.60,pomdp_handoff_policy,3,120,0.358333,0.266667,0.311874,0.585032,0.366062,0.468023,0.626860,0.363262,0.279206,0.502384,0.095558,-0.126286
intent_ambiguity,0.60,pomdp_handoff_policy,4,120,0.316667,0.208333,0.311767,0.586284,0.366788,0.466639,0.628180,0.364403,0.279922,0.503939,0.094475,-0.132019
intent_ambiguity,0.60,pomdp_handoff_policy,5,120,0.300000,0.200000,0.314257,0.588106,0.368048,0.466304,0.628012,0.362603,0.278969,0.502042,0.094818,-0.144573
intent_ambiguity,0.60,pomdp_handoff_policy,6,120,0.358333,0.183333,0.313632,0.592442,0.368670,0.468541,0.625093,0.364470,0.278943,0.503229,0.093207,-0.077579
intent_ambiguity,0.60,pomdp_handoff_policy,7,120,0.391667,0.200000,0.313408,0.589437,0.367193,0.465442,0.628042,0.364123,0.278200,0.501430,0.094330,-0.052923
intent_ambiguity,0.60,pomdp_handoff_policy,8,120,0.325000,0.241667,0.312513,0.586834,0.363568,0.465641,0.626342,0.362278,0.277900,0.504505,0.094888,-0.143970
intent_ambiguity,0.60,pomdp_handoff_policy,9,120,0.333333,0.208333,0.312803,0.588183,0.369431,0.466465,0.626581,0.362155,0.279408,0.504091,0.093895,-0.116372
intent_ambiguity,0.60,recovery_aware_mpc,0,120,0.325000,0.216667,0.289063,0.450714,0.335975,0.437159,0.746666,0.350281,0.279358,0.532047,0.119945,-0.071280
intent_ambiguity,0.60,recovery_aware_mpc,1,120,0.400000,0.275000,0.288298,0.449088,0.335418,0.436128,0.747960,0.349171,0.280603,0.533545,0.120260,-0.031438
intent_ambiguity,0.60,recovery_aware_mpc,2,120,0.383333,0.258333,0.289853,0.449474,0.338476,0.436756,0.748004,0.349674,0.277786,0.531915,0.120738,-0.038864
intent_ambiguity,0.60,recovery_aware_mpc,3,120,0.425000,0.266667,0.287490,0.448650,0.339656,0.434418,0.747810,0.348778,0.279516,0.532632,0.120183,-0.001410
intent_ambiguity,0.60,recovery_aware_mpc,4,120,0.341667,0.125000,0.287491,0.452609,0.339096,0.435043,0.746270,0.349909,0.278435,0.535837,0.119266,0.001918
intent_ambiguity,0.60,recovery_aware_mpc,5,120,0.433333,0.241667,0.288773,0.451756,0.338041,0.434776,0.749568,0.350385,0.279150,0.533931,0.119605,0.021553
intent_ambiguity,0.60,recovery_aware_mpc,6,120,0.375000,0.133333,0.289024,0.452458,0.337517,0.436353,0.747026,0.349821,0.279369,0.532050,0.120015,0.029902
intent_ambiguity,0.60,recovery_aware_mpc,7,120,0.491667,0.200000,0.288508,0.449487,0.336339,0.437386,0.749382,0.348964,0.278940,0.531441,0.120760,0.106416
intent_ambiguity,0.60,recovery_aware_mpc,8,120,0.450000,0.183333,0.286195,0.450511,0.337366,0.434813,0.748523,0.348728,0.279833,0.532781,0.119079,0.075515
intent_ambiguity,0.60,recovery_aware_mpc,9,120,0.508333,0.241667,0.288116,0.450339,0.338734,0.436641,0.749431,0.351902,0.279900,0.534470,0.119974,0.096560
intent_ambiguity,0.80,authority_boundary_v5,0,120,0.300000,0.216667,0.353197,0.765321,0.396090,0.521474,0.581277,0.395214,0.319219,0.459196,0.057820,-0.225280
intent_ambiguity,0.80,authority_boundary_v5,1,120,0.366667,0.225000,0.354342,0.766658,0.394964,0.521727,0.585824,0.394509,0.322282,0.458655,0.057579,-0.163803
intent_ambiguity,0.80,authority_boundary_v5,2,120,0.275000,0.225000,0.353922,0.765603,0.396453,0.521309,0.584391,0.395475,0.319254,0.455530,0.058106,-0.255511
intent_ambiguity,0.80,authority_boundary_v5,3,120,0.275000,0.241667,0.354600,0.767330,0.396189,0.524055,0.586187,0.395101,0.319858,0.458063,0.057655,-0.266534
intent_ambiguity,0.80,authority_boundary_v5,4,120,0.266667,0.225000,0.353290,0.766807,0.395711,0.525005,0.585231,0.394985,0.320075,0.457205,0.057010,-0.264184
intent_ambiguity,0.80,authority_boundary_v5,5,120,0.283333,0.233333,0.352332,0.765852,0.398115,0.520668,0.583028,0.394474,0.319182,0.457618,0.057747,-0.252205
intent_ambiguity,0.80,authority_boundary_v5,6,120,0.233333,0.225000,0.352793,0.765223,0.395147,0.521788,0.584939,0.395734,0.320776,0.461884,0.058099,-0.296635
intent_ambiguity,0.80,authority_boundary_v5,7,120,0.275000,0.325000,0.353980,0.762817,0.395329,0.522687,0.583330,0.395087,0.319913,0.462957,0.058677,-0.316888
intent_ambiguity,0.80,authority_boundary_v5,8,120,0.358333,0.233333,0.352826,0.765860,0.393920,0.520774,0.585198,0.394423,0.320961,0.458091,0.057575,-0.176493
intent_ambiguity,0.80,authority_boundary_v5,9,120,0.275000,0.250000,0.352153,0.762627,0.394448,0.526636,0.583396,0.391702,0.318123,0.460164,0.058135,-0.269875
intent_ambiguity,0.80,bayesian_authority_allocation,0,120,0.150000,0.241667,0.376155,0.790440,0.432594,0.515367,0.502379,0.387540,0.320150,0.420124,0.058300,-0.413200
intent_ambiguity,0.80,bayesian_authority_allocation,1,120,0.141667,0.216667,0.372603,0.790223,0.433037,0.514200,0.502868,0.385987,0.321552,0.418281,0.058113,-0.404830
intent_ambiguity,0.80,bayesian_authority_allocation,2,120,0.225000,0.216667,0.373951,0.787792,0.433317,0.513387,0.504547,0.387996,0.320499,0.420618,0.059052,-0.321264
intent_ambiguity,0.80,bayesian_authority_allocation,3,120,0.191667,0.233333,0.373654,0.791744,0.432605,0.512562,0.503087,0.387332,0.319459,0.420000,0.058012,-0.365642
intent_ambiguity,0.80,bayesian_authority_allocation,4,120,0.250000,0.266667,0.375145,0.787354,0.430554,0.514497,0.505331,0.386885,0.319971,0.417198,0.059063,-0.326975
intent_ambiguity,0.80,bayesian_authority_allocation,5,120,0.250000,0.241667,0.375051,0.788387,0.431345,0.511660,0.505362,0.388512,0.322023,0.418514,0.058520,-0.311645
intent_ambiguity,0.80,bayesian_authority_allocation,6,120,0.191667,0.308333,0.374432,0.788547,0.429835,0.513769,0.504173,0.386591,0.321547,0.418984,0.059053,-0.411110
intent_ambiguity,0.80,bayesian_authority_allocation,7,120,0.208333,0.291667,0.373714,0.789013,0.432205,0.510642,0.504348,0.388255,0.318977,0.418918,0.058919,-0.384199
intent_ambiguity,0.80,bayesian_authority_allocation,8,120,0.141667,0.291667,0.373321,0.790072,0.430133,0.514313,0.501567,0.385535,0.320205,0.418519,0.058404,-0.451081
intent_ambiguity,0.80,bayesian_authority_allocation,9,120,0.208333,0.241667,0.375819,0.786913,0.427247,0.514380,0.501987,0.387099,0.319847,0.420380,0.059101,-0.352950
intent_ambiguity,0.80,cbf_safety_filter,0,120,0.341667,0.175000,0.304634,0.379596,0.383879,0.442654,0.621817,0.240086,0.309247,0.491876,0.108630,-0.022897
intent_ambiguity,0.80,cbf_safety_filter,1,120,0.308333,0.141667,0.303302,0.385321,0.384390,0.443708,0.624243,0.239712,0.309873,0.487715,0.108516,-0.036582
intent_ambiguity,0.80,cbf_safety_filter,2,120,0.366667,0.191667,0.305319,0.384133,0.386629,0.439586,0.619805,0.241142,0.310315,0.490581,0.108848,-0.009829
intent_ambiguity,0.80,cbf_safety_filter,3,120,0.358333,0.191667,0.306366,0.386432,0.384473,0.442398,0.617551,0.241829,0.310436,0.487493,0.108834,-0.019217
intent_ambiguity,0.80,cbf_safety_filter,4,120,0.325000,0.191667,0.303689,0.384918,0.385206,0.443333,0.621315,0.241578,0.310127,0.489785,0.108272,-0.051421
intent_ambiguity,0.80,cbf_safety_filter,5,120,0.375000,0.183333,0.305561,0.386671,0.386654,0.440705,0.622651,0.241584,0.309501,0.489136,0.108553,0.003046
intent_ambiguity,0.80,cbf_safety_filter,6,120,0.391667,0.175000,0.303500,0.383356,0.382454,0.441718,0.617895,0.242498,0.309232,0.486458,0.109398,0.026269
intent_ambiguity,0.80,cbf_safety_filter,7,120,0.408333,0.200000,0.305711,0.384891,0.386232,0.444399,0.620092,0.240534,0.309772,0.489375,0.109396,0.025961
intent_ambiguity,0.80,cbf_safety_filter,8,120,0.350000,0.166667,0.305127,0.383558,0.383535,0.441674,0.619879,0.239687,0.312253,0.489245,0.108624,-0.010414
intent_ambiguity,0.80,cbf_safety_filter,9,120,0.391667,0.141667,0.305026,0.385742,0.383865,0.445091,0.619208,0.241359,0.309950,0.488444,0.108947,0.045570
intent_ambiguity,0.80,confidence_threshold_shared_control,0,120,0.091667,0.275000,0.480839,0.939910,0.486164,0.573838,0.309408,0.394928,0.380207,0.301504,0.064111,-0.586008
intent_ambiguity,0.80,confidence_threshold_shared_control,1,120,0.075000,0.391667,0.482041,0.939717,0.485313,0.573957,0.310481,0.393671,0.381397,0.296782,0.064458,-0.674929
intent_ambiguity,0.80,confidence_threshold_shared_control,2,120,0.025000,0.383333,0.482037,0.939007,0.485294,0.570917,0.310835,0.393362,0.380536,0.300130,0.064949,-0.719164
intent_ambiguity,0.80,confidence_threshold_shared_control,3,120,0.058333,0.416667,0.483040,0.938671,0.484654,0.574215,0.309852,0.395960,0.379573,0.299127,0.064506,-0.707299
intent_ambiguity,0.80,confidence_threshold_shared_control,4,120,0.066667,0.258333,0.481493,0.941546,0.484304,0.574026,0.311563,0.395176,0.378992,0.298708,0.064830,-0.600809
intent_ambiguity,0.80,confidence_threshold_shared_control,5,120,0.066667,0.341667,0.484117,0.940671,0.487476,0.574311,0.311349,0.395907,0.379802,0.299171,0.064631,-0.653553
intent_ambiguity,0.80,confidence_threshold_shared_control,6,120,0.075000,0.350000,0.480095,0.938806,0.485627,0.573550,0.310391,0.394166,0.380425,0.299806,0.064430,-0.648449
intent_ambiguity,0.80,confidence_threshold_shared_control,7,120,0.066667,0.300000,0.480993,0.943425,0.486715,0.572012,0.312043,0.394704,0.380208,0.298591,0.064431,-0.627026
intent_ambiguity,0.80,confidence_threshold_shared_control,8,120,0.091667,0.300000,0.479925,0.938899,0.483636,0.573079,0.311768,0.395181,0.379624,0.300663,0.064745,-0.600378
intent_ambiguity,0.80,confidence_threshold_shared_control,9,120,0.083333,0.366667,0.483017,0.937365,0.482217,0.572622,0.312088,0.392954,0.380440,0.300893,0.064297,-0.649920
intent_ambiguity,0.80,mpc_risk_arbitration,0,120,0.383333,0.233333,0.282705,0.430322,0.371153,0.454649,0.688749,0.307339,0.289529,0.519733,0.120106,-0.024863
intent_ambiguity,0.80,mpc_risk_arbitration,1,120,0.491667,0.233333,0.284274,0.428751,0.371236,0.453447,0.688554,0.309259,0.291914,0.516968,0.119853,0.083378
intent_ambiguity,0.80,mpc_risk_arbitration,2,120,0.325000,0.175000,0.282804,0.431982,0.369354,0.450225,0.688517,0.307813,0.290081,0.517322,0.119630,-0.046700
intent_ambiguity,0.80,mpc_risk_arbitration,3,120,0.391667,0.166667,0.285110,0.430759,0.368748,0.450945,0.688039,0.306946,0.291806,0.518246,0.120273,0.024909
intent_ambiguity,0.80,mpc_risk_arbitration,4,120,0.400000,0.166667,0.284436,0.430380,0.369885,0.451729,0.689489,0.309387,0.289859,0.517913,0.120432,0.033098
intent_ambiguity,0.80,mpc_risk_arbitration,5,120,0.316667,0.225000,0.285016,0.429857,0.371479,0.453972,0.688890,0.309459,0.290897,0.519041,0.120462,-0.087001
intent_ambiguity,0.80,mpc_risk_arbitration,6,120,0.391667,0.191667,0.284866,0.428802,0.369629,0.453644,0.689152,0.306256,0.289793,0.520026,0.120646,0.009633
intent_ambiguity,0.80,mpc_risk_arbitration,7,120,0.408333,0.208333,0.282096,0.430291,0.368689,0.453034,0.687520,0.309328,0.290246,0.519340,0.120450,0.016087
intent_ambiguity,0.80,mpc_risk_arbitration,8,120,0.375000,0.208333,0.283820,0.430545,0.367841,0.451046,0.690188,0.307988,0.290921,0.518177,0.119712,-0.017016
intent_ambiguity,0.80,mpc_risk_arbitration,9,120,0.416667,0.183333,0.283756,0.428375,0.364672,0.453249,0.689230,0.307052,0.289573,0.518711,0.120730,0.040947
intent_ambiguity,0.80,pomdp_handoff_policy,0,120,0.233333,0.266667,0.322641,0.613775,0.394104,0.492463,0.618119,0.369315,0.299808,0.477709,0.090510,-0.269600
intent_ambiguity,0.80,pomdp_handoff_policy,1,120,0.341667,0.200000,0.320794,0.613432,0.392753,0.492394,0.619355,0.368735,0.299692,0.479396,0.089809,-0.119008
intent_ambiguity,0.80,pomdp_handoff_policy,2,120,0.350000,0.241667,0.319447,0.614558,0.391008,0.490178,0.619384,0.369207,0.300934,0.480619,0.089869,-0.135942
intent_ambiguity,0.80,pomdp_handoff_policy,3,120,0.316667,0.241667,0.321748,0.614129,0.395511,0.492358,0.619079,0.370447,0.298039,0.477899,0.089388,-0.170878
intent_ambiguity,0.80,pomdp_handoff_policy,4,120,0.275000,0.200000,0.320537,0.613665,0.393664,0.492839,0.620789,0.369507,0.299981,0.477264,0.090187,-0.185828
intent_ambiguity,0.80,pomdp_handoff_policy,5,120,0.333333,0.291667,0.322892,0.613772,0.394119,0.491383,0.618299,0.368685,0.300601,0.480224,0.090276,-0.184958
intent_ambiguity,0.80,pomdp_handoff_policy,6,120,0.266667,0.141667,0.321906,0.612598,0.393911,0.493283,0.616997,0.368262,0.299751,0.476507,0.090248,-0.158353
intent_ambiguity,0.80,pomdp_handoff_policy,7,120,0.350000,0.225000,0.321042,0.612540,0.395485,0.494880,0.619281,0.367082,0.300277,0.481072,0.090554,-0.126599
intent_ambiguity,0.80,pomdp_handoff_policy,8,120,0.308333,0.258333,0.319395,0.612269,0.394006,0.494807,0.617443,0.369744,0.300304,0.479673,0.089953,-0.188623
intent_ambiguity,0.80,pomdp_handoff_policy,9,120,0.283333,0.183333,0.320259,0.614651,0.389842,0.493849,0.618812,0.369063,0.301194,0.480241,0.090741,-0.166952
intent_ambiguity,0.80,recovery_aware_mpc,0,120,0.450000,0.141667,0.298555,0.474596,0.363620,0.465200,0.737307,0.357897,0.301211,0.510465,0.116963,0.082816
intent_ambiguity,0.80,recovery_aware_mpc,1,120,0.425000,0.225000,0.299392,0.479183,0.363412,0.464905,0.739479,0.355725,0.301948,0.509052,0.116074,0.005299
intent_ambiguity,0.80,recovery_aware_mpc,2,120,0.333333,0.308333,0.298721,0.478914,0.364146,0.461489,0.739001,0.357426,0.299803,0.509216,0.115739,-0.137718
intent_ambiguity,0.80,recovery_aware_mpc,3,120,0.400000,0.200000,0.300688,0.477291,0.364269,0.461584,0.740034,0.357740,0.300745,0.508850,0.116570,-0.003966
intent_ambiguity,0.80,recovery_aware_mpc,4,120,0.441667,0.216667,0.296590,0.476878,0.364982,0.462202,0.738968,0.355531,0.301226,0.506375,0.115878,0.028438
intent_ambiguity,0.80,recovery_aware_mpc,5,120,0.400000,0.225000,0.298982,0.479743,0.365789,0.461917,0.737956,0.357158,0.301793,0.507846,0.114894,-0.020019
intent_ambiguity,0.80,recovery_aware_mpc,6,120,0.400000,0.233333,0.298395,0.476621,0.364948,0.460981,0.735119,0.355807,0.298991,0.509255,0.117007,-0.024135
intent_ambiguity,0.80,recovery_aware_mpc,7,120,0.375000,0.183333,0.299669,0.478082,0.366888,0.462779,0.737702,0.359151,0.299173,0.510586,0.115357,-0.019458
intent_ambiguity,0.80,recovery_aware_mpc,8,120,0.366667,0.208333,0.297790,0.477530,0.363748,0.461879,0.740643,0.356470,0.301077,0.507243,0.117335,-0.041575
intent_ambiguity,0.80,recovery_aware_mpc,9,120,0.375000,0.250000,0.297123,0.471256,0.363197,0.464421,0.739683,0.354817,0.298702,0.509345,0.116716,-0.057531
intent_ambiguity,1.00,authority_boundary_v5,0,120,0.258333,0.266667,0.358721,0.779778,0.410528,0.533348,0.579967,0.396611,0.336891,0.442251,0.055432,-0.306777
intent_ambiguity,1.00,authority_boundary_v5,1,120,0.300000,0.283333,0.360655,0.775605,0.411691,0.532081,0.580197,0.397002,0.338034,0.440050,0.056742,-0.274980
intent_ambiguity,1.00,authority_boundary_v5,2,120,0.325000,0.291667,0.359560,0.777414,0.408599,0.534242,0.579674,0.395517,0.337984,0.438763,0.056043,-0.254965
intent_ambiguity,1.00,authority_boundary_v5,3,120,0.316667,0.183333,0.359959,0.779336,0.413020,0.536890,0.577830,0.397967,0.339090,0.440003,0.055944,-0.198111
intent_ambiguity,1.00,authority_boundary_v5,4,120,0.250000,0.300000,0.356834,0.779885,0.408826,0.534989,0.581346,0.396828,0.336216,0.440064,0.055184,-0.335167
intent_ambiguity,1.00,authority_boundary_v5,5,120,0.291667,0.208333,0.357707,0.780712,0.410984,0.534835,0.579149,0.396799,0.335737,0.439948,0.055082,-0.237583
intent_ambiguity,1.00,authority_boundary_v5,6,120,0.291667,0.266667,0.359080,0.777865,0.407805,0.533266,0.580345,0.395992,0.335666,0.438893,0.056083,-0.272536
intent_ambiguity,1.00,authority_boundary_v5,7,120,0.266667,0.333333,0.358079,0.779280,0.410316,0.534960,0.576893,0.397430,0.337355,0.440917,0.056085,-0.339984
intent_ambiguity,1.00,authority_boundary_v5,8,120,0.241667,0.191667,0.358314,0.776509,0.409524,0.534394,0.578436,0.396477,0.338247,0.437683,0.056466,-0.276131
intent_ambiguity,1.00,authority_boundary_v5,9,120,0.241667,0.275000,0.357944,0.781527,0.409121,0.533049,0.581227,0.397814,0.336274,0.440901,0.055050,-0.328594
intent_ambiguity,1.00,bayesian_authority_allocation,0,120,0.200000,0.266667,0.380884,0.805041,0.443668,0.524527,0.498124,0.390562,0.337953,0.400394,0.056632,-0.386901
intent_ambiguity,1.00,bayesian_authority_allocation,1,120,0.250000,0.250000,0.379888,0.802496,0.446140,0.523969,0.497145,0.390235,0.336745,0.402053,0.057129,-0.326082
intent_ambiguity,1.00,bayesian_authority_allocation,2,120,0.200000,0.183333,0.377739,0.804716,0.444936,0.524315,0.501300,0.390294,0.337013,0.399215,0.056663,-0.334266
intent_ambiguity,1.00,bayesian_authority_allocation,3,120,0.225000,0.358333,0.380867,0.804721,0.448197,0.527765,0.499741,0.390842,0.337634,0.399137,0.057141,-0.419665
intent_ambiguity,1.00,bayesian_authority_allocation,4,120,0.266667,0.250000,0.381198,0.803844,0.444038,0.526839,0.500950,0.386699,0.337174,0.400752,0.056682,-0.309416
intent_ambiguity,1.00,bayesian_authority_allocation,5,120,0.266667,0.216667,0.381038,0.807097,0.446048,0.524403,0.499284,0.390652,0.336933,0.399243,0.056044,-0.290048
intent_ambiguity,1.00,bayesian_authority_allocation,6,120,0.150000,0.225000,0.377834,0.801396,0.445757,0.524477,0.500561,0.387955,0.336591,0.400543,0.056593,-0.409302
intent_ambiguity,1.00,bayesian_authority_allocation,7,120,0.233333,0.275000,0.376962,0.803373,0.447091,0.525341,0.501445,0.391837,0.337658,0.398224,0.056408,-0.357860
intent_ambiguity,1.00,bayesian_authority_allocation,8,120,0.166667,0.291667,0.380043,0.802646,0.445415,0.526311,0.500163,0.388415,0.336316,0.400439,0.056691,-0.435065
intent_ambiguity,1.00,bayesian_authority_allocation,9,120,0.175000,0.291667,0.377906,0.803513,0.445613,0.524846,0.496266,0.388918,0.336792,0.399323,0.056527,-0.426623
intent_ambiguity,1.00,cbf_safety_filter,0,120,0.425000,0.150000,0.310311,0.397540,0.397926,0.456256,0.617772,0.244989,0.325196,0.470654,0.108905,0.065517
intent_ambiguity,1.00,cbf_safety_filter,1,120,0.383333,0.166667,0.307919,0.396742,0.398486,0.453414,0.615136,0.244362,0.326982,0.471743,0.108784,0.014409
intent_ambiguity,1.00,cbf_safety_filter,2,120,0.366667,0.158333,0.309476,0.397195,0.398116,0.451730,0.617092,0.242348,0.327211,0.470903,0.108386,0.003030
intent_ambiguity,1.00,cbf_safety_filter,3,120,0.391667,0.241667,0.311519,0.399829,0.401334,0.452801,0.616599,0.243785,0.327314,0.470346,0.107981,-0.025606
intent_ambiguity,1.00,cbf_safety_filter,4,120,0.383333,0.175000,0.310030,0.401429,0.396521,0.455636,0.615619,0.243171,0.326485,0.470298,0.108009,0.007796
intent_ambiguity,1.00,cbf_safety_filter,5,120,0.341667,0.233333,0.311537,0.396922,0.399474,0.454180,0.617180,0.241661,0.326554,0.472165,0.109289,-0.069355
intent_ambiguity,1.00,cbf_safety_filter,6,120,0.341667,0.175000,0.309853,0.397899,0.397482,0.452935,0.617307,0.243241,0.327388,0.468499,0.108882,-0.032681
intent_ambiguity,1.00,cbf_safety_filter,7,120,0.400000,0.158333,0.311941,0.398024,0.398902,0.458027,0.616622,0.245276,0.327183,0.466840,0.109802,0.034337
intent_ambiguity,1.00,cbf_safety_filter,8,120,0.308333,0.150000,0.309307,0.398444,0.398327,0.455854,0.619369,0.243728,0.326784,0.472904,0.108439,-0.050878
intent_ambiguity,1.00,cbf_safety_filter,9,120,0.250000,0.208333,0.308362,0.398565,0.396888,0.454719,0.617658,0.243450,0.325828,0.469035,0.107859,-0.144914
intent_ambiguity,1.00,confidence_threshold_shared_control,0,120,0.050000,0.300000,0.486289,0.953368,0.497432,0.585693,0.305954,0.396464,0.395895,0.281475,0.065206,-0.651423
intent_ambiguity,1.00,confidence_threshold_shared_control,1,120,0.066667,0.325000,0.487213,0.958397,0.501896,0.581141,0.305873,0.397251,0.397697,0.279802,0.065440,-0.651947
intent_ambiguity,1.00,confidence_threshold_shared_control,2,120,0.108333,0.275000,0.487387,0.954943,0.499212,0.583888,0.304643,0.396643,0.395913,0.279475,0.065539,-0.578433
intent_ambiguity,1.00,confidence_threshold_shared_control,3,120,0.075000,0.341667,0.486212,0.954818,0.501489,0.584212,0.305843,0.398982,0.397289,0.279582,0.064687,-0.653317
intent_ambiguity,1.00,confidence_threshold_shared_control,4,120,0.033333,0.266667,0.487062,0.952215,0.499410,0.586371,0.305236,0.398247,0.396409,0.278306,0.064967,-0.647973
intent_ambiguity,1.00,confidence_threshold_shared_control,5,120,0.100000,0.308333,0.489102,0.954236,0.499249,0.585508,0.309521,0.397171,0.395248,0.281212,0.065598,-0.607555
intent_ambiguity,1.00,confidence_threshold_shared_control,6,120,0.083333,0.333333,0.488399,0.952451,0.498469,0.585363,0.306318,0.396982,0.397032,0.280756,0.065251,-0.639213
intent_ambiguity,1.00,confidence_threshold_shared_control,7,120,0.041667,0.308333,0.487197,0.952197,0.501066,0.584327,0.305310,0.397654,0.395676,0.278660,0.065288,-0.665457
intent_ambiguity,1.00,confidence_threshold_shared_control,8,120,0.075000,0.300000,0.486716,0.954217,0.499379,0.584012,0.305441,0.398773,0.398275,0.279024,0.065156,-0.627115
intent_ambiguity,1.00,confidence_threshold_shared_control,9,120,0.091667,0.358333,0.486675,0.953391,0.498741,0.584035,0.303839,0.396732,0.397077,0.279160,0.065279,-0.646231
intent_ambiguity,1.00,mpc_risk_arbitration,0,120,0.425000,0.208333,0.288817,0.442402,0.383749,0.465382,0.685892,0.310458,0.305265,0.501184,0.118693,0.024033
intent_ambiguity,1.00,mpc_risk_arbitration,1,120,0.333333,0.208333,0.290617,0.445280,0.381627,0.464184,0.683863,0.312330,0.309624,0.497832,0.119022,-0.068641
intent_ambiguity,1.00,mpc_risk_arbitration,2,120,0.358333,0.191667,0.289844,0.445604,0.383616,0.461781,0.684826,0.311599,0.306773,0.498816,0.118274,-0.033072
intent_ambiguity,1.00,mpc_risk_arbitration,3,120,0.433333,0.166667,0.289292,0.441834,0.384895,0.466801,0.684074,0.311630,0.306188,0.498864,0.119233,0.057600
intent_ambiguity,1.00,mpc_risk_arbitration,4,120,0.383333,0.216667,0.290246,0.445719,0.380842,0.466319,0.687100,0.310684,0.306771,0.499856,0.118103,-0.023528
intent_ambiguity,1.00,mpc_risk_arbitration,5,120,0.391667,0.216667,0.290451,0.445781,0.383689,0.466362,0.682985,0.312520,0.306930,0.498429,0.118852,-0.016234
intent_ambiguity,1.00,mpc_risk_arbitration,6,120,0.408333,0.166667,0.288496,0.442632,0.381971,0.464533,0.687786,0.309890,0.306950,0.497298,0.119140,0.033819
intent_ambiguity,1.00,mpc_risk_arbitration,7,120,0.375000,0.225000,0.289652,0.444245,0.383876,0.462607,0.684974,0.310103,0.307046,0.498884,0.118833,-0.036677
intent_ambiguity,1.00,mpc_risk_arbitration,8,120,0.350000,0.183333,0.289314,0.446607,0.384619,0.464409,0.682649,0.310585,0.306629,0.501334,0.118011,-0.036896
intent_ambiguity,1.00,mpc_risk_arbitration,9,120,0.375000,0.175000,0.289194,0.441258,0.383518,0.464324,0.686311,0.310988,0.306326,0.500337,0.120135,-0.004976
intent_ambiguity,1.00,pomdp_handoff_policy,0,120,0.316667,0.266667,0.326888,0.628001,0.407252,0.504912,0.614811,0.371537,0.316172,0.463029,0.087608,-0.194827
intent_ambiguity,1.00,pomdp_handoff_policy,1,120,0.275000,0.183333,0.327491,0.628081,0.407239,0.502770,0.613208,0.371674,0.316900,0.459923,0.087946,-0.184880
intent_ambiguity,1.00,pomdp_handoff_policy,2,120,0.325000,0.266667,0.327201,0.626501,0.406928,0.502948,0.612473,0.371924,0.316885,0.460370,0.088546,-0.186151
intent_ambiguity,1.00,pomdp_handoff_policy,3,120,0.225000,0.275000,0.325817,0.630931,0.410523,0.504861,0.612193,0.371668,0.317122,0.460618,0.087672,-0.292836
intent_ambiguity,1.00,pomdp_handoff_policy,4,120,0.275000,0.233333,0.325668,0.627668,0.407468,0.504588,0.612007,0.372442,0.315636,0.461337,0.088371,-0.215753
intent_ambiguity,1.00,pomdp_handoff_policy,5,120,0.275000,0.275000,0.326970,0.630478,0.407477,0.505580,0.615096,0.373530,0.317589,0.458237,0.087807,-0.242569
intent_ambiguity,1.00,pomdp_handoff_policy,6,120,0.233333,0.258333,0.326311,0.625879,0.405751,0.504959,0.614377,0.369852,0.316993,0.458560,0.088480,-0.271972
intent_ambiguity,1.00,pomdp_handoff_policy,7,120,0.283333,0.283333,0.325491,0.628932,0.409861,0.504710,0.614138,0.370702,0.315743,0.460798,0.087738,-0.238732
intent_ambiguity,1.00,pomdp_handoff_policy,8,120,0.250000,0.225000,0.327121,0.630561,0.408079,0.504980,0.615335,0.372393,0.319557,0.460228,0.087002,-0.236517
intent_ambiguity,1.00,pomdp_handoff_policy,9,120,0.325000,0.183333,0.326332,0.627371,0.407478,0.506322,0.612582,0.370603,0.316266,0.462870,0.088219,-0.134828
intent_ambiguity,1.00,recovery_aware_mpc,0,120,0.416667,0.216667,0.303708,0.492051,0.379069,0.475236,0.734071,0.359761,0.316152,0.489043,0.113767,-0.006616
intent_ambiguity,1.00,recovery_aware_mpc,1,120,0.341667,0.341667,0.305170,0.492284,0.379962,0.475148,0.730712,0.359912,0.317239,0.489962,0.114699,-0.159953
intent_ambiguity,1.00,recovery_aware_mpc,2,120,0.383333,0.225000,0.302630,0.490766,0.380469,0.471454,0.733638,0.359834,0.318063,0.488802,0.114156,-0.044350
intent_ambiguity,1.00,recovery_aware_mpc,3,120,0.341667,0.208333,0.302922,0.491945,0.380782,0.476252,0.732020,0.361143,0.316302,0.489342,0.114858,-0.076925
intent_ambiguity,1.00,recovery_aware_mpc,4,120,0.425000,0.300000,0.302402,0.492561,0.378583,0.475379,0.732112,0.358093,0.316986,0.488733,0.114677,-0.049674
intent_ambiguity,1.00,recovery_aware_mpc,5,120,0.425000,0.300000,0.302313,0.488671,0.378530,0.473759,0.735255,0.357871,0.317020,0.490591,0.115009,-0.048242
intent_ambiguity,1.00,recovery_aware_mpc,6,120,0.366667,0.200000,0.302686,0.489241,0.378136,0.474193,0.733687,0.359381,0.318189,0.492259,0.114376,-0.045071
intent_ambiguity,1.00,recovery_aware_mpc,7,120,0.375000,0.208333,0.302625,0.493289,0.380207,0.472767,0.733744,0.358182,0.315870,0.489584,0.114647,-0.042896
intent_ambiguity,1.00,recovery_aware_mpc,8,120,0.358333,0.258333,0.300811,0.491164,0.377379,0.476231,0.733912,0.359251,0.317263,0.489833,0.114601,-0.089656
intent_ambiguity,1.00,recovery_aware_mpc,9,120,0.375000,0.216667,0.302579,0.488322,0.377478,0.474179,0.732583,0.360339,0.316342,0.489030,0.115919,-0.046900
