stress_axis,stress_level,method,metric,mean,ci95,n
authority_churn,0.00,authority_boundary_v5,task_success,0.313333,0.027461,10
authority_churn,0.00,authority_boundary_v5,safety_violation,0.229167,0.024257,10
authority_churn,0.00,authority_boundary_v5,authority_regret,0.325970,0.000673,10
authority_churn,0.00,authority_boundary_v5,human_burden,0.709151,0.001712,10
authority_churn,0.00,authority_boundary_v5,late_handoff,0.341355,0.001763,10
authority_churn,0.00,authority_boundary_v5,handoff_churn,0.378589,0.001485,10
authority_churn,0.00,authority_boundary_v5,recovery_success,0.611259,0.001047,10
authority_churn,0.00,authority_boundary_v5,intervention_cost,0.374079,0.000926,10
authority_churn,0.00,authority_boundary_v5,boundary_calibration_error,0.281712,0.001085,10
authority_churn,0.00,authority_boundary_v5,override_precision,0.504429,0.001426,10
authority_churn,0.00,authority_boundary_v5,unsafe_autonomy,0.067107,0.000388,10
authority_churn,0.00,authority_boundary_v5,robust_utility,-0.168993,0.035077,10
authority_churn,0.00,bayesian_authority_allocation,task_success,0.260833,0.032762,10
authority_churn,0.00,bayesian_authority_allocation,safety_violation,0.244167,0.022189,10
authority_churn,0.00,bayesian_authority_allocation,authority_regret,0.345363,0.000618,10
authority_churn,0.00,bayesian_authority_allocation,human_burden,0.733718,0.001067,10
authority_churn,0.00,bayesian_authority_allocation,late_handoff,0.376309,0.001261,10
authority_churn,0.00,bayesian_authority_allocation,handoff_churn,0.368362,0.001251,10
authority_churn,0.00,bayesian_authority_allocation,recovery_success,0.531458,0.001024,10
authority_churn,0.00,bayesian_authority_allocation,intervention_cost,0.367392,0.000790,10
authority_churn,0.00,bayesian_authority_allocation,boundary_calibration_error,0.281684,0.000756,10
authority_churn,0.00,bayesian_authority_allocation,override_precision,0.464290,0.000586,10
authority_churn,0.00,bayesian_authority_allocation,unsafe_autonomy,0.067318,0.000237,10
authority_churn,0.00,bayesian_authority_allocation,robust_utility,-0.251618,0.031145,10
authority_churn,0.00,cbf_safety_filter,task_success,0.415833,0.014700,10
authority_churn,0.00,cbf_safety_filter,safety_violation,0.170000,0.028624,10
authority_churn,0.00,cbf_safety_filter,authority_regret,0.276058,0.000608,10
authority_churn,0.00,cbf_safety_filter,human_burden,0.327150,0.001565,10
authority_churn,0.00,cbf_safety_filter,late_handoff,0.329631,0.001420,10
authority_churn,0.00,cbf_safety_filter,handoff_churn,0.297978,0.001011,10
authority_churn,0.00,cbf_safety_filter,recovery_success,0.648925,0.000813,10
authority_churn,0.00,cbf_safety_filter,intervention_cost,0.220540,0.000574,10
authority_churn,0.00,cbf_safety_filter,boundary_calibration_error,0.272130,0.000731,10
authority_churn,0.00,cbf_safety_filter,override_precision,0.533934,0.001176,10
authority_churn,0.00,cbf_safety_filter,unsafe_autonomy,0.109745,0.000199,10
authority_churn,0.00,cbf_safety_filter,robust_utility,0.104265,0.020094,10
authority_churn,0.00,confidence_threshold_shared_control,task_success,0.138333,0.012463,10
authority_churn,0.00,confidence_threshold_shared_control,safety_violation,0.321667,0.029137,10
authority_churn,0.00,confidence_threshold_shared_control,authority_regret,0.452939,0.001027,10
authority_churn,0.00,confidence_threshold_shared_control,human_burden,0.883917,0.001498,10
authority_churn,0.00,confidence_threshold_shared_control,late_handoff,0.430271,0.001482,10
authority_churn,0.00,confidence_threshold_shared_control,handoff_churn,0.428141,0.001685,10
authority_churn,0.00,confidence_threshold_shared_control,recovery_success,0.338747,0.001013,10
authority_churn,0.00,confidence_threshold_shared_control,intervention_cost,0.374632,0.000461,10
authority_churn,0.00,confidence_threshold_shared_control,boundary_calibration_error,0.341431,0.001144,10
authority_churn,0.00,confidence_threshold_shared_control,override_precision,0.344927,0.001313,10
authority_churn,0.00,confidence_threshold_shared_control,unsafe_autonomy,0.061966,0.000115,10
authority_churn,0.00,confidence_threshold_shared_control,robust_utility,-0.517058,0.018911,10
authority_churn,0.00,mpc_risk_arbitration,task_success,0.458333,0.020516,10
authority_churn,0.00,mpc_risk_arbitration,safety_violation,0.180833,0.020667,10
authority_churn,0.00,mpc_risk_arbitration,authority_regret,0.254934,0.000627,10
authority_churn,0.00,mpc_risk_arbitration,human_burden,0.373252,0.000902,10
authority_churn,0.00,mpc_risk_arbitration,late_handoff,0.314371,0.001270,10
authority_churn,0.00,mpc_risk_arbitration,handoff_churn,0.307897,0.001425,10
authority_churn,0.00,mpc_risk_arbitration,recovery_success,0.716991,0.000633,10
authority_churn,0.00,mpc_risk_arbitration,intervention_cost,0.287780,0.000376,10
authority_churn,0.00,mpc_risk_arbitration,boundary_calibration_error,0.251375,0.000792,10
authority_churn,0.00,mpc_risk_arbitration,override_precision,0.563998,0.000980,10
authority_churn,0.00,mpc_risk_arbitration,unsafe_autonomy,0.123798,0.000324,10
authority_churn,0.00,mpc_risk_arbitration,robust_utility,0.134237,0.012647,10
authority_churn,0.00,pomdp_handoff_policy,task_success,0.381667,0.018985,10
authority_churn,0.00,pomdp_handoff_policy,safety_violation,0.223333,0.027091,10
authority_churn,0.00,pomdp_handoff_policy,authority_regret,0.293332,0.000740,10
authority_churn,0.00,pomdp_handoff_policy,human_burden,0.556984,0.001553,10
authority_churn,0.00,pomdp_handoff_policy,late_handoff,0.339054,0.001024,10
authority_churn,0.00,pomdp_handoff_policy,handoff_churn,0.347288,0.001139,10
authority_churn,0.00,pomdp_handoff_policy,recovery_success,0.645602,0.001286,10
authority_churn,0.00,pomdp_handoff_policy,intervention_cost,0.348899,0.000659,10
authority_churn,0.00,pomdp_handoff_policy,boundary_calibration_error,0.262095,0.000564,10
authority_churn,0.00,pomdp_handoff_policy,override_precision,0.523843,0.001191,10
authority_churn,0.00,pomdp_handoff_policy,unsafe_autonomy,0.097343,0.000290,10
authority_churn,0.00,pomdp_handoff_policy,robust_utility,-0.042974,0.030499,10
authority_churn,0.00,recovery_aware_mpc,task_success,0.444167,0.031470,10
authority_churn,0.00,recovery_aware_mpc,safety_violation,0.202500,0.020379,10
authority_churn,0.00,recovery_aware_mpc,authority_regret,0.269585,0.000380,10
authority_churn,0.00,recovery_aware_mpc,human_burden,0.420720,0.001141,10
authority_churn,0.00,recovery_aware_mpc,late_handoff,0.311162,0.001381,10
authority_churn,0.00,recovery_aware_mpc,handoff_churn,0.317782,0.001360,10
authority_churn,0.00,recovery_aware_mpc,recovery_success,0.765126,0.000947,10
authority_churn,0.00,recovery_aware_mpc,intervention_cost,0.335918,0.000621,10
authority_churn,0.00,recovery_aware_mpc,boundary_calibration_error,0.262429,0.000895,10
authority_churn,0.00,recovery_aware_mpc,override_precision,0.554410,0.000896,10
authority_churn,0.00,recovery_aware_mpc,unsafe_autonomy,0.120585,0.000315,10
authority_churn,0.00,recovery_aware_mpc,robust_utility,0.089946,0.036936,10
authority_churn,0.20,authority_boundary_v5,task_success,0.313333,0.022996,10
authority_churn,0.20,authority_boundary_v5,safety_violation,0.265833,0.022639,10
authority_churn,0.20,authority_boundary_v5,authority_regret,0.329944,0.000863,10
authority_churn,0.20,authority_boundary_v5,human_burden,0.708681,0.000628,10
authority_churn,0.20,authority_boundary_v5,late_handoff,0.341362,0.001439,10
authority_churn,0.20,authority_boundary_v5,handoff_churn,0.418660,0.001390,10
authority_churn,0.20,authority_boundary_v5,recovery_success,0.607800,0.001090,10
authority_churn,0.20,authority_boundary_v5,intervention_cost,0.377413,0.000647,10
authority_churn,0.20,authority_boundary_v5,boundary_calibration_error,0.282447,0.000723,10
authority_churn,0.20,authority_boundary_v5,override_precision,0.503980,0.000898,10
authority_churn,0.20,authority_boundary_v5,unsafe_autonomy,0.068223,0.000196,10
authority_churn,0.20,authority_boundary_v5,robust_utility,-0.198027,0.018932,10
authority_churn,0.20,bayesian_authority_allocation,task_success,0.261667,0.026805,10
authority_churn,0.20,bayesian_authority_allocation,safety_violation,0.256667,0.020917,10
authority_churn,0.20,bayesian_authority_allocation,authority_regret,0.350048,0.000790,10
authority_churn,0.20,bayesian_authority_allocation,human_burden,0.733476,0.001554,10
authority_churn,0.20,bayesian_authority_allocation,late_handoff,0.376852,0.001278,10
authority_churn,0.20,bayesian_authority_allocation,handoff_churn,0.407933,0.001084,10
authority_churn,0.20,bayesian_authority_allocation,recovery_success,0.528337,0.001126,10
authority_churn,0.20,bayesian_authority_allocation,intervention_cost,0.370790,0.000869,10
authority_churn,0.20,bayesian_authority_allocation,boundary_calibration_error,0.281837,0.000441,10
authority_churn,0.20,bayesian_authority_allocation,override_precision,0.464142,0.000685,10
authority_churn,0.20,bayesian_authority_allocation,unsafe_autonomy,0.068341,0.000431,10
authority_churn,0.20,bayesian_authority_allocation,robust_utility,-0.265073,0.033970,10
authority_churn,0.20,cbf_safety_filter,task_success,0.402500,0.026566,10
authority_churn,0.20,cbf_safety_filter,safety_violation,0.173333,0.024324,10
authority_churn,0.20,cbf_safety_filter,authority_regret,0.280826,0.000733,10
authority_churn,0.20,cbf_safety_filter,human_burden,0.327828,0.001231,10
authority_churn,0.20,cbf_safety_filter,late_handoff,0.329640,0.000937,10
authority_churn,0.20,cbf_safety_filter,handoff_churn,0.338764,0.001013,10
authority_churn,0.20,cbf_safety_filter,recovery_success,0.644641,0.001098,10
authority_churn,0.20,cbf_safety_filter,intervention_cost,0.224130,0.000639,10
authority_churn,0.20,cbf_safety_filter,boundary_calibration_error,0.271864,0.000607,10
authority_churn,0.20,cbf_safety_filter,override_precision,0.534335,0.000909,10
authority_churn,0.20,cbf_safety_filter,unsafe_autonomy,0.112275,0.000388,10
authority_churn,0.20,cbf_safety_filter,robust_utility,0.081912,0.036042,10
authority_churn,0.20,confidence_threshold_shared_control,task_success,0.135833,0.024354,10
authority_churn,0.20,confidence_threshold_shared_control,safety_violation,0.330833,0.031751,10
authority_churn,0.20,confidence_threshold_shared_control,authority_regret,0.457457,0.000578,10
authority_churn,0.20,confidence_threshold_shared_control,human_burden,0.883440,0.001054,10
authority_churn,0.20,confidence_threshold_shared_control,late_handoff,0.431072,0.000699,10
authority_churn,0.20,confidence_threshold_shared_control,handoff_churn,0.468162,0.000895,10
authority_churn,0.20,confidence_threshold_shared_control,recovery_success,0.334330,0.000823,10
authority_churn,0.20,confidence_threshold_shared_control,intervention_cost,0.377227,0.000663,10
authority_churn,0.20,confidence_threshold_shared_control,boundary_calibration_error,0.341724,0.000542,10
authority_churn,0.20,confidence_threshold_shared_control,override_precision,0.344515,0.000946,10
authority_churn,0.20,confidence_threshold_shared_control,unsafe_autonomy,0.062657,0.000169,10
authority_churn,0.20,confidence_threshold_shared_control,robust_utility,-0.531801,0.039706,10
authority_churn,0.20,mpc_risk_arbitration,task_success,0.432500,0.017294,10
authority_churn,0.20,mpc_risk_arbitration,safety_violation,0.210000,0.028478,10
authority_churn,0.20,mpc_risk_arbitration,authority_regret,0.258914,0.000555,10
authority_churn,0.20,mpc_risk_arbitration,human_burden,0.374161,0.001172,10
authority_churn,0.20,mpc_risk_arbitration,late_handoff,0.314730,0.001035,10
authority_churn,0.20,mpc_risk_arbitration,handoff_churn,0.348148,0.000862,10
authority_churn,0.20,mpc_risk_arbitration,recovery_success,0.713382,0.000957,10
authority_churn,0.20,mpc_risk_arbitration,intervention_cost,0.291486,0.000614,10
authority_churn,0.20,mpc_risk_arbitration,boundary_calibration_error,0.251748,0.000393,10
authority_churn,0.20,mpc_risk_arbitration,override_precision,0.564021,0.000563,10
authority_churn,0.20,mpc_risk_arbitration,unsafe_autonomy,0.125723,0.000370,10
authority_churn,0.20,mpc_risk_arbitration,robust_utility,0.083561,0.024061,10
authority_churn,0.20,pomdp_handoff_policy,task_success,0.345833,0.027574,10
authority_churn,0.20,pomdp_handoff_policy,safety_violation,0.217500,0.026275,10
authority_churn,0.20,pomdp_handoff_policy,authority_regret,0.296860,0.000920,10
authority_churn,0.20,pomdp_handoff_policy,human_burden,0.557698,0.001134,10
authority_churn,0.20,pomdp_handoff_policy,late_handoff,0.338777,0.000873,10
authority_churn,0.20,pomdp_handoff_policy,handoff_churn,0.388342,0.000836,10
authority_churn,0.20,pomdp_handoff_policy,recovery_success,0.641927,0.000642,10
authority_churn,0.20,pomdp_handoff_policy,intervention_cost,0.352272,0.000847,10
authority_churn,0.20,pomdp_handoff_policy,boundary_calibration_error,0.261521,0.000589,10
authority_churn,0.20,pomdp_handoff_policy,override_precision,0.524700,0.000695,10
authority_churn,0.20,pomdp_handoff_policy,unsafe_autonomy,0.098620,0.000427,10
authority_churn,0.20,pomdp_handoff_policy,robust_utility,-0.081758,0.037752,10
authority_churn,0.20,recovery_aware_mpc,task_success,0.417500,0.034558,10
authority_churn,0.20,recovery_aware_mpc,safety_violation,0.218333,0.011626,10
authority_churn,0.20,recovery_aware_mpc,authority_regret,0.273546,0.000482,10
authority_churn,0.20,recovery_aware_mpc,human_burden,0.420699,0.001048,10
authority_churn,0.20,recovery_aware_mpc,late_handoff,0.310382,0.001523,10
authority_churn,0.20,recovery_aware_mpc,handoff_churn,0.358042,0.000965,10
authority_churn,0.20,recovery_aware_mpc,recovery_success,0.761745,0.000840,10
authority_churn,0.20,recovery_aware_mpc,intervention_cost,0.339165,0.000579,10
authority_churn,0.20,recovery_aware_mpc,boundary_calibration_error,0.261589,0.000446,10
authority_churn,0.20,recovery_aware_mpc,override_precision,0.554682,0.000700,10
authority_churn,0.20,recovery_aware_mpc,unsafe_autonomy,0.122740,0.000539,10
authority_churn,0.20,recovery_aware_mpc,robust_utility,0.047176,0.034820,10
authority_churn,0.40,authority_boundary_v5,task_success,0.320833,0.035805,10
authority_churn,0.40,authority_boundary_v5,safety_violation,0.238333,0.024494,10
authority_churn,0.40,authority_boundary_v5,authority_regret,0.334118,0.000777,10
authority_churn,0.40,authority_boundary_v5,human_burden,0.709023,0.001306,10
authority_churn,0.40,authority_boundary_v5,late_handoff,0.341109,0.001124,10
authority_churn,0.40,authority_boundary_v5,handoff_churn,0.461688,0.001109,10
authority_churn,0.40,authority_boundary_v5,recovery_success,0.603231,0.000740,10
authority_churn,0.40,authority_boundary_v5,intervention_cost,0.381520,0.000614,10
authority_churn,0.40,authority_boundary_v5,boundary_calibration_error,0.283981,0.000627,10
authority_churn,0.40,authority_boundary_v5,override_precision,0.502908,0.000794,10
authority_churn,0.40,authority_boundary_v5,unsafe_autonomy,0.069245,0.000254,10
authority_churn,0.40,authority_boundary_v5,robust_utility,-0.180502,0.035218,10
authority_churn,0.40,bayesian_authority_allocation,task_success,0.270000,0.038204,10
authority_churn,0.40,bayesian_authority_allocation,safety_violation,0.254167,0.027788,10
authority_churn,0.40,bayesian_authority_allocation,authority_regret,0.354425,0.000471,10
authority_churn,0.40,bayesian_authority_allocation,human_burden,0.734440,0.000901,10
authority_churn,0.40,bayesian_authority_allocation,late_handoff,0.376916,0.000923,10
authority_churn,0.40,bayesian_authority_allocation,handoff_churn,0.450841,0.000778,10
authority_churn,0.40,bayesian_authority_allocation,recovery_success,0.524047,0.000546,10
authority_churn,0.40,bayesian_authority_allocation,intervention_cost,0.374298,0.000568,10
authority_churn,0.40,bayesian_authority_allocation,boundary_calibration_error,0.283848,0.000666,10
authority_churn,0.40,bayesian_authority_allocation,override_precision,0.462525,0.000822,10
authority_churn,0.40,bayesian_authority_allocation,unsafe_autonomy,0.069211,0.000236,10
authority_churn,0.40,bayesian_authority_allocation,robust_utility,-0.262369,0.046745,10
authority_churn,0.40,cbf_safety_filter,task_success,0.405000,0.024854,10
authority_churn,0.40,cbf_safety_filter,safety_violation,0.163333,0.021114,10
authority_churn,0.40,cbf_safety_filter,authority_regret,0.285338,0.000763,10
authority_churn,0.40,cbf_safety_filter,human_burden,0.328770,0.000945,10
authority_churn,0.40,cbf_safety_filter,late_handoff,0.330037,0.000711,10
authority_churn,0.40,cbf_safety_filter,handoff_churn,0.381468,0.001194,10
authority_churn,0.40,cbf_safety_filter,recovery_success,0.640730,0.000987,10
authority_churn,0.40,cbf_safety_filter,intervention_cost,0.227268,0.000677,10
authority_churn,0.40,cbf_safety_filter,boundary_calibration_error,0.273814,0.001045,10
authority_churn,0.40,cbf_safety_filter,override_precision,0.533717,0.001076,10
authority_churn,0.40,cbf_safety_filter,unsafe_autonomy,0.114709,0.000505,10
authority_churn,0.40,cbf_safety_filter,robust_utility,0.083444,0.031351,10
authority_churn,0.40,confidence_threshold_shared_control,task_success,0.108333,0.030605,10
authority_churn,0.40,confidence_threshold_shared_control,safety_violation,0.344167,0.021372,10
authority_churn,0.40,confidence_threshold_shared_control,authority_regret,0.462131,0.000458,10
authority_churn,0.40,confidence_threshold_shared_control,human_burden,0.883893,0.001111,10
authority_churn,0.40,confidence_threshold_shared_control,late_handoff,0.431146,0.000985,10
authority_churn,0.40,confidence_threshold_shared_control,handoff_churn,0.511948,0.001068,10
authority_churn,0.40,confidence_threshold_shared_control,recovery_success,0.330701,0.000982,10
authority_churn,0.40,confidence_threshold_shared_control,intervention_cost,0.380954,0.000603,10
authority_churn,0.40,confidence_threshold_shared_control,boundary_calibration_error,0.344322,0.000838,10
authority_churn,0.40,confidence_threshold_shared_control,override_precision,0.342366,0.000695,10
authority_churn,0.40,confidence_threshold_shared_control,unsafe_autonomy,0.063434,0.000203,10
authority_churn,0.40,confidence_threshold_shared_control,robust_utility,-0.574774,0.029065,10
authority_churn,0.40,mpc_risk_arbitration,task_success,0.408333,0.020516,10
authority_churn,0.40,mpc_risk_arbitration,safety_violation,0.201667,0.024687,10
authority_churn,0.40,mpc_risk_arbitration,authority_regret,0.264271,0.000484,10
authority_churn,0.40,mpc_risk_arbitration,human_burden,0.374677,0.001021,10
authority_churn,0.40,mpc_risk_arbitration,late_handoff,0.314749,0.000687,10
authority_churn,0.40,mpc_risk_arbitration,handoff_churn,0.391878,0.000917,10
authority_churn,0.40,mpc_risk_arbitration,recovery_success,0.709216,0.000860,10
authority_churn,0.40,mpc_risk_arbitration,intervention_cost,0.295385,0.000564,10
authority_churn,0.40,mpc_risk_arbitration,boundary_calibration_error,0.254626,0.000665,10
authority_churn,0.40,mpc_risk_arbitration,override_precision,0.562106,0.000942,10
authority_churn,0.40,mpc_risk_arbitration,unsafe_autonomy,0.127863,0.000481,10
authority_churn,0.40,mpc_risk_arbitration,robust_utility,0.057124,0.022007,10
authority_churn,0.40,pomdp_handoff_policy,task_success,0.376666,0.020917,10
authority_churn,0.40,pomdp_handoff_policy,safety_violation,0.230000,0.021114,10
authority_churn,0.40,pomdp_handoff_policy,authority_regret,0.301990,0.000584,10
authority_churn,0.40,pomdp_handoff_policy,human_burden,0.557859,0.000765,10
authority_churn,0.40,pomdp_handoff_policy,late_handoff,0.339358,0.001077,10
authority_churn,0.40,pomdp_handoff_policy,handoff_churn,0.431586,0.000747,10
authority_churn,0.40,pomdp_handoff_policy,recovery_success,0.637298,0.001038,10
authority_churn,0.40,pomdp_handoff_policy,intervention_cost,0.356099,0.000509,10
authority_churn,0.40,pomdp_handoff_policy,boundary_calibration_error,0.265066,0.000738,10
authority_churn,0.40,pomdp_handoff_policy,override_precision,0.522669,0.000907,10
authority_churn,0.40,pomdp_handoff_policy,unsafe_autonomy,0.100535,0.000302,10
authority_churn,0.40,pomdp_handoff_policy,robust_utility,-0.066031,0.026746,10
authority_churn,0.40,recovery_aware_mpc,task_success,0.455000,0.021531,10
authority_churn,0.40,recovery_aware_mpc,safety_violation,0.223333,0.028478,10
authority_churn,0.40,recovery_aware_mpc,authority_regret,0.277858,0.000635,10
authority_churn,0.40,recovery_aware_mpc,human_burden,0.420704,0.000855,10
authority_churn,0.40,recovery_aware_mpc,late_handoff,0.310343,0.001198,10
authority_churn,0.40,recovery_aware_mpc,handoff_churn,0.401668,0.001328,10
authority_churn,0.40,recovery_aware_mpc,recovery_success,0.757742,0.001066,10
authority_churn,0.40,recovery_aware_mpc,intervention_cost,0.342897,0.000479,10
authority_churn,0.40,recovery_aware_mpc,boundary_calibration_error,0.264598,0.000474,10
authority_churn,0.40,recovery_aware_mpc,override_precision,0.553406,0.000380,10
authority_churn,0.40,recovery_aware_mpc,unsafe_autonomy,0.124959,0.000414,10
authority_churn,0.40,recovery_aware_mpc,robust_utility,0.074575,0.033503,10
authority_churn,0.60,authority_boundary_v5,task_success,0.335000,0.020196,10
authority_churn,0.60,authority_boundary_v5,safety_violation,0.238333,0.028206,10
authority_churn,0.60,authority_boundary_v5,authority_regret,0.338521,0.000535,10
authority_churn,0.60,authority_boundary_v5,human_burden,0.709301,0.001115,10
authority_churn,0.60,authority_boundary_v5,late_handoff,0.340914,0.001008,10
authority_churn,0.60,authority_boundary_v5,handoff_churn,0.507603,0.000895,10
authority_churn,0.60,authority_boundary_v5,recovery_success,0.600069,0.001120,10
authority_churn,0.60,authority_boundary_v5,intervention_cost,0.384383,0.000573,10
authority_churn,0.60,authority_boundary_v5,boundary_calibration_error,0.291717,0.000721,10
authority_churn,0.60,authority_boundary_v5,override_precision,0.499722,0.000832,10
authority_churn,0.60,authority_boundary_v5,unsafe_autonomy,0.070689,0.000500,10
authority_churn,0.60,authority_boundary_v5,robust_utility,-0.173521,0.029859,10
authority_churn,0.60,bayesian_authority_allocation,task_success,0.255000,0.022474,10
authority_churn,0.60,bayesian_authority_allocation,safety_violation,0.270000,0.029339,10
authority_churn,0.60,bayesian_authority_allocation,authority_regret,0.359248,0.000591,10
authority_churn,0.60,bayesian_authority_allocation,human_burden,0.733540,0.000741,10
authority_churn,0.60,bayesian_authority_allocation,late_handoff,0.376665,0.001310,10
authority_churn,0.60,bayesian_authority_allocation,handoff_churn,0.497136,0.000654,10
authority_churn,0.60,bayesian_authority_allocation,recovery_success,0.519335,0.000934,10
authority_churn,0.60,bayesian_authority_allocation,intervention_cost,0.377107,0.000491,10
authority_churn,0.60,bayesian_authority_allocation,boundary_calibration_error,0.291982,0.000451,10
authority_churn,0.60,bayesian_authority_allocation,override_precision,0.459300,0.000734,10
authority_churn,0.60,bayesian_authority_allocation,unsafe_autonomy,0.070891,0.000216,10
authority_churn,0.60,bayesian_authority_allocation,robust_utility,-0.294348,0.035717,10
authority_churn,0.60,cbf_safety_filter,task_success,0.372500,0.030899,10
authority_churn,0.60,cbf_safety_filter,safety_violation,0.165833,0.029666,10
authority_churn,0.60,cbf_safety_filter,authority_regret,0.290079,0.000899,10
authority_churn,0.60,cbf_safety_filter,human_burden,0.327024,0.001297,10
authority_churn,0.60,cbf_safety_filter,late_handoff,0.329337,0.001227,10
authority_churn,0.60,cbf_safety_filter,handoff_churn,0.427130,0.000969,10
authority_churn,0.60,cbf_safety_filter,recovery_success,0.637165,0.000696,10
authority_churn,0.60,cbf_safety_filter,intervention_cost,0.230592,0.000780,10
authority_churn,0.60,cbf_safety_filter,boundary_calibration_error,0.281482,0.000445,10
authority_churn,0.60,cbf_safety_filter,override_precision,0.529085,0.001129,10
authority_churn,0.60,cbf_safety_filter,unsafe_autonomy,0.118064,0.000381,10
authority_churn,0.60,cbf_safety_filter,robust_utility,0.042642,0.035247,10
authority_churn,0.60,confidence_threshold_shared_control,task_success,0.114167,0.016342,10
authority_churn,0.60,confidence_threshold_shared_control,safety_violation,0.324167,0.020581,10
authority_churn,0.60,confidence_threshold_shared_control,authority_regret,0.466632,0.000669,10
authority_churn,0.60,confidence_threshold_shared_control,human_burden,0.883442,0.001400,10
authority_churn,0.60,confidence_threshold_shared_control,late_handoff,0.430098,0.001340,10
authority_churn,0.60,confidence_threshold_shared_control,handoff_churn,0.557724,0.000643,10
authority_churn,0.60,confidence_threshold_shared_control,recovery_success,0.326643,0.000730,10
authority_churn,0.60,confidence_threshold_shared_control,intervention_cost,0.384906,0.000531,10
authority_churn,0.60,confidence_threshold_shared_control,boundary_calibration_error,0.351596,0.000532,10
authority_churn,0.60,confidence_threshold_shared_control,override_precision,0.339545,0.000887,10
authority_churn,0.60,confidence_threshold_shared_control,unsafe_autonomy,0.064611,0.000119,10
authority_churn,0.60,confidence_threshold_shared_control,robust_utility,-0.563602,0.018842,10
authority_churn,0.60,mpc_risk_arbitration,task_success,0.425833,0.017634,10
authority_churn,0.60,mpc_risk_arbitration,safety_violation,0.212500,0.016197,10
authority_churn,0.60,mpc_risk_arbitration,authority_regret,0.268540,0.000628,10
authority_churn,0.60,mpc_risk_arbitration,human_burden,0.373361,0.000564,10
authority_churn,0.60,mpc_risk_arbitration,late_handoff,0.313269,0.001189,10
authority_churn,0.60,mpc_risk_arbitration,handoff_churn,0.437169,0.001008,10
authority_churn,0.60,mpc_risk_arbitration,recovery_success,0.705715,0.000963,10
authority_churn,0.60,mpc_risk_arbitration,intervention_cost,0.298428,0.000590,10
authority_churn,0.60,mpc_risk_arbitration,boundary_calibration_error,0.261593,0.000503,10
authority_churn,0.60,mpc_risk_arbitration,override_precision,0.559851,0.001066,10
authority_churn,0.60,mpc_risk_arbitration,unsafe_autonomy,0.131658,0.000316,10
authority_churn,0.60,mpc_risk_arbitration,robust_utility,0.061373,0.017262,10
authority_churn,0.60,pomdp_handoff_policy,task_success,0.335833,0.031751,10
authority_churn,0.60,pomdp_handoff_policy,safety_violation,0.252500,0.021093,10
authority_churn,0.60,pomdp_handoff_policy,authority_regret,0.306084,0.000567,10
authority_churn,0.60,pomdp_handoff_policy,human_burden,0.558018,0.001882,10
authority_churn,0.60,pomdp_handoff_policy,late_handoff,0.338448,0.001098,10
authority_churn,0.60,pomdp_handoff_policy,handoff_churn,0.477199,0.000700,10
authority_churn,0.60,pomdp_handoff_policy,recovery_success,0.633571,0.000645,10
authority_churn,0.60,pomdp_handoff_policy,intervention_cost,0.359743,0.000844,10
authority_churn,0.60,pomdp_handoff_policy,boundary_calibration_error,0.272016,0.000469,10
authority_churn,0.60,pomdp_handoff_policy,override_precision,0.519412,0.000610,10
authority_churn,0.60,pomdp_handoff_policy,unsafe_autonomy,0.102603,0.000568,10
authority_churn,0.60,pomdp_handoff_policy,robust_utility,-0.127866,0.041880,10
authority_churn,0.60,recovery_aware_mpc,task_success,0.391667,0.015966,10
authority_churn,0.60,recovery_aware_mpc,safety_violation,0.214167,0.020524,10
authority_churn,0.60,recovery_aware_mpc,authority_regret,0.283099,0.000703,10
authority_churn,0.60,recovery_aware_mpc,human_burden,0.420672,0.001136,10
authority_churn,0.60,recovery_aware_mpc,late_handoff,0.310237,0.001206,10
authority_churn,0.60,recovery_aware_mpc,handoff_churn,0.447051,0.000962,10
authority_churn,0.60,recovery_aware_mpc,recovery_success,0.754339,0.001175,10
authority_churn,0.60,recovery_aware_mpc,intervention_cost,0.346908,0.000537,10
authority_churn,0.60,recovery_aware_mpc,boundary_calibration_error,0.271904,0.000832,10
authority_churn,0.60,recovery_aware_mpc,override_precision,0.549359,0.001183,10
authority_churn,0.60,recovery_aware_mpc,unsafe_autonomy,0.127889,0.000354,10
authority_churn,0.60,recovery_aware_mpc,robust_utility,0.009520,0.020167,10
authority_churn,0.80,authority_boundary_v5,task_success,0.325000,0.024830,10
authority_churn,0.80,authority_boundary_v5,safety_violation,0.251667,0.023581,10
authority_churn,0.80,authority_boundary_v5,authority_regret,0.344174,0.000781,10
authority_churn,0.80,authority_boundary_v5,human_burden,0.709038,0.000863,10
authority_churn,0.80,authority_boundary_v5,late_handoff,0.341556,0.000971,10
authority_churn,0.80,authority_boundary_v5,handoff_churn,0.551302,0.000995,10
authority_churn,0.80,authority_boundary_v5,recovery_success,0.595606,0.001283,10
authority_churn,0.80,authority_boundary_v5,intervention_cost,0.388203,0.000688,10
authority_churn,0.80,authority_boundary_v5,boundary_calibration_error,0.300112,0.000812,10
authority_churn,0.80,authority_boundary_v5,override_precision,0.495669,0.001025,10
authority_churn,0.80,authority_boundary_v5,unsafe_autonomy,0.072455,0.000369,10
authority_churn,0.80,authority_boundary_v5,robust_utility,-0.199223,0.031405,10
authority_churn,0.80,bayesian_authority_allocation,task_success,0.249167,0.019087,10
authority_churn,0.80,bayesian_authority_allocation,safety_violation,0.260833,0.021920,10
authority_churn,0.80,bayesian_authority_allocation,authority_regret,0.364269,0.000866,10
authority_churn,0.80,bayesian_authority_allocation,human_burden,0.733496,0.001199,10
authority_churn,0.80,bayesian_authority_allocation,late_handoff,0.377513,0.000976,10
authority_churn,0.80,bayesian_authority_allocation,handoff_churn,0.541119,0.001499,10
authority_churn,0.80,bayesian_authority_allocation,recovery_success,0.515752,0.000837,10
authority_churn,0.80,bayesian_authority_allocation,intervention_cost,0.381260,0.000738,10
authority_churn,0.80,bayesian_authority_allocation,boundary_calibration_error,0.299403,0.000715,10
authority_churn,0.80,bayesian_authority_allocation,override_precision,0.455644,0.001100,10
authority_churn,0.80,bayesian_authority_allocation,unsafe_autonomy,0.072325,0.000396,10
authority_churn,0.80,bayesian_authority_allocation,robust_utility,-0.301859,0.027588,10
authority_churn,0.80,cbf_safety_filter,task_success,0.373333,0.027200,10
authority_churn,0.80,cbf_safety_filter,safety_violation,0.184167,0.013655,10
authority_churn,0.80,cbf_safety_filter,authority_regret,0.294181,0.000762,10
authority_churn,0.80,cbf_safety_filter,human_burden,0.327774,0.001391,10
authority_churn,0.80,cbf_safety_filter,late_handoff,0.329922,0.001085,10
authority_churn,0.80,cbf_safety_filter,handoff_churn,0.470969,0.000996,10
authority_churn,0.80,cbf_safety_filter,recovery_success,0.632519,0.000710,10
authority_churn,0.80,cbf_safety_filter,intervention_cost,0.234749,0.000348,10
authority_churn,0.80,cbf_safety_filter,boundary_calibration_error,0.289957,0.000753,10
authority_churn,0.80,cbf_safety_filter,override_precision,0.525486,0.000993,10
authority_churn,0.80,cbf_safety_filter,unsafe_autonomy,0.120687,0.000481,10
authority_churn,0.80,cbf_safety_filter,robust_utility,0.024762,0.028868,10
authority_churn,0.80,confidence_threshold_shared_control,task_success,0.106667,0.023832,10
authority_churn,0.80,confidence_threshold_shared_control,safety_violation,0.287500,0.034968,10
authority_churn,0.80,confidence_threshold_shared_control,authority_regret,0.472409,0.000599,10
authority_churn,0.80,confidence_threshold_shared_control,human_burden,0.883677,0.001315,10
authority_churn,0.80,confidence_threshold_shared_control,late_handoff,0.430477,0.000750,10
authority_churn,0.80,confidence_threshold_shared_control,handoff_churn,0.601487,0.000955,10
authority_churn,0.80,confidence_threshold_shared_control,recovery_success,0.323310,0.000782,10
authority_churn,0.80,confidence_threshold_shared_control,intervention_cost,0.388514,0.000538,10
authority_churn,0.80,confidence_threshold_shared_control,boundary_calibration_error,0.359934,0.000894,10
authority_churn,0.80,confidence_threshold_shared_control,override_precision,0.334933,0.000596,10
authority_churn,0.80,confidence_threshold_shared_control,unsafe_autonomy,0.065614,0.000147,10
authority_churn,0.80,confidence_threshold_shared_control,robust_utility,-0.555810,0.029378,10
authority_churn,0.80,mpc_risk_arbitration,task_success,0.425833,0.018773,10
authority_churn,0.80,mpc_risk_arbitration,safety_violation,0.214167,0.023613,10
authority_churn,0.80,mpc_risk_arbitration,authority_regret,0.273888,0.000777,10
authority_churn,0.80,mpc_risk_arbitration,human_burden,0.373734,0.000919,10
authority_churn,0.80,mpc_risk_arbitration,late_handoff,0.314620,0.001217,10
authority_churn,0.80,mpc_risk_arbitration,handoff_churn,0.481044,0.001057,10
authority_churn,0.80,mpc_risk_arbitration,recovery_success,0.700778,0.000807,10
authority_churn,0.80,mpc_risk_arbitration,intervention_cost,0.302611,0.000427,10
authority_churn,0.80,mpc_risk_arbitration,boundary_calibration_error,0.269942,0.000718,10
authority_churn,0.80,mpc_risk_arbitration,override_precision,0.555124,0.000837,10
authority_churn,0.80,mpc_risk_arbitration,unsafe_autonomy,0.134128,0.000494,10
authority_churn,0.80,mpc_risk_arbitration,robust_utility,0.052618,0.021831,10
authority_churn,0.80,pomdp_handoff_policy,task_success,0.340833,0.023663,10
authority_churn,0.80,pomdp_handoff_policy,safety_violation,0.241667,0.027654,10
authority_churn,0.80,pomdp_handoff_policy,authority_regret,0.311811,0.000564,10
authority_churn,0.80,pomdp_handoff_policy,human_burden,0.557698,0.000562,10
authority_churn,0.80,pomdp_handoff_policy,late_handoff,0.339140,0.000977,10
authority_churn,0.80,pomdp_handoff_policy,handoff_churn,0.521318,0.001011,10
authority_churn,0.80,pomdp_handoff_policy,recovery_success,0.629737,0.000817,10
authority_churn,0.80,pomdp_handoff_policy,intervention_cost,0.362916,0.000725,10
authority_churn,0.80,pomdp_handoff_policy,boundary_calibration_error,0.279195,0.000863,10
authority_churn,0.80,pomdp_handoff_policy,override_precision,0.515394,0.000678,10
authority_churn,0.80,pomdp_handoff_policy,unsafe_autonomy,0.104901,0.000375,10
authority_churn,0.80,pomdp_handoff_policy,robust_utility,-0.123533,0.036647,10
authority_churn,0.80,recovery_aware_mpc,task_success,0.410833,0.013567,10
authority_churn,0.80,recovery_aware_mpc,safety_violation,0.214167,0.026116,10
authority_churn,0.80,recovery_aware_mpc,authority_regret,0.287454,0.000866,10
authority_churn,0.80,recovery_aware_mpc,human_burden,0.420822,0.000987,10
authority_churn,0.80,recovery_aware_mpc,late_handoff,0.310352,0.000733,10
authority_churn,0.80,recovery_aware_mpc,handoff_churn,0.491170,0.000946,10
authority_churn,0.80,recovery_aware_mpc,recovery_success,0.749402,0.000587,10
authority_churn,0.80,recovery_aware_mpc,intervention_cost,0.350011,0.000634,10
authority_churn,0.80,recovery_aware_mpc,boundary_calibration_error,0.279739,0.000762,10
authority_churn,0.80,recovery_aware_mpc,override_precision,0.545486,0.000791,10
authority_churn,0.80,recovery_aware_mpc,unsafe_autonomy,0.130789,0.000261,10
authority_churn,0.80,recovery_aware_mpc,robust_utility,0.021543,0.021236,10
authority_churn,1.00,authority_boundary_v5,task_success,0.310833,0.024476,10
authority_churn,1.00,authority_boundary_v5,safety_violation,0.279167,0.020839,10
authority_churn,1.00,authority_boundary_v5,authority_regret,0.345128,0.000843,10
authority_churn,1.00,authority_boundary_v5,human_burden,0.709496,0.001943,10
authority_churn,1.00,authority_boundary_v5,late_handoff,0.340628,0.000874,10
authority_churn,1.00,authority_boundary_v5,handoff_churn,0.561655,0.000931,10
authority_churn,1.00,authority_boundary_v5,recovery_success,0.594791,0.000521,10
authority_churn,1.00,authority_boundary_v5,intervention_cost,0.388953,0.000873,10
authority_churn,1.00,authority_boundary_v5,boundary_calibration_error,0.307451,0.000584,10
authority_churn,1.00,authority_boundary_v5,override_precision,0.491025,0.000970,10
authority_churn,1.00,authority_boundary_v5,unsafe_autonomy,0.072848,0.000482,10
authority_churn,1.00,authority_boundary_v5,robust_utility,-0.232022,0.030811,10
authority_churn,1.00,bayesian_authority_allocation,task_success,0.252500,0.031375,10
authority_churn,1.00,bayesian_authority_allocation,safety_violation,0.290000,0.019448,10
authority_churn,1.00,bayesian_authority_allocation,authority_regret,0.365634,0.000626,10
authority_churn,1.00,bayesian_authority_allocation,human_burden,0.732568,0.001103,10
authority_churn,1.00,bayesian_authority_allocation,late_handoff,0.377265,0.001500,10
authority_churn,1.00,bayesian_authority_allocation,handoff_churn,0.550751,0.001113,10
authority_churn,1.00,bayesian_authority_allocation,recovery_success,0.514750,0.000896,10
authority_churn,1.00,bayesian_authority_allocation,intervention_cost,0.381543,0.000631,10
authority_churn,1.00,bayesian_authority_allocation,boundary_calibration_error,0.307579,0.000706,10
authority_churn,1.00,bayesian_authority_allocation,override_precision,0.451515,0.001095,10
authority_churn,1.00,bayesian_authority_allocation,unsafe_autonomy,0.073222,0.000355,10
authority_churn,1.00,bayesian_authority_allocation,robust_utility,-0.317952,0.036556,10
authority_churn,1.00,cbf_safety_filter,task_success,0.390000,0.035267,10
authority_churn,1.00,cbf_safety_filter,safety_violation,0.170000,0.026916,10
authority_churn,1.00,cbf_safety_filter,authority_regret,0.295761,0.000580,10
authority_churn,1.00,cbf_safety_filter,human_burden,0.328397,0.001013,10
authority_churn,1.00,cbf_safety_filter,late_handoff,0.329321,0.000874,10
authority_churn,1.00,cbf_safety_filter,handoff_churn,0.481256,0.000591,10
authority_churn,1.00,cbf_safety_filter,recovery_success,0.630891,0.001094,10
authority_churn,1.00,cbf_safety_filter,intervention_cost,0.235390,0.000808,10
authority_churn,1.00,cbf_safety_filter,boundary_calibration_error,0.297973,0.000772,10
authority_churn,1.00,cbf_safety_filter,override_precision,0.521342,0.000845,10
authority_churn,1.00,cbf_safety_filter,unsafe_autonomy,0.122531,0.000488,10
authority_churn,1.00,cbf_safety_filter,robust_utility,0.048335,0.036640,10
authority_churn,1.00,confidence_threshold_shared_control,task_success,0.115833,0.020581,10
authority_churn,1.00,confidence_threshold_shared_control,safety_violation,0.333333,0.038881,10
authority_churn,1.00,confidence_threshold_shared_control,authority_regret,0.473153,0.000804,10
authority_churn,1.00,confidence_threshold_shared_control,human_burden,0.883021,0.001094,10
authority_churn,1.00,confidence_threshold_shared_control,late_handoff,0.429654,0.000825,10
authority_churn,1.00,confidence_threshold_shared_control,handoff_churn,0.611864,0.000820,10
authority_churn,1.00,confidence_threshold_shared_control,recovery_success,0.321415,0.000769,10
authority_churn,1.00,confidence_threshold_shared_control,intervention_cost,0.388708,0.000738,10
authority_churn,1.00,confidence_threshold_shared_control,boundary_calibration_error,0.367533,0.000677,10
authority_churn,1.00,confidence_threshold_shared_control,override_precision,0.331227,0.001047,10
authority_churn,1.00,confidence_threshold_shared_control,unsafe_autonomy,0.066279,0.000096,10
authority_churn,1.00,confidence_threshold_shared_control,robust_utility,-0.576373,0.034640,10
authority_churn,1.00,mpc_risk_arbitration,task_success,0.433333,0.017892,10
authority_churn,1.00,mpc_risk_arbitration,safety_violation,0.210833,0.019486,10
authority_churn,1.00,mpc_risk_arbitration,authority_regret,0.274863,0.000599,10
authority_churn,1.00,mpc_risk_arbitration,human_burden,0.373802,0.001148,10
authority_churn,1.00,mpc_risk_arbitration,late_handoff,0.314040,0.001030,10
authority_churn,1.00,mpc_risk_arbitration,handoff_churn,0.492245,0.001327,10
authority_churn,1.00,mpc_risk_arbitration,recovery_success,0.700059,0.001010,10
authority_churn,1.00,mpc_risk_arbitration,intervention_cost,0.303234,0.000716,10
authority_churn,1.00,mpc_risk_arbitration,boundary_calibration_error,0.278058,0.000614,10
authority_churn,1.00,mpc_risk_arbitration,override_precision,0.551539,0.000453,10
authority_churn,1.00,mpc_risk_arbitration,unsafe_autonomy,0.135406,0.000349,10
authority_churn,1.00,mpc_risk_arbitration,robust_utility,0.060554,0.018177,10
authority_churn,1.00,pomdp_handoff_policy,task_success,0.321667,0.026583,10
authority_churn,1.00,pomdp_handoff_policy,safety_violation,0.220000,0.019509,10
authority_churn,1.00,pomdp_handoff_policy,authority_regret,0.312798,0.000609,10
authority_churn,1.00,pomdp_handoff_policy,human_burden,0.556869,0.000627,10
authority_churn,1.00,pomdp_handoff_policy,late_handoff,0.339886,0.001292,10
authority_churn,1.00,pomdp_handoff_policy,handoff_churn,0.531321,0.001032,10
authority_churn,1.00,pomdp_handoff_policy,recovery_success,0.628178,0.000637,10
authority_churn,1.00,pomdp_handoff_policy,intervention_cost,0.363501,0.000604,10
authority_churn,1.00,pomdp_handoff_policy,boundary_calibration_error,0.288135,0.000698,10
authority_churn,1.00,pomdp_handoff_policy,override_precision,0.511086,0.000865,10
authority_churn,1.00,pomdp_handoff_policy,unsafe_autonomy,0.106299,0.000426,10
authority_churn,1.00,pomdp_handoff_policy,robust_utility,-0.130818,0.034077,10
authority_churn,1.00,recovery_aware_mpc,task_success,0.411667,0.030235,10
authority_churn,1.00,recovery_aware_mpc,safety_violation,0.230000,0.019960,10
authority_churn,1.00,recovery_aware_mpc,authority_regret,0.289045,0.000511,10
authority_churn,1.00,recovery_aware_mpc,human_burden,0.421083,0.000740,10
authority_churn,1.00,recovery_aware_mpc,late_handoff,0.309876,0.000915,10
authority_churn,1.00,recovery_aware_mpc,handoff_churn,0.502107,0.000759,10
authority_churn,1.00,recovery_aware_mpc,recovery_success,0.749538,0.001023,10
authority_churn,1.00,recovery_aware_mpc,intervention_cost,0.351333,0.000674,10
authority_churn,1.00,recovery_aware_mpc,boundary_calibration_error,0.287907,0.000736,10
authority_churn,1.00,recovery_aware_mpc,override_precision,0.541026,0.000576,10
authority_churn,1.00,recovery_aware_mpc,unsafe_autonomy,0.131889,0.000500,10
authority_churn,1.00,recovery_aware_mpc,robust_utility,0.010742,0.030190,10
combined,0.00,authority_boundary_v5,task_success,0.481667,0.026314,10
combined,0.00,authority_boundary_v5,safety_violation,0.197500,0.013123,10
combined,0.00,authority_boundary_v5,authority_regret,0.271037,0.000667,10
combined,0.00,authority_boundary_v5,human_burden,0.613316,0.001185,10
combined,0.00,authority_boundary_v5,late_handoff,0.216914,0.001161,10
combined,0.00,authority_boundary_v5,handoff_churn,0.320703,0.001338,10
combined,0.00,authority_boundary_v5,recovery_success,0.660821,0.001078,10
combined,0.00,authority_boundary_v5,intervention_cost,0.337273,0.000793,10
combined,0.00,authority_boundary_v5,boundary_calibration_error,0.212012,0.000665,10
combined,0.00,authority_boundary_v5,override_precision,0.575234,0.000949,10
combined,0.00,authority_boundary_v5,unsafe_autonomy,0.073078,0.000381,10
combined,0.00,authority_boundary_v5,robust_utility,0.090210,0.029135,10
combined,0.00,bayesian_authority_allocation,task_success,0.417500,0.015293,10
combined,0.00,bayesian_authority_allocation,safety_violation,0.223333,0.029801,10
combined,0.00,bayesian_authority_allocation,authority_regret,0.291030,0.000437,10
combined,0.00,bayesian_authority_allocation,human_burden,0.636125,0.000771,10
combined,0.00,bayesian_authority_allocation,late_handoff,0.252917,0.000985,10
combined,0.00,bayesian_authority_allocation,handoff_churn,0.310016,0.001269,10
combined,0.00,bayesian_authority_allocation,recovery_success,0.581136,0.000764,10
combined,0.00,bayesian_authority_allocation,intervention_cost,0.329783,0.000954,10
combined,0.00,bayesian_authority_allocation,boundary_calibration_error,0.212821,0.000527,10
combined,0.00,bayesian_authority_allocation,override_precision,0.535648,0.000574,10
combined,0.00,bayesian_authority_allocation,unsafe_autonomy,0.075791,0.000257,10
combined,0.00,bayesian_authority_allocation,robust_utility,-0.010550,0.024054,10
combined,0.00,cbf_safety_filter,task_success,0.525000,0.016333,10
combined,0.00,cbf_safety_filter,safety_violation,0.142500,0.015486,10
combined,0.00,cbf_safety_filter,authority_regret,0.224204,0.000673,10
combined,0.00,cbf_safety_filter,human_burden,0.230951,0.001661,10
combined,0.00,cbf_safety_filter,late_handoff,0.205235,0.001067,10
combined,0.00,cbf_safety_filter,handoff_churn,0.240720,0.000710,10
combined,0.00,cbf_safety_filter,recovery_success,0.696296,0.000892,10
combined,0.00,cbf_safety_filter,intervention_cost,0.183894,0.000468,10
combined,0.00,cbf_safety_filter,boundary_calibration_error,0.202225,0.000485,10
combined,0.00,cbf_safety_filter,override_precision,0.605678,0.001180,10
combined,0.00,cbf_safety_filter,unsafe_autonomy,0.101439,0.000388,10
combined,0.00,cbf_safety_filter,robust_utility,0.300761,0.020642,10
combined,0.00,confidence_threshold_shared_control,task_success,0.234167,0.024159,10
combined,0.00,confidence_threshold_shared_control,safety_violation,0.281667,0.019900,10
combined,0.00,confidence_threshold_shared_control,authority_regret,0.397450,0.000804,10
combined,0.00,confidence_threshold_shared_control,human_burden,0.786431,0.001067,10
combined,0.00,confidence_threshold_shared_control,late_handoff,0.306146,0.000959,10
combined,0.00,confidence_threshold_shared_control,handoff_churn,0.370609,0.001100,10
combined,0.00,confidence_threshold_shared_control,recovery_success,0.388806,0.000631,10
combined,0.00,confidence_threshold_shared_control,intervention_cost,0.337586,0.000308,10
combined,0.00,confidence_threshold_shared_control,boundary_calibration_error,0.272369,0.000848,10
combined,0.00,confidence_threshold_shared_control,override_precision,0.415547,0.000710,10
combined,0.00,confidence_threshold_shared_control,unsafe_autonomy,0.056637,0.000265,10
combined,0.00,confidence_threshold_shared_control,robust_utility,-0.324683,0.022265,10
combined,0.00,mpc_risk_arbitration,task_success,0.570000,0.021940,10
combined,0.00,mpc_risk_arbitration,safety_violation,0.149167,0.015864,10
combined,0.00,mpc_risk_arbitration,authority_regret,0.202066,0.000755,10
combined,0.00,mpc_risk_arbitration,human_burden,0.277407,0.001260,10
combined,0.00,mpc_risk_arbitration,late_handoff,0.189704,0.000958,10
combined,0.00,mpc_risk_arbitration,handoff_churn,0.250541,0.001245,10
combined,0.00,mpc_risk_arbitration,recovery_success,0.766050,0.000943,10
combined,0.00,mpc_risk_arbitration,intervention_cost,0.251263,0.000549,10
combined,0.00,mpc_risk_arbitration,boundary_calibration_error,0.182622,0.000481,10
combined,0.00,mpc_risk_arbitration,override_precision,0.636164,0.000721,10
combined,0.00,mpc_risk_arbitration,unsafe_autonomy,0.116140,0.000555,10
combined,0.00,mpc_risk_arbitration,robust_utility,0.336162,0.019939,10
combined,0.00,pomdp_handoff_policy,task_success,0.463333,0.033224,10
combined,0.00,pomdp_handoff_policy,safety_violation,0.185000,0.022815,10
combined,0.00,pomdp_handoff_policy,authority_regret,0.239241,0.000456,10
combined,0.00,pomdp_handoff_policy,human_burden,0.460589,0.000642,10
combined,0.00,pomdp_handoff_policy,late_handoff,0.214367,0.001206,10
combined,0.00,pomdp_handoff_policy,handoff_churn,0.290751,0.001414,10
combined,0.00,pomdp_handoff_policy,recovery_success,0.695201,0.000833,10
combined,0.00,pomdp_handoff_policy,intervention_cost,0.312329,0.000727,10
combined,0.00,pomdp_handoff_policy,boundary_calibration_error,0.192423,0.000675,10
combined,0.00,pomdp_handoff_policy,override_precision,0.595525,0.000661,10
combined,0.00,pomdp_handoff_policy,unsafe_autonomy,0.097083,0.000416,10
combined,0.00,pomdp_handoff_policy,robust_utility,0.133476,0.039410,10
combined,0.00,recovery_aware_mpc,task_success,0.567500,0.020725,10
combined,0.00,recovery_aware_mpc,safety_violation,0.188333,0.017251,10
combined,0.00,recovery_aware_mpc,authority_regret,0.215844,0.000879,10
combined,0.00,recovery_aware_mpc,human_burden,0.323212,0.000889,10
combined,0.00,recovery_aware_mpc,late_handoff,0.185543,0.000953,10
combined,0.00,recovery_aware_mpc,handoff_churn,0.260320,0.001113,10
combined,0.00,recovery_aware_mpc,recovery_success,0.814654,0.001184,10
combined,0.00,recovery_aware_mpc,intervention_cost,0.299440,0.000517,10
combined,0.00,recovery_aware_mpc,boundary_calibration_error,0.192070,0.000672,10
combined,0.00,recovery_aware_mpc,override_precision,0.625726,0.001090,10
combined,0.00,recovery_aware_mpc,unsafe_autonomy,0.115067,0.000481,10
combined,0.00,recovery_aware_mpc,robust_utility,0.293504,0.025885,10
combined,0.20,authority_boundary_v5,task_success,0.392500,0.032526,10
combined,0.20,authority_boundary_v5,safety_violation,0.213333,0.031578,10
combined,0.20,authority_boundary_v5,authority_regret,0.303663,0.000627,10
combined,0.20,authority_boundary_v5,human_burden,0.661490,0.000990,10
combined,0.20,authority_boundary_v5,late_handoff,0.279191,0.000778,10
combined,0.20,authority_boundary_v5,handoff_churn,0.388548,0.000930,10
combined,0.20,authority_boundary_v5,recovery_success,0.630951,0.000712,10
combined,0.20,authority_boundary_v5,intervention_cost,0.358704,0.000987,10
combined,0.20,authority_boundary_v5,boundary_calibration_error,0.248967,0.000787,10
combined,0.20,authority_boundary_v5,override_precision,0.538388,0.000998,10
combined,0.20,authority_boundary_v5,unsafe_autonomy,0.073012,0.000339,10
combined,0.20,authority_boundary_v5,robust_utility,-0.051130,0.025206,10
combined,0.20,bayesian_authority_allocation,task_success,0.325000,0.027654,10
combined,0.20,bayesian_authority_allocation,safety_violation,0.255000,0.017078,10
combined,0.20,bayesian_authority_allocation,authority_regret,0.324769,0.000692,10
combined,0.20,bayesian_authority_allocation,human_burden,0.685407,0.001182,10
combined,0.20,bayesian_authority_allocation,late_handoff,0.314674,0.000765,10
combined,0.20,bayesian_authority_allocation,handoff_churn,0.378490,0.001206,10
combined,0.20,bayesian_authority_allocation,recovery_success,0.551962,0.000832,10
combined,0.20,bayesian_authority_allocation,intervention_cost,0.351457,0.000619,10
combined,0.20,bayesian_authority_allocation,boundary_calibration_error,0.249311,0.000439,10
combined,0.20,bayesian_authority_allocation,override_precision,0.498588,0.000955,10
combined,0.20,bayesian_authority_allocation,unsafe_autonomy,0.074378,0.000350,10
combined,0.20,bayesian_authority_allocation,robust_utility,-0.165545,0.025995,10
combined,0.20,cbf_safety_filter,task_success,0.474167,0.031881,10
combined,0.20,cbf_safety_filter,safety_violation,0.141666,0.022970,10
combined,0.20,cbf_safety_filter,authority_regret,0.256253,0.000733,10
combined,0.20,cbf_safety_filter,human_burden,0.280314,0.000956,10
combined,0.20,cbf_safety_filter,late_handoff,0.267962,0.000958,10
combined,0.20,cbf_safety_filter,handoff_churn,0.308169,0.001212,10
combined,0.20,cbf_safety_filter,recovery_success,0.667839,0.000735,10
combined,0.20,cbf_safety_filter,intervention_cost,0.204556,0.000549,10
combined,0.20,cbf_safety_filter,boundary_calibration_error,0.239252,0.000561,10
combined,0.20,cbf_safety_filter,override_precision,0.568633,0.000722,10
combined,0.20,cbf_safety_filter,unsafe_autonomy,0.109754,0.000290,10
combined,0.20,cbf_safety_filter,robust_utility,0.208112,0.034693,10
combined,0.20,confidence_threshold_shared_control,task_success,0.157500,0.026611,10
combined,0.20,confidence_threshold_shared_control,safety_violation,0.300000,0.013336,10
combined,0.20,confidence_threshold_shared_control,authority_regret,0.431154,0.000849,10
combined,0.20,confidence_threshold_shared_control,human_burden,0.836096,0.001170,10
combined,0.20,confidence_threshold_shared_control,late_handoff,0.368333,0.001098,10
combined,0.20,confidence_threshold_shared_control,handoff_churn,0.438240,0.000925,10
combined,0.20,confidence_threshold_shared_control,recovery_success,0.359322,0.000635,10
combined,0.20,confidence_threshold_shared_control,intervention_cost,0.358801,0.000497,10
combined,0.20,confidence_threshold_shared_control,boundary_calibration_error,0.309494,0.000638,10
combined,0.20,confidence_threshold_shared_control,override_precision,0.378892,0.000839,10
combined,0.20,confidence_threshold_shared_control,unsafe_autonomy,0.058623,0.000164,10
combined,0.20,confidence_threshold_shared_control,robust_utility,-0.455608,0.026181,10
combined,0.20,mpc_risk_arbitration,task_success,0.485833,0.027119,10
combined,0.20,mpc_risk_arbitration,safety_violation,0.195833,0.017934,10
combined,0.20,mpc_risk_arbitration,authority_regret,0.234041,0.000781,10
combined,0.20,mpc_risk_arbitration,human_burden,0.325845,0.001034,10
combined,0.20,mpc_risk_arbitration,late_handoff,0.251441,0.000822,10
combined,0.20,mpc_risk_arbitration,handoff_churn,0.318148,0.000920,10
combined,0.20,mpc_risk_arbitration,recovery_success,0.736556,0.000724,10
combined,0.20,mpc_risk_arbitration,intervention_cost,0.272753,0.000603,10
combined,0.20,mpc_risk_arbitration,boundary_calibration_error,0.219109,0.000690,10
combined,0.20,mpc_risk_arbitration,override_precision,0.597830,0.000546,10
combined,0.20,mpc_risk_arbitration,unsafe_autonomy,0.123828,0.000344,10
combined,0.20,mpc_risk_arbitration,robust_utility,0.180944,0.032137,10
combined,0.20,pomdp_handoff_policy,task_success,0.432500,0.033690,10
combined,0.20,pomdp_handoff_policy,safety_violation,0.209167,0.025473,10
combined,0.20,pomdp_handoff_policy,authority_regret,0.271527,0.000530,10
combined,0.20,pomdp_handoff_policy,human_burden,0.509998,0.001108,10
combined,0.20,pomdp_handoff_policy,late_handoff,0.277063,0.000694,10
combined,0.20,pomdp_handoff_policy,handoff_churn,0.357559,0.000730,10
combined,0.20,pomdp_handoff_policy,recovery_success,0.665417,0.000938,10
combined,0.20,pomdp_handoff_policy,intervention_cost,0.333139,0.000594,10
combined,0.20,pomdp_handoff_policy,boundary_calibration_error,0.229075,0.000345,10
combined,0.20,pomdp_handoff_policy,override_precision,0.558140,0.000942,10
combined,0.20,pomdp_handoff_policy,unsafe_autonomy,0.100121,0.000314,10
combined,0.20,pomdp_handoff_policy,robust_utility,0.045218,0.035532,10
combined,0.20,recovery_aware_mpc,task_success,0.480833,0.033122,10
combined,0.20,recovery_aware_mpc,safety_violation,0.205000,0.026583,10
combined,0.20,recovery_aware_mpc,authority_regret,0.247853,0.000651,10
combined,0.20,recovery_aware_mpc,human_burden,0.373607,0.000966,10
combined,0.20,recovery_aware_mpc,late_handoff,0.248152,0.000634,10
combined,0.20,recovery_aware_mpc,handoff_churn,0.328658,0.000953,10
combined,0.20,recovery_aware_mpc,recovery_success,0.785665,0.000759,10
combined,0.20,recovery_aware_mpc,intervention_cost,0.320930,0.000599,10
combined,0.20,recovery_aware_mpc,boundary_calibration_error,0.229310,0.000626,10
combined,0.20,recovery_aware_mpc,override_precision,0.588157,0.000761,10
combined,0.20,recovery_aware_mpc,unsafe_autonomy,0.121577,0.000361,10
combined,0.20,recovery_aware_mpc,robust_utility,0.153721,0.024820,10
combined,0.40,authority_boundary_v5,task_success,0.341667,0.020078,10
combined,0.40,authority_boundary_v5,safety_violation,0.243333,0.023073,10
combined,0.40,authority_boundary_v5,authority_regret,0.335243,0.000578,10
combined,0.40,authority_boundary_v5,human_burden,0.711021,0.001215,10
combined,0.40,authority_boundary_v5,late_handoff,0.341625,0.001309,10
combined,0.40,authority_boundary_v5,handoff_churn,0.457855,0.001628,10
combined,0.40,authority_boundary_v5,recovery_success,0.603014,0.000782,10
combined,0.40,authority_boundary_v5,intervention_cost,0.379504,0.000696,10
combined,0.40,authority_boundary_v5,boundary_calibration_error,0.286091,0.000936,10
combined,0.40,authority_boundary_v5,override_precision,0.501062,0.001083,10
combined,0.40,authority_boundary_v5,unsafe_autonomy,0.069871,0.000341,10
combined,0.40,authority_boundary_v5,robust_utility,-0.162968,0.015507,10
combined,0.40,bayesian_authority_allocation,task_success,0.255000,0.018734,10
combined,0.40,bayesian_authority_allocation,safety_violation,0.278333,0.023506,10
combined,0.40,bayesian_authority_allocation,authority_regret,0.356353,0.000831,10
combined,0.40,bayesian_authority_allocation,human_burden,0.734862,0.001699,10
combined,0.40,bayesian_authority_allocation,late_handoff,0.377342,0.000977,10
combined,0.40,bayesian_authority_allocation,handoff_churn,0.447399,0.001562,10
combined,0.40,bayesian_authority_allocation,recovery_success,0.523020,0.000851,10
combined,0.40,bayesian_authority_allocation,intervention_cost,0.372643,0.000842,10
combined,0.40,bayesian_authority_allocation,boundary_calibration_error,0.285925,0.000586,10
combined,0.40,bayesian_authority_allocation,override_precision,0.461464,0.000376,10
combined,0.40,bayesian_authority_allocation,unsafe_autonomy,0.070083,0.000414,10
combined,0.40,bayesian_authority_allocation,robust_utility,-0.292507,0.022238,10
combined,0.40,cbf_safety_filter,task_success,0.418333,0.032466,10
combined,0.40,cbf_safety_filter,safety_violation,0.169167,0.024110,10
combined,0.40,cbf_safety_filter,authority_regret,0.286352,0.000686,10
combined,0.40,cbf_safety_filter,human_burden,0.330193,0.001271,10
combined,0.40,cbf_safety_filter,late_handoff,0.329950,0.001024,10
combined,0.40,cbf_safety_filter,handoff_churn,0.378236,0.001588,10
combined,0.40,cbf_safety_filter,recovery_success,0.639610,0.000878,10
combined,0.40,cbf_safety_filter,intervention_cost,0.226609,0.000744,10
combined,0.40,cbf_safety_filter,boundary_calibration_error,0.276745,0.000637,10
combined,0.40,cbf_safety_filter,override_precision,0.530479,0.000949,10
combined,0.40,cbf_safety_filter,unsafe_autonomy,0.115709,0.000525,10
combined,0.40,cbf_safety_filter,robust_utility,0.092943,0.026318,10
combined,0.40,confidence_threshold_shared_control,task_success,0.117500,0.011277,10
combined,0.40,confidence_threshold_shared_control,safety_violation,0.319167,0.025426,10
combined,0.40,confidence_threshold_shared_control,authority_regret,0.463131,0.000804,10
combined,0.40,confidence_threshold_shared_control,human_burden,0.885409,0.001322,10
combined,0.40,confidence_threshold_shared_control,late_handoff,0.430656,0.001165,10
combined,0.40,confidence_threshold_shared_control,handoff_churn,0.507188,0.001220,10
combined,0.40,confidence_threshold_shared_control,recovery_success,0.328782,0.000743,10
combined,0.40,confidence_threshold_shared_control,intervention_cost,0.379680,0.000777,10
combined,0.40,confidence_threshold_shared_control,boundary_calibration_error,0.346396,0.000885,10
combined,0.40,confidence_threshold_shared_control,override_precision,0.341110,0.001043,10
combined,0.40,confidence_threshold_shared_control,unsafe_autonomy,0.064368,0.000119,10
combined,0.40,confidence_threshold_shared_control,robust_utility,-0.550097,0.021520,10
combined,0.40,mpc_risk_arbitration,task_success,0.434167,0.042063,10
combined,0.40,mpc_risk_arbitration,safety_violation,0.200834,0.022109,10
combined,0.40,mpc_risk_arbitration,authority_regret,0.265432,0.000854,10
combined,0.40,mpc_risk_arbitration,human_burden,0.375826,0.001303,10
combined,0.40,mpc_risk_arbitration,late_handoff,0.314697,0.001112,10
combined,0.40,mpc_risk_arbitration,handoff_churn,0.387703,0.001042,10
combined,0.40,mpc_risk_arbitration,recovery_success,0.708373,0.000936,10
combined,0.40,mpc_risk_arbitration,intervention_cost,0.294266,0.000533,10
combined,0.40,mpc_risk_arbitration,boundary_calibration_error,0.256224,0.000823,10
combined,0.40,mpc_risk_arbitration,override_precision,0.560601,0.001253,10
combined,0.40,mpc_risk_arbitration,unsafe_autonomy,0.129314,0.000406,10
combined,0.40,mpc_risk_arbitration,robust_utility,0.083461,0.043579,10
combined,0.40,pomdp_handoff_policy,task_success,0.361667,0.019660,10
combined,0.40,pomdp_handoff_policy,safety_violation,0.200000,0.022711,10
combined,0.40,pomdp_handoff_policy,authority_regret,0.303008,0.000911,10
combined,0.40,pomdp_handoff_policy,human_burden,0.558728,0.001231,10
combined,0.40,pomdp_handoff_policy,late_handoff,0.338783,0.001047,10
combined,0.40,pomdp_handoff_policy,handoff_churn,0.427539,0.001412,10
combined,0.40,pomdp_handoff_policy,recovery_success,0.637081,0.000994,10
combined,0.40,pomdp_handoff_policy,intervention_cost,0.354949,0.000713,10
combined,0.40,pomdp_handoff_policy,boundary_calibration_error,0.266702,0.000781,10
combined,0.40,pomdp_handoff_policy,override_precision,0.520185,0.000640,10
combined,0.40,pomdp_handoff_policy,unsafe_autonomy,0.101547,0.000420,10
combined,0.40,pomdp_handoff_policy,robust_utility,-0.062218,0.028803,10
combined,0.40,recovery_aware_mpc,task_success,0.423333,0.037389,10
combined,0.40,recovery_aware_mpc,safety_violation,0.249167,0.026499,10
combined,0.40,recovery_aware_mpc,authority_regret,0.279156,0.000729,10
combined,0.40,recovery_aware_mpc,human_burden,0.422262,0.000972,10
combined,0.40,recovery_aware_mpc,late_handoff,0.310376,0.000743,10
combined,0.40,recovery_aware_mpc,handoff_churn,0.397859,0.001198,10
combined,0.40,recovery_aware_mpc,recovery_success,0.757514,0.000821,10
combined,0.40,recovery_aware_mpc,intervention_cost,0.341817,0.000537,10
combined,0.40,recovery_aware_mpc,boundary_calibration_error,0.266264,0.000917,10
combined,0.40,recovery_aware_mpc,override_precision,0.550163,0.001018,10
combined,0.40,recovery_aware_mpc,unsafe_autonomy,0.126242,0.000482,10
combined,0.40,recovery_aware_mpc,robust_utility,0.026734,0.043531,10
combined,0.60,authority_boundary_v5,task_success,0.264167,0.049604,10
combined,0.60,authority_boundary_v5,safety_violation,0.251667,0.028374,10
combined,0.60,authority_boundary_v5,authority_regret,0.362736,0.000678,10
combined,0.60,authority_boundary_v5,human_burden,0.759863,0.001209,10
combined,0.60,authority_boundary_v5,late_handoff,0.403112,0.000619,10
combined,0.60,authority_boundary_v5,handoff_churn,0.526510,0.001116,10
combined,0.60,authority_boundary_v5,recovery_success,0.577810,0.000597,10
combined,0.60,authority_boundary_v5,intervention_cost,0.400598,0.000458,10
combined,0.60,authority_boundary_v5,boundary_calibration_error,0.323596,0.000447,10
combined,0.60,authority_boundary_v5,override_precision,0.463806,0.001036,10
combined,0.60,authority_boundary_v5,unsafe_autonomy,0.064607,0.000390,10
combined,0.60,authority_boundary_v5,robust_utility,-0.286432,0.055778,10
combined,0.60,bayesian_authority_allocation,task_success,0.200833,0.017801,10
combined,0.60,bayesian_authority_allocation,safety_violation,0.297500,0.023613,10
combined,0.60,bayesian_authority_allocation,authority_regret,0.384212,0.000518,10
combined,0.60,bayesian_authority_allocation,human_burden,0.783884,0.000887,10
combined,0.60,bayesian_authority_allocation,late_handoff,0.438405,0.001027,10
combined,0.60,bayesian_authority_allocation,handoff_churn,0.516963,0.001363,10
combined,0.60,bayesian_authority_allocation,recovery_success,0.497859,0.000891,10
combined,0.60,bayesian_authority_allocation,intervention_cost,0.393783,0.000910,10
combined,0.60,bayesian_authority_allocation,boundary_calibration_error,0.323351,0.000800,10
combined,0.60,bayesian_authority_allocation,override_precision,0.423715,0.000925,10
combined,0.60,bayesian_authority_allocation,unsafe_autonomy,0.065189,0.000261,10
combined,0.60,bayesian_authority_allocation,robust_utility,-0.399532,0.021882,10
combined,0.60,cbf_safety_filter,task_success,0.331667,0.028686,10
combined,0.60,cbf_safety_filter,safety_violation,0.203333,0.028101,10
combined,0.60,cbf_safety_filter,authority_regret,0.312400,0.000645,10
combined,0.60,cbf_safety_filter,human_burden,0.379417,0.001452,10
combined,0.60,cbf_safety_filter,late_handoff,0.391429,0.000722,10
combined,0.60,cbf_safety_filter,handoff_churn,0.445409,0.001379,10
combined,0.60,cbf_safety_filter,recovery_success,0.615570,0.000679,10
combined,0.60,cbf_safety_filter,intervention_cost,0.247146,0.000587,10
combined,0.60,cbf_safety_filter,boundary_calibration_error,0.313351,0.000436,10
combined,0.60,cbf_safety_filter,override_precision,0.493475,0.000893,10
combined,0.60,cbf_safety_filter,unsafe_autonomy,0.119714,0.000452,10
combined,0.60,cbf_safety_filter,robust_utility,-0.055107,0.027680,10
combined,0.60,confidence_threshold_shared_control,task_success,0.070000,0.016728,10
combined,0.60,confidence_threshold_shared_control,safety_violation,0.361667,0.029137,10
combined,0.60,confidence_threshold_shared_control,authority_regret,0.491750,0.000687,10
combined,0.60,confidence_threshold_shared_control,human_burden,0.933640,0.000871,10
combined,0.60,confidence_threshold_shared_control,late_handoff,0.492267,0.000876,10
combined,0.60,confidence_threshold_shared_control,handoff_churn,0.576398,0.001272,10
combined,0.60,confidence_threshold_shared_control,recovery_success,0.303755,0.000980,10
combined,0.60,confidence_threshold_shared_control,intervention_cost,0.401125,0.000726,10
combined,0.60,confidence_threshold_shared_control,boundary_calibration_error,0.383526,0.000725,10
combined,0.60,confidence_threshold_shared_control,override_precision,0.304196,0.000699,10
combined,0.60,confidence_threshold_shared_control,unsafe_autonomy,0.070782,0.000135,10
combined,0.60,confidence_threshold_shared_control,robust_utility,-0.664987,0.025728,10
combined,0.60,mpc_risk_arbitration,task_success,0.365000,0.025044,10
combined,0.60,mpc_risk_arbitration,safety_violation,0.239167,0.030995,10
combined,0.60,mpc_risk_arbitration,authority_regret,0.291573,0.000550,10
combined,0.60,mpc_risk_arbitration,human_burden,0.424940,0.001324,10
combined,0.60,mpc_risk_arbitration,late_handoff,0.375646,0.000976,10
combined,0.60,mpc_risk_arbitration,handoff_churn,0.456161,0.000871,10
combined,0.60,mpc_risk_arbitration,recovery_success,0.684086,0.001258,10
combined,0.60,mpc_risk_arbitration,intervention_cost,0.315094,0.000538,10
combined,0.60,mpc_risk_arbitration,boundary_calibration_error,0.293449,0.000481,10
combined,0.60,mpc_risk_arbitration,override_precision,0.523966,0.001043,10
combined,0.60,mpc_risk_arbitration,unsafe_autonomy,0.132264,0.000410,10
combined,0.60,mpc_risk_arbitration,robust_utility,-0.049787,0.023513,10
combined,0.60,pomdp_handoff_policy,task_success,0.296667,0.027135,10
combined,0.60,pomdp_handoff_policy,safety_violation,0.231667,0.019600,10
combined,0.60,pomdp_handoff_policy,authority_regret,0.329791,0.000685,10
combined,0.60,pomdp_handoff_policy,human_burden,0.607133,0.001267,10
combined,0.60,pomdp_handoff_policy,late_handoff,0.400228,0.001056,10
combined,0.60,pomdp_handoff_policy,handoff_churn,0.496280,0.001193,10
combined,0.60,pomdp_handoff_policy,recovery_success,0.613342,0.000931,10
combined,0.60,pomdp_handoff_policy,intervention_cost,0.375451,0.000720,10
combined,0.60,pomdp_handoff_policy,boundary_calibration_error,0.303079,0.000547,10
combined,0.60,pomdp_handoff_policy,override_precision,0.483295,0.000744,10
combined,0.60,pomdp_handoff_policy,unsafe_autonomy,0.100110,0.000356,10
combined,0.60,pomdp_handoff_policy,robust_utility,-0.187194,0.033310,10
combined,0.60,recovery_aware_mpc,task_success,0.377500,0.027979,10
combined,0.60,recovery_aware_mpc,safety_violation,0.239167,0.024476,10
combined,0.60,recovery_aware_mpc,authority_regret,0.305325,0.000584,10
combined,0.60,recovery_aware_mpc,human_burden,0.471099,0.001047,10
combined,0.60,recovery_aware_mpc,late_handoff,0.371338,0.000805,10
combined,0.60,recovery_aware_mpc,handoff_churn,0.465970,0.001006,10
combined,0.60,recovery_aware_mpc,recovery_success,0.732749,0.000891,10
combined,0.60,recovery_aware_mpc,intervention_cost,0.362775,0.000661,10
combined,0.60,recovery_aware_mpc,boundary_calibration_error,0.303225,0.000679,10
combined,0.60,recovery_aware_mpc,override_precision,0.513717,0.000623,10
combined,0.60,recovery_aware_mpc,unsafe_autonomy,0.128087,0.000489,10
combined,0.60,recovery_aware_mpc,robust_utility,-0.053166,0.033154,10
combined,0.80,authority_boundary_v5,task_success,0.249167,0.020437,10
combined,0.80,authority_boundary_v5,safety_violation,0.321667,0.037579,10
combined,0.80,authority_boundary_v5,authority_regret,0.384094,0.000269,10
combined,0.80,authority_boundary_v5,human_burden,0.804604,0.000998,10
combined,0.80,authority_boundary_v5,late_handoff,0.461723,0.000694,10
combined,0.80,authority_boundary_v5,handoff_churn,0.586594,0.000859,10
combined,0.80,authority_boundary_v5,recovery_success,0.557243,0.000585,10
combined,0.80,authority_boundary_v5,intervention_cost,0.420605,0.000475,10
combined,0.80,authority_boundary_v5,boundary_calibration_error,0.358304,0.000698,10
combined,0.80,authority_boundary_v5,override_precision,0.428639,0.000649,10
combined,0.80,authority_boundary_v5,unsafe_autonomy,0.061224,0.000260,10
combined,0.80,authority_boundary_v5,robust_utility,-0.381143,0.026264,10
combined,0.80,bayesian_authority_allocation,task_success,0.167500,0.022639,10
combined,0.80,bayesian_authority_allocation,safety_violation,0.325833,0.024159,10
combined,0.80,bayesian_authority_allocation,authority_regret,0.404869,0.000649,10
combined,0.80,bayesian_authority_allocation,human_burden,0.830143,0.000598,10
combined,0.80,bayesian_authority_allocation,late_handoff,0.497395,0.000941,10
combined,0.80,bayesian_authority_allocation,handoff_churn,0.575868,0.001196,10
combined,0.80,bayesian_authority_allocation,recovery_success,0.477255,0.000853,10
combined,0.80,bayesian_authority_allocation,intervention_cost,0.414049,0.000604,10
combined,0.80,bayesian_authority_allocation,boundary_calibration_error,0.358807,0.000612,10
combined,0.80,bayesian_authority_allocation,override_precision,0.388020,0.000719,10
combined,0.80,bayesian_authority_allocation,unsafe_autonomy,0.064035,0.000145,10
combined,0.80,bayesian_authority_allocation,robust_utility,-0.486880,0.025481,10
combined,0.80,cbf_safety_filter,task_success,0.297500,0.014619,10
combined,0.80,cbf_safety_filter,safety_violation,0.214167,0.025309,10
combined,0.80,cbf_safety_filter,authority_regret,0.333358,0.000780,10
combined,0.80,cbf_safety_filter,human_burden,0.423880,0.001055,10
combined,0.80,cbf_safety_filter,late_handoff,0.450005,0.000880,10
combined,0.80,cbf_safety_filter,handoff_churn,0.506300,0.000876,10
combined,0.80,cbf_safety_filter,recovery_success,0.595088,0.000510,10
combined,0.80,cbf_safety_filter,intervention_cost,0.267142,0.000953,10
combined,0.80,cbf_safety_filter,boundary_calibration_error,0.347564,0.000628,10
combined,0.80,cbf_safety_filter,override_precision,0.459355,0.000736,10
combined,0.80,cbf_safety_filter,unsafe_autonomy,0.120991,0.000334,10
combined,0.80,cbf_safety_filter,robust_utility,-0.132218,0.019699,10
combined,0.80,confidence_threshold_shared_control,task_success,0.022500,0.008796,10
combined,0.80,confidence_threshold_shared_control,safety_violation,0.396667,0.029741,10
combined,0.80,confidence_threshold_shared_control,authority_regret,0.514573,0.000248,10
combined,0.80,confidence_threshold_shared_control,human_burden,0.974162,0.001310,10
combined,0.80,confidence_threshold_shared_control,late_handoff,0.551395,0.000968,10
combined,0.80,confidence_threshold_shared_control,handoff_churn,0.636164,0.001094,10
combined,0.80,confidence_threshold_shared_control,recovery_success,0.281317,0.000682,10
combined,0.80,confidence_threshold_shared_control,intervention_cost,0.420470,0.000593,10
combined,0.80,confidence_threshold_shared_control,boundary_calibration_error,0.418885,0.000747,10
combined,0.80,confidence_threshold_shared_control,override_precision,0.268580,0.000728,10
combined,0.80,confidence_threshold_shared_control,unsafe_autonomy,0.076221,0.000153,10
combined,0.80,confidence_threshold_shared_control,robust_utility,-0.769980,0.023145,10
combined,0.80,mpc_risk_arbitration,task_success,0.305833,0.030122,10
combined,0.80,mpc_risk_arbitration,safety_violation,0.252500,0.024837,10
combined,0.80,mpc_risk_arbitration,authority_regret,0.313418,0.000548,10
combined,0.80,mpc_risk_arbitration,human_burden,0.470208,0.001335,10
combined,0.80,mpc_risk_arbitration,late_handoff,0.434144,0.000998,10
combined,0.80,mpc_risk_arbitration,handoff_churn,0.516639,0.000920,10
combined,0.80,mpc_risk_arbitration,recovery_success,0.662970,0.000716,10
combined,0.80,mpc_risk_arbitration,intervention_cost,0.334759,0.000812,10
combined,0.80,mpc_risk_arbitration,boundary_calibration_error,0.328305,0.000325,10
combined,0.80,mpc_risk_arbitration,override_precision,0.488157,0.001027,10
combined,0.80,mpc_risk_arbitration,unsafe_autonomy,0.132137,0.000391,10
combined,0.80,mpc_risk_arbitration,robust_utility,-0.153819,0.036101,10
combined,0.80,pomdp_handoff_policy,task_success,0.280833,0.024956,10
combined,0.80,pomdp_handoff_policy,safety_violation,0.265833,0.023028,10
combined,0.80,pomdp_handoff_policy,authority_regret,0.351416,0.001034,10
combined,0.80,pomdp_handoff_policy,human_burden,0.653695,0.001999,10
combined,0.80,pomdp_handoff_policy,late_handoff,0.458941,0.001075,10
combined,0.80,pomdp_handoff_policy,handoff_churn,0.556173,0.001204,10
combined,0.80,pomdp_handoff_policy,recovery_success,0.591354,0.000697,10
combined,0.80,pomdp_handoff_policy,intervention_cost,0.395866,0.000613,10
combined,0.80,pomdp_handoff_policy,boundary_calibration_error,0.338446,0.000503,10
combined,0.80,pomdp_handoff_policy,override_precision,0.448865,0.001017,10
combined,0.80,pomdp_handoff_policy,unsafe_autonomy,0.095480,0.000544,10
combined,0.80,pomdp_handoff_policy,robust_utility,-0.261174,0.034159,10
combined,0.80,recovery_aware_mpc,task_success,0.328333,0.025905,10
combined,0.80,recovery_aware_mpc,safety_violation,0.268333,0.017182,10
combined,0.80,recovery_aware_mpc,authority_regret,0.327823,0.000376,10
combined,0.80,recovery_aware_mpc,human_burden,0.516090,0.001153,10
combined,0.80,recovery_aware_mpc,late_handoff,0.430054,0.001276,10
combined,0.80,recovery_aware_mpc,handoff_churn,0.525380,0.000640,10
combined,0.80,recovery_aware_mpc,recovery_success,0.711728,0.000579,10
combined,0.80,recovery_aware_mpc,intervention_cost,0.382762,0.000428,10
combined,0.80,recovery_aware_mpc,boundary_calibration_error,0.338275,0.000475,10
combined,0.80,recovery_aware_mpc,override_precision,0.478588,0.000755,10
combined,0.80,recovery_aware_mpc,unsafe_autonomy,0.127105,0.000338,10
combined,0.80,recovery_aware_mpc,robust_utility,-0.157043,0.030229,10
combined,1.00,authority_boundary_v5,task_success,0.206667,0.020049,10
combined,1.00,authority_boundary_v5,safety_violation,0.286667,0.025327,10
combined,1.00,authority_boundary_v5,authority_regret,0.398043,0.000632,10
combined,1.00,authority_boundary_v5,human_burden,0.841310,0.001538,10
combined,1.00,authority_boundary_v5,late_handoff,0.510166,0.001082,10
combined,1.00,authority_boundary_v5,handoff_churn,0.598318,0.000819,10
combined,1.00,authority_boundary_v5,recovery_success,0.542924,0.000682,10
combined,1.00,authority_boundary_v5,intervention_cost,0.433904,0.000686,10
combined,1.00,authority_boundary_v5,boundary_calibration_error,0.389121,0.000595,10
combined,1.00,authority_boundary_v5,override_precision,0.398445,0.000880,10
combined,1.00,authority_boundary_v5,unsafe_autonomy,0.060951,0.000128,10
combined,1.00,authority_boundary_v5,robust_utility,-0.425873,0.019045,10
combined,1.00,bayesian_authority_allocation,task_success,0.140833,0.017294,10
combined,1.00,bayesian_authority_allocation,safety_violation,0.319167,0.014619,10
combined,1.00,bayesian_authority_allocation,authority_regret,0.419182,0.000416,10
combined,1.00,bayesian_authority_allocation,human_burden,0.865687,0.000802,10
combined,1.00,bayesian_authority_allocation,late_handoff,0.545760,0.000696,10
combined,1.00,bayesian_authority_allocation,handoff_churn,0.588778,0.000855,10
combined,1.00,bayesian_authority_allocation,recovery_success,0.463587,0.000707,10
combined,1.00,bayesian_authority_allocation,intervention_cost,0.426855,0.000828,10
combined,1.00,bayesian_authority_allocation,boundary_calibration_error,0.389524,0.000573,10
combined,1.00,bayesian_authority_allocation,override_precision,0.358278,0.000921,10
combined,1.00,bayesian_authority_allocation,unsafe_autonomy,0.066201,0.000136,10
combined,1.00,bayesian_authority_allocation,robust_utility,-0.533184,0.015282,10
combined,1.00,cbf_safety_filter,task_success,0.276667,0.022944,10
combined,1.00,cbf_safety_filter,safety_violation,0.216667,0.027222,10
combined,1.00,cbf_safety_filter,authority_regret,0.346043,0.000447,10
combined,1.00,cbf_safety_filter,human_burden,0.460164,0.000788,10
combined,1.00,cbf_safety_filter,late_handoff,0.498700,0.000857,10
combined,1.00,cbf_safety_filter,handoff_churn,0.518605,0.000693,10
combined,1.00,cbf_safety_filter,recovery_success,0.582325,0.000719,10
combined,1.00,cbf_safety_filter,intervention_cost,0.281124,0.000559,10
combined,1.00,cbf_safety_filter,boundary_calibration_error,0.379505,0.000460,10
combined,1.00,cbf_safety_filter,override_precision,0.429001,0.000661,10
combined,1.00,cbf_safety_filter,unsafe_autonomy,0.119479,0.000235,10
combined,1.00,cbf_safety_filter,robust_utility,-0.178168,0.027974,10
combined,1.00,confidence_threshold_shared_control,task_success,0.005000,0.003611,10
combined,1.00,confidence_threshold_shared_control,safety_violation,0.406667,0.028892,10
combined,1.00,confidence_threshold_shared_control,authority_regret,0.526214,0.000422,10
combined,1.00,confidence_threshold_shared_control,human_burden,0.995296,0.000659,10
combined,1.00,confidence_threshold_shared_control,late_handoff,0.598815,0.000649,10
combined,1.00,confidence_threshold_shared_control,handoff_churn,0.648745,0.000852,10
combined,1.00,confidence_threshold_shared_control,recovery_success,0.268340,0.000919,10
combined,1.00,confidence_threshold_shared_control,intervention_cost,0.431582,0.000522,10
combined,1.00,confidence_threshold_shared_control,boundary_calibration_error,0.449426,0.000539,10
combined,1.00,confidence_threshold_shared_control,override_precision,0.238140,0.001085,10
combined,1.00,confidence_threshold_shared_control,unsafe_autonomy,0.079990,0.000086,10
combined,1.00,confidence_threshold_shared_control,robust_utility,-0.812909,0.018805,10
combined,1.00,mpc_risk_arbitration,task_success,0.294167,0.037803,10
combined,1.00,mpc_risk_arbitration,safety_violation,0.250000,0.020078,10
combined,1.00,mpc_risk_arbitration,authority_regret,0.325941,0.000563,10
combined,1.00,mpc_risk_arbitration,human_burden,0.505019,0.000596,10
combined,1.00,mpc_risk_arbitration,late_handoff,0.482328,0.000836,10
combined,1.00,mpc_risk_arbitration,handoff_churn,0.528793,0.000823,10
combined,1.00,mpc_risk_arbitration,recovery_success,0.650077,0.000717,10
combined,1.00,mpc_risk_arbitration,intervention_cost,0.348125,0.000470,10
combined,1.00,mpc_risk_arbitration,boundary_calibration_error,0.359534,0.000904,10
combined,1.00,mpc_risk_arbitration,override_precision,0.458146,0.000816,10
combined,1.00,mpc_risk_arbitration,unsafe_autonomy,0.129825,0.000290,10
combined,1.00,mpc_risk_arbitration,robust_utility,-0.186957,0.039508,10
combined,1.00,pomdp_handoff_policy,task_success,0.244167,0.013567,10
combined,1.00,pomdp_handoff_policy,safety_violation,0.278333,0.012223,10
combined,1.00,pomdp_handoff_policy,authority_regret,0.364298,0.000737,10
combined,1.00,pomdp_handoff_policy,human_burden,0.689074,0.000742,10
combined,1.00,pomdp_handoff_policy,late_handoff,0.507679,0.000861,10
combined,1.00,pomdp_handoff_policy,handoff_churn,0.567947,0.001056,10
combined,1.00,pomdp_handoff_policy,recovery_success,0.577853,0.000686,10
combined,1.00,pomdp_handoff_policy,intervention_cost,0.409573,0.000405,10
combined,1.00,pomdp_handoff_policy,boundary_calibration_error,0.369649,0.000747,10
combined,1.00,pomdp_handoff_policy,override_precision,0.417788,0.000632,10
combined,1.00,pomdp_handoff_policy,unsafe_autonomy,0.090176,0.000264,10
combined,1.00,pomdp_handoff_policy,robust_utility,-0.328963,0.014861,10
combined,1.00,recovery_aware_mpc,task_success,0.302500,0.025074,10
combined,1.00,recovery_aware_mpc,safety_violation,0.275833,0.023912,10
combined,1.00,recovery_aware_mpc,authority_regret,0.340210,0.000439,10
combined,1.00,recovery_aware_mpc,human_burden,0.552644,0.000956,10
combined,1.00,recovery_aware_mpc,late_handoff,0.478156,0.000808,10
combined,1.00,recovery_aware_mpc,handoff_churn,0.537433,0.000643,10
combined,1.00,recovery_aware_mpc,recovery_success,0.698805,0.000749,10
combined,1.00,recovery_aware_mpc,intervention_cost,0.396162,0.000637,10
combined,1.00,recovery_aware_mpc,boundary_calibration_error,0.369601,0.000597,10
combined,1.00,recovery_aware_mpc,override_precision,0.448155,0.000795,10
combined,1.00,recovery_aware_mpc,unsafe_autonomy,0.123279,0.000340,10
combined,1.00,recovery_aware_mpc,robust_utility,-0.210912,0.023280,10
contact_mode,0.00,authority_boundary_v5,task_success,0.309167,0.012283,10
contact_mode,0.00,authority_boundary_v5,safety_violation,0.230833,0.023613,10
contact_mode,0.00,authority_boundary_v5,authority_regret,0.328312,0.000769,10
contact_mode,0.00,authority_boundary_v5,human_burden,0.709605,0.001162,10
contact_mode,0.00,authority_boundary_v5,late_handoff,0.341507,0.000634,10
contact_mode,0.00,authority_boundary_v5,handoff_churn,0.457848,0.000844,10
contact_mode,0.00,authority_boundary_v5,recovery_success,0.607463,0.000749,10
contact_mode,0.00,authority_boundary_v5,intervention_cost,0.380781,0.000549,10
contact_mode,0.00,authority_boundary_v5,boundary_calibration_error,0.282718,0.000697,10
contact_mode,0.00,authority_boundary_v5,override_precision,0.504105,0.000714,10
contact_mode,0.00,authority_boundary_v5,unsafe_autonomy,0.066012,0.000430,10
contact_mode,0.00,authority_boundary_v5,robust_utility,-0.185397,0.020270,10
contact_mode,0.00,bayesian_authority_allocation,task_success,0.263333,0.026133,10
contact_mode,0.00,bayesian_authority_allocation,safety_violation,0.215833,0.034213,10
contact_mode,0.00,bayesian_authority_allocation,authority_regret,0.348734,0.000662,10
contact_mode,0.00,bayesian_authority_allocation,human_burden,0.733509,0.001003,10
contact_mode,0.00,bayesian_authority_allocation,late_handoff,0.377384,0.001110,10
contact_mode,0.00,bayesian_authority_allocation,handoff_churn,0.446681,0.000831,10
contact_mode,0.00,bayesian_authority_allocation,recovery_success,0.529083,0.001199,10
contact_mode,0.00,bayesian_authority_allocation,intervention_cost,0.373547,0.000815,10
contact_mode,0.00,bayesian_authority_allocation,boundary_calibration_error,0.282100,0.000858,10
contact_mode,0.00,bayesian_authority_allocation,override_precision,0.463763,0.000858,10
contact_mode,0.00,bayesian_authority_allocation,unsafe_autonomy,0.066373,0.000300,10
contact_mode,0.00,bayesian_authority_allocation,robust_utility,-0.242720,0.039425,10
contact_mode,0.00,cbf_safety_filter,task_success,0.445000,0.021114,10
contact_mode,0.00,cbf_safety_filter,safety_violation,0.151667,0.018511,10
contact_mode,0.00,cbf_safety_filter,authority_regret,0.279924,0.000609,10
contact_mode,0.00,cbf_safety_filter,human_burden,0.327459,0.001345,10
contact_mode,0.00,cbf_safety_filter,late_handoff,0.329777,0.000704,10
contact_mode,0.00,cbf_safety_filter,handoff_churn,0.377844,0.000786,10
contact_mode,0.00,cbf_safety_filter,recovery_success,0.643618,0.001167,10
contact_mode,0.00,cbf_safety_filter,intervention_cost,0.226717,0.000521,10
contact_mode,0.00,cbf_safety_filter,boundary_calibration_error,0.271983,0.000817,10
contact_mode,0.00,cbf_safety_filter,override_precision,0.534410,0.000854,10
contact_mode,0.00,cbf_safety_filter,unsafe_autonomy,0.110059,0.000584,10
contact_mode,0.00,cbf_safety_filter,robust_utility,0.133108,0.027146,10
contact_mode,0.00,confidence_threshold_shared_control,task_success,0.117500,0.021149,10
contact_mode,0.00,confidence_threshold_shared_control,safety_violation,0.297500,0.020523,10
contact_mode,0.00,confidence_threshold_shared_control,authority_regret,0.455715,0.000555,10
contact_mode,0.00,confidence_threshold_shared_control,human_burden,0.882992,0.001031,10
contact_mode,0.00,confidence_threshold_shared_control,late_handoff,0.429997,0.000987,10
contact_mode,0.00,confidence_threshold_shared_control,handoff_churn,0.507684,0.001012,10
contact_mode,0.00,confidence_threshold_shared_control,recovery_success,0.335070,0.000892,10
contact_mode,0.00,confidence_threshold_shared_control,intervention_cost,0.380583,0.000423,10
contact_mode,0.00,confidence_threshold_shared_control,boundary_calibration_error,0.342726,0.000240,10
contact_mode,0.00,confidence_threshold_shared_control,override_precision,0.344104,0.000892,10
contact_mode,0.00,confidence_threshold_shared_control,unsafe_autonomy,0.060541,0.000122,10
contact_mode,0.00,confidence_threshold_shared_control,robust_utility,-0.533771,0.026037,10
contact_mode,0.00,mpc_risk_arbitration,task_success,0.426667,0.019900,10
contact_mode,0.00,mpc_risk_arbitration,safety_violation,0.214167,0.022977,10
contact_mode,0.00,mpc_risk_arbitration,authority_regret,0.258798,0.000736,10
contact_mode,0.00,mpc_risk_arbitration,human_burden,0.373551,0.000800,10
contact_mode,0.00,mpc_risk_arbitration,late_handoff,0.314036,0.001188,10
contact_mode,0.00,mpc_risk_arbitration,handoff_churn,0.388119,0.001074,10
contact_mode,0.00,mpc_risk_arbitration,recovery_success,0.713697,0.001147,10
contact_mode,0.00,mpc_risk_arbitration,intervention_cost,0.295043,0.000727,10
contact_mode,0.00,mpc_risk_arbitration,boundary_calibration_error,0.251688,0.000626,10
contact_mode,0.00,mpc_risk_arbitration,override_precision,0.564202,0.000861,10
contact_mode,0.00,mpc_risk_arbitration,unsafe_autonomy,0.122450,0.000349,10
contact_mode,0.00,mpc_risk_arbitration,robust_utility,0.070303,0.021273,10
contact_mode,0.00,pomdp_handoff_policy,task_success,0.374167,0.021428,10
contact_mode,0.00,pomdp_handoff_policy,safety_violation,0.205833,0.018391,10
contact_mode,0.00,pomdp_handoff_policy,authority_regret,0.296195,0.000568,10
contact_mode,0.00,pomdp_handoff_policy,human_burden,0.556798,0.000848,10
contact_mode,0.00,pomdp_handoff_policy,late_handoff,0.338646,0.000659,10
contact_mode,0.00,pomdp_handoff_policy,handoff_churn,0.427595,0.001222,10
contact_mode,0.00,pomdp_handoff_policy,recovery_success,0.642286,0.001020,10
contact_mode,0.00,pomdp_handoff_policy,intervention_cost,0.355116,0.000899,10
contact_mode,0.00,pomdp_handoff_policy,boundary_calibration_error,0.261907,0.000224,10
contact_mode,0.00,pomdp_handoff_policy,override_precision,0.523927,0.001098,10
contact_mode,0.00,pomdp_handoff_policy,unsafe_autonomy,0.096516,0.000351,10
contact_mode,0.00,pomdp_handoff_policy,robust_utility,-0.050754,0.018747,10
contact_mode,0.00,recovery_aware_mpc,task_success,0.445000,0.022737,10
contact_mode,0.00,recovery_aware_mpc,safety_violation,0.230000,0.034278,10
contact_mode,0.00,recovery_aware_mpc,authority_regret,0.272999,0.000380,10
contact_mode,0.00,recovery_aware_mpc,human_burden,0.420052,0.001201,10
contact_mode,0.00,recovery_aware_mpc,late_handoff,0.310055,0.000543,10
contact_mode,0.00,recovery_aware_mpc,handoff_churn,0.398568,0.001465,10
contact_mode,0.00,recovery_aware_mpc,recovery_success,0.761861,0.000777,10
contact_mode,0.00,recovery_aware_mpc,intervention_cost,0.342355,0.000538,10
contact_mode,0.00,recovery_aware_mpc,boundary_calibration_error,0.262026,0.000343,10
contact_mode,0.00,recovery_aware_mpc,override_precision,0.553905,0.000825,10
contact_mode,0.00,recovery_aware_mpc,unsafe_autonomy,0.119893,0.000592,10
contact_mode,0.00,recovery_aware_mpc,robust_utility,0.062614,0.030990,10
contact_mode,0.20,authority_boundary_v5,task_success,0.333333,0.039934,10
contact_mode,0.20,authority_boundary_v5,safety_violation,0.234167,0.016049,10
contact_mode,0.20,authority_boundary_v5,authority_regret,0.330967,0.000524,10
contact_mode,0.20,authority_boundary_v5,human_burden,0.708678,0.001401,10
contact_mode,0.20,authority_boundary_v5,late_handoff,0.341709,0.000688,10
contact_mode,0.20,authority_boundary_v5,handoff_churn,0.457972,0.000880,10
contact_mode,0.20,authority_boundary_v5,recovery_success,0.606241,0.000742,10
contact_mode,0.20,authority_boundary_v5,intervention_cost,0.380589,0.000694,10
contact_mode,0.20,authority_boundary_v5,boundary_calibration_error,0.282173,0.000653,10
contact_mode,0.20,authority_boundary_v5,override_precision,0.504197,0.000857,10
contact_mode,0.20,authority_boundary_v5,unsafe_autonomy,0.068051,0.000205,10
contact_mode,0.20,authority_boundary_v5,robust_utility,-0.163864,0.037507,10
contact_mode,0.20,bayesian_authority_allocation,task_success,0.295833,0.035639,10
contact_mode,0.20,bayesian_authority_allocation,safety_violation,0.260833,0.028917,10
contact_mode,0.20,bayesian_authority_allocation,authority_regret,0.352544,0.000836,10
contact_mode,0.20,bayesian_authority_allocation,human_burden,0.733447,0.001814,10
contact_mode,0.20,bayesian_authority_allocation,late_handoff,0.376660,0.000913,10
contact_mode,0.20,bayesian_authority_allocation,handoff_churn,0.447468,0.001166,10
contact_mode,0.20,bayesian_authority_allocation,recovery_success,0.526507,0.000868,10
contact_mode,0.20,bayesian_authority_allocation,intervention_cost,0.373068,0.000630,10
contact_mode,0.20,bayesian_authority_allocation,boundary_calibration_error,0.282268,0.000681,10
contact_mode,0.20,bayesian_authority_allocation,override_precision,0.464352,0.000782,10
contact_mode,0.20,bayesian_authority_allocation,unsafe_autonomy,0.068302,0.000475,10
contact_mode,0.20,bayesian_authority_allocation,robust_utility,-0.239195,0.043347,10
contact_mode,0.20,cbf_safety_filter,task_success,0.430833,0.025074,10
contact_mode,0.20,cbf_safety_filter,safety_violation,0.160833,0.020086,10
contact_mode,0.20,cbf_safety_filter,authority_regret,0.282434,0.000647,10
contact_mode,0.20,cbf_safety_filter,human_burden,0.328384,0.000964,10
contact_mode,0.20,cbf_safety_filter,late_handoff,0.329960,0.000637,10
contact_mode,0.20,cbf_safety_filter,handoff_churn,0.378278,0.001800,10
contact_mode,0.20,cbf_safety_filter,recovery_success,0.642478,0.000799,10
contact_mode,0.20,cbf_safety_filter,intervention_cost,0.227193,0.000728,10
contact_mode,0.20,cbf_safety_filter,boundary_calibration_error,0.271627,0.000596,10
contact_mode,0.20,cbf_safety_filter,override_precision,0.533812,0.000658,10
contact_mode,0.20,cbf_safety_filter,unsafe_autonomy,0.112170,0.000586,10
contact_mode,0.20,cbf_safety_filter,robust_utility,0.112188,0.021787,10
contact_mode,0.20,confidence_threshold_shared_control,task_success,0.130000,0.020832,10
contact_mode,0.20,confidence_threshold_shared_control,safety_violation,0.325000,0.031181,10
contact_mode,0.20,confidence_threshold_shared_control,authority_regret,0.459542,0.000556,10
contact_mode,0.20,confidence_threshold_shared_control,human_burden,0.883610,0.001033,10
contact_mode,0.20,confidence_threshold_shared_control,late_handoff,0.431620,0.001077,10
contact_mode,0.20,confidence_threshold_shared_control,handoff_churn,0.507922,0.000936,10
contact_mode,0.20,confidence_threshold_shared_control,recovery_success,0.332771,0.000812,10
contact_mode,0.20,confidence_threshold_shared_control,intervention_cost,0.381150,0.000944,10
contact_mode,0.20,confidence_threshold_shared_control,boundary_calibration_error,0.342038,0.000472,10
contact_mode,0.20,confidence_threshold_shared_control,override_precision,0.344522,0.000379,10
contact_mode,0.20,confidence_threshold_shared_control,unsafe_autonomy,0.062054,0.000131,10
contact_mode,0.20,confidence_threshold_shared_control,robust_utility,-0.539955,0.037179,10
contact_mode,0.20,mpc_risk_arbitration,task_success,0.418333,0.027847,10
contact_mode,0.20,mpc_risk_arbitration,safety_violation,0.205833,0.030610,10
contact_mode,0.20,mpc_risk_arbitration,authority_regret,0.261585,0.000432,10
contact_mode,0.20,mpc_risk_arbitration,human_burden,0.373584,0.001206,10
contact_mode,0.20,mpc_risk_arbitration,late_handoff,0.314479,0.000996,10
contact_mode,0.20,mpc_risk_arbitration,handoff_churn,0.387923,0.001076,10
contact_mode,0.20,mpc_risk_arbitration,recovery_success,0.711295,0.000902,10
contact_mode,0.20,mpc_risk_arbitration,intervention_cost,0.295023,0.000619,10
contact_mode,0.20,mpc_risk_arbitration,boundary_calibration_error,0.252525,0.000505,10
contact_mode,0.20,mpc_risk_arbitration,override_precision,0.565090,0.000764,10
contact_mode,0.20,mpc_risk_arbitration,unsafe_autonomy,0.125588,0.000456,10
contact_mode,0.20,mpc_risk_arbitration,robust_utility,0.066194,0.040475,10
contact_mode,0.20,pomdp_handoff_policy,task_success,0.363333,0.032320,10
contact_mode,0.20,pomdp_handoff_policy,safety_violation,0.216667,0.021086,10
contact_mode,0.20,pomdp_handoff_policy,authority_regret,0.298950,0.000681,10
contact_mode,0.20,pomdp_handoff_policy,human_burden,0.556924,0.000745,10
contact_mode,0.20,pomdp_handoff_policy,late_handoff,0.339211,0.000773,10
contact_mode,0.20,pomdp_handoff_policy,handoff_churn,0.427362,0.001159,10
contact_mode,0.20,pomdp_handoff_policy,recovery_success,0.639950,0.000937,10
contact_mode,0.20,pomdp_handoff_policy,intervention_cost,0.355249,0.000521,10
contact_mode,0.20,pomdp_handoff_policy,boundary_calibration_error,0.261718,0.000826,10
contact_mode,0.20,pomdp_handoff_policy,override_precision,0.524071,0.001685,10
contact_mode,0.20,pomdp_handoff_policy,unsafe_autonomy,0.098487,0.000332,10
contact_mode,0.20,pomdp_handoff_policy,robust_utility,-0.069285,0.034342,10
contact_mode,0.20,recovery_aware_mpc,task_success,0.416667,0.024348,10
contact_mode,0.20,recovery_aware_mpc,safety_violation,0.214166,0.022977,10
contact_mode,0.20,recovery_aware_mpc,authority_regret,0.275204,0.000658,10
contact_mode,0.20,recovery_aware_mpc,human_burden,0.421003,0.001039,10
contact_mode,0.20,recovery_aware_mpc,late_handoff,0.310668,0.000955,10
contact_mode,0.20,recovery_aware_mpc,handoff_churn,0.397807,0.001044,10
contact_mode,0.20,recovery_aware_mpc,recovery_success,0.759428,0.000736,10
contact_mode,0.20,recovery_aware_mpc,intervention_cost,0.342187,0.000469,10
contact_mode,0.20,recovery_aware_mpc,boundary_calibration_error,0.262307,0.000496,10
contact_mode,0.20,recovery_aware_mpc,override_precision,0.554257,0.000772,10
contact_mode,0.20,recovery_aware_mpc,unsafe_autonomy,0.122471,0.000360,10
contact_mode,0.20,recovery_aware_mpc,robust_utility,0.043134,0.029452,10
contact_mode,0.40,authority_boundary_v5,task_success,0.315000,0.024324,10
contact_mode,0.40,authority_boundary_v5,safety_violation,0.230000,0.018734,10
contact_mode,0.40,authority_boundary_v5,authority_regret,0.334596,0.000549,10
contact_mode,0.40,authority_boundary_v5,human_burden,0.708741,0.001081,10
contact_mode,0.40,authority_boundary_v5,late_handoff,0.340699,0.001001,10
contact_mode,0.40,authority_boundary_v5,handoff_churn,0.457243,0.001194,10
contact_mode,0.40,authority_boundary_v5,recovery_success,0.604513,0.000939,10
contact_mode,0.40,authority_boundary_v5,intervention_cost,0.380115,0.000636,10
contact_mode,0.40,authority_boundary_v5,boundary_calibration_error,0.282523,0.000897,10
contact_mode,0.40,authority_boundary_v5,override_precision,0.504454,0.001564,10
contact_mode,0.40,authority_boundary_v5,unsafe_autonomy,0.069635,0.000240,10
contact_mode,0.40,authority_boundary_v5,robust_utility,-0.180378,0.026903,10
contact_mode,0.40,bayesian_authority_allocation,task_success,0.285000,0.027417,10
contact_mode,0.40,bayesian_authority_allocation,safety_violation,0.244167,0.018551,10
contact_mode,0.40,bayesian_authority_allocation,authority_regret,0.354985,0.000748,10
contact_mode,0.40,bayesian_authority_allocation,human_burden,0.732275,0.001078,10
contact_mode,0.40,bayesian_authority_allocation,late_handoff,0.376519,0.001209,10
contact_mode,0.40,bayesian_authority_allocation,handoff_churn,0.447407,0.001185,10
contact_mode,0.40,bayesian_authority_allocation,recovery_success,0.524562,0.000751,10
contact_mode,0.40,bayesian_authority_allocation,intervention_cost,0.373089,0.000674,10
contact_mode,0.40,bayesian_authority_allocation,boundary_calibration_error,0.282218,0.000831,10
contact_mode,0.40,bayesian_authority_allocation,override_precision,0.464225,0.000967,10
contact_mode,0.40,bayesian_authority_allocation,unsafe_autonomy,0.069947,0.000309,10
contact_mode,0.40,bayesian_authority_allocation,robust_utility,-0.240151,0.023335,10
contact_mode,0.40,cbf_safety_filter,task_success,0.410833,0.030899,10
contact_mode,0.40,cbf_safety_filter,safety_violation,0.178333,0.025791,10
contact_mode,0.40,cbf_safety_filter,authority_regret,0.284788,0.000664,10
contact_mode,0.40,cbf_safety_filter,human_burden,0.326975,0.000887,10
contact_mode,0.40,cbf_safety_filter,late_handoff,0.329381,0.000863,10
contact_mode,0.40,cbf_safety_filter,handoff_churn,0.378271,0.001226,10
contact_mode,0.40,cbf_safety_filter,recovery_success,0.641221,0.000646,10
contact_mode,0.40,cbf_safety_filter,intervention_cost,0.226387,0.000812,10
contact_mode,0.40,cbf_safety_filter,boundary_calibration_error,0.272243,0.001005,10
contact_mode,0.40,cbf_safety_filter,override_precision,0.533563,0.000729,10
contact_mode,0.40,cbf_safety_filter,unsafe_autonomy,0.115369,0.000341,10
contact_mode,0.40,cbf_safety_filter,robust_utility,0.081161,0.034208,10
contact_mode,0.40,confidence_threshold_shared_control,task_success,0.110833,0.018391,10
contact_mode,0.40,confidence_threshold_shared_control,safety_violation,0.330833,0.032030,10
contact_mode,0.40,confidence_threshold_shared_control,authority_regret,0.462387,0.000561,10
contact_mode,0.40,confidence_threshold_shared_control,human_burden,0.882849,0.001031,10
contact_mode,0.40,confidence_threshold_shared_control,late_handoff,0.429857,0.001063,10
contact_mode,0.40,confidence_threshold_shared_control,handoff_churn,0.507443,0.001204,10
contact_mode,0.40,confidence_threshold_shared_control,recovery_success,0.330272,0.000936,10
contact_mode,0.40,confidence_threshold_shared_control,intervention_cost,0.380591,0.000619,10
contact_mode,0.40,confidence_threshold_shared_control,boundary_calibration_error,0.342112,0.000768,10
contact_mode,0.40,confidence_threshold_shared_control,override_precision,0.344138,0.000839,10
contact_mode,0.40,confidence_threshold_shared_control,unsafe_autonomy,0.063803,0.000139,10
contact_mode,0.40,confidence_threshold_shared_control,robust_utility,-0.563071,0.031901,10
contact_mode,0.40,mpc_risk_arbitration,task_success,0.401667,0.019900,10
contact_mode,0.40,mpc_risk_arbitration,safety_violation,0.214167,0.023863,10
contact_mode,0.40,mpc_risk_arbitration,authority_regret,0.264081,0.000821,10
contact_mode,0.40,mpc_risk_arbitration,human_burden,0.372935,0.000998,10
contact_mode,0.40,mpc_risk_arbitration,late_handoff,0.313358,0.000679,10
contact_mode,0.40,mpc_risk_arbitration,handoff_churn,0.388638,0.001148,10
contact_mode,0.40,mpc_risk_arbitration,recovery_success,0.709483,0.001013,10
contact_mode,0.40,mpc_risk_arbitration,intervention_cost,0.294796,0.000587,10
contact_mode,0.40,mpc_risk_arbitration,boundary_calibration_error,0.252269,0.000639,10
contact_mode,0.40,mpc_risk_arbitration,override_precision,0.564481,0.001000,10
contact_mode,0.40,mpc_risk_arbitration,unsafe_autonomy,0.128509,0.000329,10
contact_mode,0.40,mpc_risk_arbitration,robust_utility,0.043864,0.024913,10
contact_mode,0.40,pomdp_handoff_policy,task_success,0.338333,0.023757,10
contact_mode,0.40,pomdp_handoff_policy,safety_violation,0.206667,0.028059,10
contact_mode,0.40,pomdp_handoff_policy,authority_regret,0.301170,0.000546,10
contact_mode,0.40,pomdp_handoff_policy,human_burden,0.556313,0.001064,10
contact_mode,0.40,pomdp_handoff_policy,late_handoff,0.338402,0.001167,10
contact_mode,0.40,pomdp_handoff_policy,handoff_churn,0.427657,0.001231,10
contact_mode,0.40,pomdp_handoff_policy,recovery_success,0.638213,0.000885,10
contact_mode,0.40,pomdp_handoff_policy,intervention_cost,0.354868,0.000834,10
contact_mode,0.40,pomdp_handoff_policy,boundary_calibration_error,0.262370,0.000893,10
contact_mode,0.40,pomdp_handoff_policy,override_precision,0.523884,0.000985,10
contact_mode,0.40,pomdp_handoff_policy,unsafe_autonomy,0.101199,0.000257,10
contact_mode,0.40,pomdp_handoff_policy,robust_utility,-0.088501,0.015284,10
contact_mode,0.40,recovery_aware_mpc,task_success,0.433333,0.030215,10
contact_mode,0.40,recovery_aware_mpc,safety_violation,0.221667,0.013380,10
contact_mode,0.40,recovery_aware_mpc,authority_regret,0.278586,0.000893,10
contact_mode,0.40,recovery_aware_mpc,human_burden,0.419962,0.001669,10
contact_mode,0.40,recovery_aware_mpc,late_handoff,0.309723,0.001348,10
contact_mode,0.40,recovery_aware_mpc,handoff_churn,0.398629,0.001259,10
contact_mode,0.40,recovery_aware_mpc,recovery_success,0.758609,0.000809,10
contact_mode,0.40,recovery_aware_mpc,intervention_cost,0.342140,0.000576,10
contact_mode,0.40,recovery_aware_mpc,boundary_calibration_error,0.262092,0.000933,10
contact_mode,0.40,recovery_aware_mpc,override_precision,0.554685,0.000667,10
contact_mode,0.40,recovery_aware_mpc,unsafe_autonomy,0.125643,0.000414,10
contact_mode,0.40,recovery_aware_mpc,robust_utility,0.054546,0.030384,10
contact_mode,0.60,authority_boundary_v5,task_success,0.306667,0.025044,10
contact_mode,0.60,authority_boundary_v5,safety_violation,0.264167,0.019937,10
contact_mode,0.60,authority_boundary_v5,authority_regret,0.336950,0.000637,10
contact_mode,0.60,authority_boundary_v5,human_burden,0.709409,0.001175,10
contact_mode,0.60,authority_boundary_v5,late_handoff,0.341450,0.001057,10
contact_mode,0.60,authority_boundary_v5,handoff_churn,0.456991,0.001089,10
contact_mode,0.60,authority_boundary_v5,recovery_success,0.601548,0.000542,10
contact_mode,0.60,authority_boundary_v5,intervention_cost,0.380099,0.000693,10
contact_mode,0.60,authority_boundary_v5,boundary_calibration_error,0.282918,0.000663,10
contact_mode,0.60,authority_boundary_v5,override_precision,0.504030,0.001038,10
contact_mode,0.60,authority_boundary_v5,unsafe_autonomy,0.070972,0.000288,10
contact_mode,0.60,authority_boundary_v5,robust_utility,-0.210969,0.030395,10
contact_mode,0.60,bayesian_authority_allocation,task_success,0.265833,0.021428,10
contact_mode,0.60,bayesian_authority_allocation,safety_violation,0.279167,0.021675,10
contact_mode,0.60,bayesian_authority_allocation,authority_regret,0.357199,0.000947,10
contact_mode,0.60,bayesian_authority_allocation,human_burden,0.734026,0.000973,10
contact_mode,0.60,bayesian_authority_allocation,late_handoff,0.377278,0.001229,10
contact_mode,0.60,bayesian_authority_allocation,handoff_churn,0.447217,0.001065,10
contact_mode,0.60,bayesian_authority_allocation,recovery_success,0.521671,0.000742,10
contact_mode,0.60,bayesian_authority_allocation,intervention_cost,0.373627,0.000519,10
contact_mode,0.60,bayesian_authority_allocation,boundary_calibration_error,0.282603,0.000721,10
contact_mode,0.60,bayesian_authority_allocation,override_precision,0.463055,0.001155,10
contact_mode,0.60,bayesian_authority_allocation,unsafe_autonomy,0.071337,0.000318,10
contact_mode,0.60,bayesian_authority_allocation,robust_utility,-0.282376,0.018104,10
contact_mode,0.60,cbf_safety_filter,task_success,0.391667,0.028706,10
contact_mode,0.60,cbf_safety_filter,safety_violation,0.180000,0.032594,10
contact_mode,0.60,cbf_safety_filter,authority_regret,0.287640,0.000928,10
contact_mode,0.60,cbf_safety_filter,human_burden,0.328367,0.000760,10
contact_mode,0.60,cbf_safety_filter,late_handoff,0.329760,0.000974,10
contact_mode,0.60,cbf_safety_filter,handoff_churn,0.377520,0.001483,10
contact_mode,0.60,cbf_safety_filter,recovery_success,0.638920,0.000740,10
contact_mode,0.60,cbf_safety_filter,intervention_cost,0.226426,0.000560,10
contact_mode,0.60,cbf_safety_filter,boundary_calibration_error,0.272514,0.000880,10
contact_mode,0.60,cbf_safety_filter,override_precision,0.533335,0.000739,10
contact_mode,0.60,cbf_safety_filter,unsafe_autonomy,0.117315,0.000319,10
contact_mode,0.60,cbf_safety_filter,robust_utility,0.059756,0.029392,10
contact_mode,0.60,confidence_threshold_shared_control,task_success,0.108333,0.011928,10
contact_mode,0.60,confidence_threshold_shared_control,safety_violation,0.328333,0.028311,10
contact_mode,0.60,confidence_threshold_shared_control,authority_regret,0.465745,0.000566,10
contact_mode,0.60,confidence_threshold_shared_control,human_burden,0.883989,0.000982,10
contact_mode,0.60,confidence_threshold_shared_control,late_handoff,0.430920,0.001058,10
contact_mode,0.60,confidence_threshold_shared_control,handoff_churn,0.508398,0.001284,10
contact_mode,0.60,confidence_threshold_shared_control,recovery_success,0.328595,0.000767,10
contact_mode,0.60,confidence_threshold_shared_control,intervention_cost,0.380894,0.000745,10
contact_mode,0.60,confidence_threshold_shared_control,boundary_calibration_error,0.342531,0.000461,10
contact_mode,0.60,confidence_threshold_shared_control,override_precision,0.343885,0.000750,10
contact_mode,0.60,confidence_threshold_shared_control,unsafe_autonomy,0.065178,0.000184,10
contact_mode,0.60,confidence_threshold_shared_control,robust_utility,-0.565584,0.019324,10
contact_mode,0.60,mpc_risk_arbitration,task_success,0.386666,0.019357,10
contact_mode,0.60,mpc_risk_arbitration,safety_violation,0.202500,0.014820,10
contact_mode,0.60,mpc_risk_arbitration,authority_regret,0.266064,0.000500,10
contact_mode,0.60,mpc_risk_arbitration,human_burden,0.374487,0.001381,10
contact_mode,0.60,mpc_risk_arbitration,late_handoff,0.314003,0.000832,10
contact_mode,0.60,mpc_risk_arbitration,handoff_churn,0.388036,0.001025,10
contact_mode,0.60,mpc_risk_arbitration,recovery_success,0.707545,0.000555,10
contact_mode,0.60,mpc_risk_arbitration,intervention_cost,0.294701,0.000662,10
contact_mode,0.60,mpc_risk_arbitration,boundary_calibration_error,0.252774,0.000573,10
contact_mode,0.60,mpc_risk_arbitration,override_precision,0.562762,0.000769,10
contact_mode,0.60,mpc_risk_arbitration,unsafe_autonomy,0.131226,0.000371,10
contact_mode,0.60,mpc_risk_arbitration,robust_utility,0.035053,0.020108,10
contact_mode,0.60,pomdp_handoff_policy,task_success,0.345833,0.024011,10
contact_mode,0.60,pomdp_handoff_policy,safety_violation,0.242500,0.021566,10
contact_mode,0.60,pomdp_handoff_policy,authority_regret,0.304524,0.000726,10
contact_mode,0.60,pomdp_handoff_policy,human_burden,0.557222,0.001121,10
contact_mode,0.60,pomdp_handoff_policy,late_handoff,0.339629,0.000779,10
contact_mode,0.60,pomdp_handoff_policy,handoff_churn,0.428214,0.001298,10
contact_mode,0.60,pomdp_handoff_policy,recovery_success,0.635885,0.000673,10
contact_mode,0.60,pomdp_handoff_policy,intervention_cost,0.354880,0.000577,10
contact_mode,0.60,pomdp_handoff_policy,boundary_calibration_error,0.262066,0.000634,10
contact_mode,0.60,pomdp_handoff_policy,override_precision,0.522731,0.000850,10
contact_mode,0.60,pomdp_handoff_policy,unsafe_autonomy,0.103200,0.000466,10
contact_mode,0.60,pomdp_handoff_policy,robust_utility,-0.104724,0.026553,10
contact_mode,0.60,recovery_aware_mpc,task_success,0.436667,0.019811,10
contact_mode,0.60,recovery_aware_mpc,safety_violation,0.227500,0.027228,10
contact_mode,0.60,recovery_aware_mpc,authority_regret,0.280795,0.000645,10
contact_mode,0.60,recovery_aware_mpc,human_burden,0.422133,0.000820,10
contact_mode,0.60,recovery_aware_mpc,late_handoff,0.310734,0.000827,10
contact_mode,0.60,recovery_aware_mpc,handoff_churn,0.398565,0.000990,10
contact_mode,0.60,recovery_aware_mpc,recovery_success,0.756063,0.000567,10
contact_mode,0.60,recovery_aware_mpc,intervention_cost,0.343290,0.000528,10
contact_mode,0.60,recovery_aware_mpc,boundary_calibration_error,0.262003,0.000790,10
contact_mode,0.60,recovery_aware_mpc,override_precision,0.553150,0.000904,10
contact_mode,0.60,recovery_aware_mpc,unsafe_autonomy,0.127890,0.000426,10
contact_mode,0.60,recovery_aware_mpc,robust_utility,0.052717,0.028938,10
contact_mode,0.80,authority_boundary_v5,task_success,0.315833,0.014497,10
contact_mode,0.80,authority_boundary_v5,safety_violation,0.251667,0.029900,10
contact_mode,0.80,authority_boundary_v5,authority_regret,0.339457,0.000720,10
contact_mode,0.80,authority_boundary_v5,human_burden,0.709666,0.000794,10
contact_mode,0.80,authority_boundary_v5,late_handoff,0.341514,0.001078,10
contact_mode,0.80,authority_boundary_v5,handoff_churn,0.457328,0.001052,10
contact_mode,0.80,authority_boundary_v5,recovery_success,0.599528,0.000996,10
contact_mode,0.80,authority_boundary_v5,intervention_cost,0.380378,0.000672,10
contact_mode,0.80,authority_boundary_v5,boundary_calibration_error,0.282433,0.000564,10
contact_mode,0.80,authority_boundary_v5,override_precision,0.504089,0.000969,10
contact_mode,0.80,authority_boundary_v5,unsafe_autonomy,0.073309,0.000259,10
contact_mode,0.80,authority_boundary_v5,robust_utility,-0.194981,0.018431,10
contact_mode,0.80,bayesian_authority_allocation,task_success,0.236667,0.030914,10
contact_mode,0.80,bayesian_authority_allocation,safety_violation,0.259167,0.022769,10
contact_mode,0.80,bayesian_authority_allocation,authority_regret,0.361087,0.000835,10
contact_mode,0.80,bayesian_authority_allocation,human_burden,0.733660,0.001038,10
contact_mode,0.80,bayesian_authority_allocation,late_handoff,0.376375,0.001019,10
contact_mode,0.80,bayesian_authority_allocation,handoff_churn,0.448190,0.001356,10
contact_mode,0.80,bayesian_authority_allocation,recovery_success,0.519885,0.000747,10
contact_mode,0.80,bayesian_authority_allocation,intervention_cost,0.374061,0.000597,10
contact_mode,0.80,bayesian_authority_allocation,boundary_calibration_error,0.282303,0.000961,10
contact_mode,0.80,bayesian_authority_allocation,override_precision,0.464188,0.001151,10
contact_mode,0.80,bayesian_authority_allocation,unsafe_autonomy,0.073835,0.000369,10
contact_mode,0.80,bayesian_authority_allocation,robust_utility,-0.300185,0.038426,10
contact_mode,0.80,cbf_safety_filter,task_success,0.385833,0.024476,10
contact_mode,0.80,cbf_safety_filter,safety_violation,0.178333,0.019203,10
contact_mode,0.80,cbf_safety_filter,authority_regret,0.289564,0.000648,10
contact_mode,0.80,cbf_safety_filter,human_burden,0.327630,0.001228,10
contact_mode,0.80,cbf_safety_filter,late_handoff,0.329859,0.000759,10
contact_mode,0.80,cbf_safety_filter,handoff_churn,0.377589,0.001261,10
contact_mode,0.80,cbf_safety_filter,recovery_success,0.637040,0.000810,10
contact_mode,0.80,cbf_safety_filter,intervention_cost,0.226482,0.000551,10
contact_mode,0.80,cbf_safety_filter,boundary_calibration_error,0.272388,0.000435,10
contact_mode,0.80,cbf_safety_filter,override_precision,0.534144,0.001006,10
contact_mode,0.80,cbf_safety_filter,unsafe_autonomy,0.121032,0.000282,10
contact_mode,0.80,cbf_safety_filter,robust_utility,0.054471,0.027625,10
contact_mode,0.80,confidence_threshold_shared_control,task_success,0.104167,0.025215,10
contact_mode,0.80,confidence_threshold_shared_control,safety_violation,0.345000,0.043365,10
contact_mode,0.80,confidence_threshold_shared_control,authority_regret,0.468741,0.000595,10
contact_mode,0.80,confidence_threshold_shared_control,human_burden,0.883094,0.001257,10
contact_mode,0.80,confidence_threshold_shared_control,late_handoff,0.430989,0.001117,10
contact_mode,0.80,confidence_threshold_shared_control,handoff_churn,0.507838,0.001117,10
contact_mode,0.80,confidence_threshold_shared_control,recovery_success,0.325429,0.001229,10
contact_mode,0.80,confidence_threshold_shared_control,intervention_cost,0.380547,0.000683,10
contact_mode,0.80,confidence_threshold_shared_control,boundary_calibration_error,0.342367,0.000791,10
contact_mode,0.80,confidence_threshold_shared_control,override_precision,0.344008,0.001011,10
contact_mode,0.80,confidence_threshold_shared_control,unsafe_autonomy,0.067447,0.000132,10
contact_mode,0.80,confidence_threshold_shared_control,robust_utility,-0.580780,0.029103,10
contact_mode,0.80,mpc_risk_arbitration,task_success,0.398333,0.021750,10
contact_mode,0.80,mpc_risk_arbitration,safety_violation,0.215834,0.011011,10
contact_mode,0.80,mpc_risk_arbitration,authority_regret,0.269356,0.000862,10
contact_mode,0.80,mpc_risk_arbitration,human_burden,0.373934,0.001303,10
contact_mode,0.80,mpc_risk_arbitration,late_handoff,0.314386,0.001047,10
contact_mode,0.80,mpc_risk_arbitration,handoff_churn,0.388247,0.000955,10
contact_mode,0.80,mpc_risk_arbitration,recovery_success,0.705883,0.000827,10
contact_mode,0.80,mpc_risk_arbitration,intervention_cost,0.294260,0.000529,10
contact_mode,0.80,mpc_risk_arbitration,boundary_calibration_error,0.252147,0.000768,10
contact_mode,0.80,mpc_risk_arbitration,override_precision,0.563501,0.000808,10
contact_mode,0.80,mpc_risk_arbitration,unsafe_autonomy,0.135492,0.000679,10
contact_mode,0.80,mpc_risk_arbitration,robust_utility,0.037587,0.022897,10
contact_mode,0.80,pomdp_handoff_policy,task_success,0.347500,0.026566,10
contact_mode,0.80,pomdp_handoff_policy,safety_violation,0.241667,0.022448,10
contact_mode,0.80,pomdp_handoff_policy,authority_regret,0.307116,0.000600,10
contact_mode,0.80,pomdp_handoff_policy,human_burden,0.556694,0.000812,10
contact_mode,0.80,pomdp_handoff_policy,late_handoff,0.338454,0.001085,10
contact_mode,0.80,pomdp_handoff_policy,handoff_churn,0.428084,0.001005,10
contact_mode,0.80,pomdp_handoff_policy,recovery_success,0.634199,0.001270,10
contact_mode,0.80,pomdp_handoff_policy,intervention_cost,0.355005,0.000773,10
contact_mode,0.80,pomdp_handoff_policy,boundary_calibration_error,0.262136,0.000570,10
contact_mode,0.80,pomdp_handoff_policy,override_precision,0.523205,0.000849,10
contact_mode,0.80,pomdp_handoff_policy,unsafe_autonomy,0.106704,0.000277,10
contact_mode,0.80,pomdp_handoff_policy,robust_utility,-0.103006,0.025658,10
contact_mode,0.80,recovery_aware_mpc,task_success,0.411667,0.021669,10
contact_mode,0.80,recovery_aware_mpc,safety_violation,0.236667,0.028416,10
contact_mode,0.80,recovery_aware_mpc,authority_regret,0.283257,0.000662,10
contact_mode,0.80,recovery_aware_mpc,human_burden,0.419952,0.000906,10
contact_mode,0.80,recovery_aware_mpc,late_handoff,0.310260,0.000850,10
contact_mode,0.80,recovery_aware_mpc,handoff_churn,0.398079,0.001186,10
contact_mode,0.80,recovery_aware_mpc,recovery_success,0.754126,0.000643,10
contact_mode,0.80,recovery_aware_mpc,intervention_cost,0.342400,0.000369,10
contact_mode,0.80,recovery_aware_mpc,boundary_calibration_error,0.262373,0.000484,10
contact_mode,0.80,recovery_aware_mpc,override_precision,0.554035,0.000758,10
contact_mode,0.80,recovery_aware_mpc,unsafe_autonomy,0.132738,0.000389,10
contact_mode,0.80,recovery_aware_mpc,robust_utility,0.022009,0.029084,10
contact_mode,1.00,authority_boundary_v5,task_success,0.312500,0.022216,10
contact_mode,1.00,authority_boundary_v5,safety_violation,0.248333,0.015553,10
contact_mode,1.00,authority_boundary_v5,authority_regret,0.342383,0.000735,10
contact_mode,1.00,authority_boundary_v5,human_burden,0.709460,0.001169,10
contact_mode,1.00,authority_boundary_v5,late_handoff,0.341972,0.000738,10
contact_mode,1.00,authority_boundary_v5,handoff_churn,0.458294,0.001174,10
contact_mode,1.00,authority_boundary_v5,recovery_success,0.597721,0.000943,10
contact_mode,1.00,authority_boundary_v5,intervention_cost,0.380609,0.000582,10
contact_mode,1.00,authority_boundary_v5,boundary_calibration_error,0.282349,0.000769,10
contact_mode,1.00,authority_boundary_v5,override_precision,0.503513,0.000953,10
contact_mode,1.00,authority_boundary_v5,unsafe_autonomy,0.075166,0.000247,10
contact_mode,1.00,authority_boundary_v5,robust_utility,-0.197287,0.023972,10
contact_mode,1.00,bayesian_authority_allocation,task_success,0.244167,0.021372,10
contact_mode,1.00,bayesian_authority_allocation,safety_violation,0.303333,0.026694,10
contact_mode,1.00,bayesian_authority_allocation,authority_regret,0.362544,0.000689,10
contact_mode,1.00,bayesian_authority_allocation,human_burden,0.733431,0.001068,10
contact_mode,1.00,bayesian_authority_allocation,late_handoff,0.377228,0.001075,10
contact_mode,1.00,bayesian_authority_allocation,handoff_churn,0.447988,0.001297,10
contact_mode,1.00,bayesian_authority_allocation,recovery_success,0.517458,0.000852,10
contact_mode,1.00,bayesian_authority_allocation,intervention_cost,0.374068,0.000689,10
contact_mode,1.00,bayesian_authority_allocation,boundary_calibration_error,0.281578,0.000643,10
contact_mode,1.00,bayesian_authority_allocation,override_precision,0.463424,0.000897,10
contact_mode,1.00,bayesian_authority_allocation,unsafe_autonomy,0.075784,0.000279,10
contact_mode,1.00,bayesian_authority_allocation,robust_utility,-0.320685,0.025943,10
contact_mode,1.00,cbf_safety_filter,task_success,0.363333,0.040171,10
contact_mode,1.00,cbf_safety_filter,safety_violation,0.195833,0.022612,10
contact_mode,1.00,cbf_safety_filter,authority_regret,0.291560,0.000654,10
contact_mode,1.00,cbf_safety_filter,human_burden,0.328394,0.001261,10
contact_mode,1.00,cbf_safety_filter,late_handoff,0.330179,0.000713,10
contact_mode,1.00,cbf_safety_filter,handoff_churn,0.378678,0.001296,10
contact_mode,1.00,cbf_safety_filter,recovery_success,0.635694,0.000757,10
contact_mode,1.00,cbf_safety_filter,intervention_cost,0.227141,0.000603,10
contact_mode,1.00,cbf_safety_filter,boundary_calibration_error,0.272166,0.000644,10
contact_mode,1.00,cbf_safety_filter,override_precision,0.534361,0.000812,10
contact_mode,1.00,cbf_safety_filter,unsafe_autonomy,0.124306,0.000548,10
contact_mode,1.00,cbf_safety_filter,robust_utility,0.020083,0.042245,10
contact_mode,1.00,confidence_threshold_shared_control,task_success,0.102500,0.019638,10
contact_mode,1.00,confidence_threshold_shared_control,safety_violation,0.350000,0.020225,10
contact_mode,1.00,confidence_threshold_shared_control,authority_regret,0.471457,0.000884,10
contact_mode,1.00,confidence_threshold_shared_control,human_burden,0.883019,0.001174,10
contact_mode,1.00,confidence_threshold_shared_control,late_handoff,0.430934,0.000739,10
contact_mode,1.00,confidence_threshold_shared_control,handoff_churn,0.507840,0.000599,10
contact_mode,1.00,confidence_threshold_shared_control,recovery_success,0.324297,0.000973,10
contact_mode,1.00,confidence_threshold_shared_control,intervention_cost,0.380607,0.000755,10
contact_mode,1.00,confidence_threshold_shared_control,boundary_calibration_error,0.342100,0.000640,10
contact_mode,1.00,confidence_threshold_shared_control,override_precision,0.344183,0.000801,10
contact_mode,1.00,confidence_threshold_shared_control,unsafe_autonomy,0.069489,0.000130,10
contact_mode,1.00,confidence_threshold_shared_control,robust_utility,-0.586296,0.018656,10
contact_mode,1.00,mpc_risk_arbitration,task_success,0.418333,0.021476,10
contact_mode,1.00,mpc_risk_arbitration,safety_violation,0.230833,0.020524,10
contact_mode,1.00,mpc_risk_arbitration,authority_regret,0.271544,0.000617,10
contact_mode,1.00,mpc_risk_arbitration,human_burden,0.373930,0.001554,10
contact_mode,1.00,mpc_risk_arbitration,late_handoff,0.313889,0.001083,10
contact_mode,1.00,mpc_risk_arbitration,handoff_churn,0.388718,0.001279,10
contact_mode,1.00,mpc_risk_arbitration,recovery_success,0.705170,0.000429,10
contact_mode,1.00,mpc_risk_arbitration,intervention_cost,0.294337,0.000463,10
contact_mode,1.00,mpc_risk_arbitration,boundary_calibration_error,0.252439,0.000509,10
contact_mode,1.00,mpc_risk_arbitration,override_precision,0.564348,0.000911,10
contact_mode,1.00,mpc_risk_arbitration,unsafe_autonomy,0.138873,0.000299,10
contact_mode,1.00,mpc_risk_arbitration,robust_utility,0.047699,0.028069,10
contact_mode,1.00,pomdp_handoff_policy,task_success,0.345000,0.024854,10
contact_mode,1.00,pomdp_handoff_policy,safety_violation,0.254167,0.017768,10
contact_mode,1.00,pomdp_handoff_policy,authority_regret,0.308942,0.000696,10
contact_mode,1.00,pomdp_handoff_policy,human_burden,0.557325,0.001617,10
contact_mode,1.00,pomdp_handoff_policy,late_handoff,0.339293,0.001083,10
contact_mode,1.00,pomdp_handoff_policy,handoff_churn,0.427558,0.001338,10
contact_mode,1.00,pomdp_handoff_policy,recovery_success,0.633041,0.001069,10
contact_mode,1.00,pomdp_handoff_policy,intervention_cost,0.355789,0.000831,10
contact_mode,1.00,pomdp_handoff_policy,boundary_calibration_error,0.262106,0.000813,10
contact_mode,1.00,pomdp_handoff_policy,override_precision,0.524303,0.001326,10
contact_mode,1.00,pomdp_handoff_policy,unsafe_autonomy,0.109310,0.000404,10
contact_mode,1.00,pomdp_handoff_policy,robust_utility,-0.114106,0.031616,10
contact_mode,1.00,recovery_aware_mpc,task_success,0.405833,0.020085,10
contact_mode,1.00,recovery_aware_mpc,safety_violation,0.257500,0.029666,10
contact_mode,1.00,recovery_aware_mpc,authority_regret,0.285151,0.000814,10
contact_mode,1.00,recovery_aware_mpc,human_burden,0.420744,0.000977,10
contact_mode,1.00,recovery_aware_mpc,late_handoff,0.309944,0.001179,10
contact_mode,1.00,recovery_aware_mpc,handoff_churn,0.398688,0.001228,10
contact_mode,1.00,recovery_aware_mpc,recovery_success,0.753300,0.000983,10
contact_mode,1.00,recovery_aware_mpc,intervention_cost,0.342432,0.000798,10
contact_mode,1.00,recovery_aware_mpc,boundary_calibration_error,0.262129,0.000827,10
contact_mode,1.00,recovery_aware_mpc,override_precision,0.553628,0.001017,10
contact_mode,1.00,recovery_aware_mpc,unsafe_autonomy,0.135713,0.000374,10
contact_mode,1.00,recovery_aware_mpc,robust_utility,0.002504,0.025754,10
fragility,0.00,authority_boundary_v5,task_success,0.303333,0.030721,10
fragility,0.00,authority_boundary_v5,safety_violation,0.250833,0.018773,10
fragility,0.00,authority_boundary_v5,authority_regret,0.330740,0.000624,10
fragility,0.00,authority_boundary_v5,human_burden,0.708182,0.001008,10
fragility,0.00,authority_boundary_v5,late_handoff,0.341834,0.000836,10
fragility,0.00,authority_boundary_v5,handoff_churn,0.458041,0.001591,10
fragility,0.00,authority_boundary_v5,recovery_success,0.606114,0.000909,10
fragility,0.00,authority_boundary_v5,intervention_cost,0.380549,0.000635,10
fragility,0.00,authority_boundary_v5,boundary_calibration_error,0.282095,0.000636,10
fragility,0.00,authority_boundary_v5,override_precision,0.504314,0.001162,10
fragility,0.00,authority_boundary_v5,unsafe_autonomy,0.067385,0.000248,10
fragility,0.00,authority_boundary_v5,robust_utility,-0.204056,0.031623,10
fragility,0.00,bayesian_authority_allocation,task_success,0.276667,0.027740,10
fragility,0.00,bayesian_authority_allocation,safety_violation,0.265000,0.020775,10
fragility,0.00,bayesian_authority_allocation,authority_regret,0.350930,0.000726,10
fragility,0.00,bayesian_authority_allocation,human_burden,0.733294,0.001162,10
fragility,0.00,bayesian_authority_allocation,late_handoff,0.377122,0.001328,10
fragility,0.00,bayesian_authority_allocation,handoff_churn,0.448084,0.000901,10
fragility,0.00,bayesian_authority_allocation,recovery_success,0.527444,0.000738,10
fragility,0.00,bayesian_authority_allocation,intervention_cost,0.373517,0.000619,10
fragility,0.00,bayesian_authority_allocation,boundary_calibration_error,0.281718,0.000488,10
fragility,0.00,bayesian_authority_allocation,override_precision,0.463955,0.000806,10
fragility,0.00,bayesian_authority_allocation,unsafe_autonomy,0.067379,0.000248,10
fragility,0.00,bayesian_authority_allocation,robust_utility,-0.260622,0.037080,10
fragility,0.00,cbf_safety_filter,task_success,0.420000,0.024973,10
fragility,0.00,cbf_safety_filter,safety_violation,0.162500,0.023887,10
fragility,0.00,cbf_safety_filter,authority_regret,0.281579,0.000504,10
fragility,0.00,cbf_safety_filter,human_burden,0.328554,0.001043,10
fragility,0.00,cbf_safety_filter,late_handoff,0.329359,0.001149,10
fragility,0.00,cbf_safety_filter,handoff_churn,0.378149,0.001482,10
fragility,0.00,cbf_safety_filter,recovery_success,0.643297,0.000874,10
fragility,0.00,cbf_safety_filter,intervention_cost,0.226877,0.000542,10
fragility,0.00,cbf_safety_filter,boundary_calibration_error,0.272262,0.000700,10
fragility,0.00,cbf_safety_filter,override_precision,0.533814,0.000958,10
fragility,0.00,cbf_safety_filter,unsafe_autonomy,0.111362,0.000386,10
fragility,0.00,cbf_safety_filter,robust_utility,0.100703,0.028062,10
fragility,0.00,confidence_threshold_shared_control,task_success,0.124167,0.018773,10
fragility,0.00,confidence_threshold_shared_control,safety_violation,0.314167,0.024232,10
fragility,0.00,confidence_threshold_shared_control,authority_regret,0.458154,0.000915,10
fragility,0.00,confidence_threshold_shared_control,human_burden,0.884304,0.001127,10
fragility,0.00,confidence_threshold_shared_control,late_handoff,0.430973,0.001201,10
fragility,0.00,confidence_threshold_shared_control,handoff_churn,0.507667,0.001034,10
fragility,0.00,confidence_threshold_shared_control,recovery_success,0.333572,0.001041,10
fragility,0.00,confidence_threshold_shared_control,intervention_cost,0.380283,0.000897,10
fragility,0.00,confidence_threshold_shared_control,boundary_calibration_error,0.342123,0.000552,10
fragility,0.00,confidence_threshold_shared_control,override_precision,0.343770,0.001070,10
fragility,0.00,confidence_threshold_shared_control,unsafe_autonomy,0.061365,0.000130,10
fragility,0.00,confidence_threshold_shared_control,robust_utility,-0.538606,0.028097,10
fragility,0.00,mpc_risk_arbitration,task_success,0.434167,0.030552,10
fragility,0.00,mpc_risk_arbitration,safety_violation,0.207500,0.026162,10
fragility,0.00,mpc_risk_arbitration,authority_regret,0.260420,0.000578,10
fragility,0.00,mpc_risk_arbitration,human_burden,0.374094,0.001228,10
fragility,0.00,mpc_risk_arbitration,late_handoff,0.314921,0.001021,10
fragility,0.00,mpc_risk_arbitration,handoff_churn,0.387758,0.001038,10
fragility,0.00,mpc_risk_arbitration,recovery_success,0.711198,0.000933,10
fragility,0.00,mpc_risk_arbitration,intervention_cost,0.294699,0.000314,10
fragility,0.00,mpc_risk_arbitration,boundary_calibration_error,0.252787,0.000826,10
fragility,0.00,mpc_risk_arbitration,override_precision,0.564821,0.000775,10
fragility,0.00,mpc_risk_arbitration,unsafe_autonomy,0.124058,0.000220,10
fragility,0.00,mpc_risk_arbitration,robust_utility,0.081137,0.030597,10
fragility,0.00,pomdp_handoff_policy,task_success,0.378333,0.029339,10
fragility,0.00,pomdp_handoff_policy,safety_violation,0.230833,0.012427,10
fragility,0.00,pomdp_handoff_policy,authority_regret,0.297586,0.000881,10
fragility,0.00,pomdp_handoff_policy,human_burden,0.557319,0.000599,10
fragility,0.00,pomdp_handoff_policy,late_handoff,0.339065,0.000778,10
fragility,0.00,pomdp_handoff_policy,handoff_churn,0.427654,0.001285,10
fragility,0.00,pomdp_handoff_policy,recovery_success,0.640677,0.000840,10
fragility,0.00,pomdp_handoff_policy,intervention_cost,0.355503,0.000621,10
fragility,0.00,pomdp_handoff_policy,boundary_calibration_error,0.261931,0.000866,10
fragility,0.00,pomdp_handoff_policy,override_precision,0.524284,0.000853,10
fragility,0.00,pomdp_handoff_policy,unsafe_autonomy,0.097248,0.000153,10
fragility,0.00,pomdp_handoff_policy,robust_utility,-0.062801,0.030311,10
fragility,0.00,recovery_aware_mpc,task_success,0.440833,0.038456,10
fragility,0.00,recovery_aware_mpc,safety_violation,0.222500,0.021920,10
fragility,0.00,recovery_aware_mpc,authority_regret,0.275332,0.000655,10
fragility,0.00,recovery_aware_mpc,human_burden,0.420946,0.001043,10
fragility,0.00,recovery_aware_mpc,late_handoff,0.309464,0.000987,10
fragility,0.00,recovery_aware_mpc,handoff_churn,0.397799,0.001567,10
fragility,0.00,recovery_aware_mpc,recovery_success,0.759873,0.000587,10
fragility,0.00,recovery_aware_mpc,intervention_cost,0.342267,0.000898,10
fragility,0.00,recovery_aware_mpc,boundary_calibration_error,0.261935,0.000459,10
fragility,0.00,recovery_aware_mpc,override_precision,0.554593,0.000879,10
fragility,0.00,recovery_aware_mpc,unsafe_autonomy,0.121189,0.000431,10
fragility,0.00,recovery_aware_mpc,robust_utility,0.062336,0.038839,10
fragility,0.20,authority_boundary_v5,task_success,0.322500,0.019334,10
fragility,0.20,authority_boundary_v5,safety_violation,0.225000,0.029621,10
fragility,0.20,authority_boundary_v5,authority_regret,0.332812,0.000651,10
fragility,0.20,authority_boundary_v5,human_burden,0.709668,0.001578,10
fragility,0.20,authority_boundary_v5,late_handoff,0.341758,0.001353,10
fragility,0.20,authority_boundary_v5,handoff_churn,0.458866,0.000843,10
fragility,0.20,authority_boundary_v5,recovery_success,0.605589,0.000871,10
fragility,0.20,authority_boundary_v5,intervention_cost,0.380986,0.000544,10
fragility,0.20,authority_boundary_v5,boundary_calibration_error,0.282658,0.000705,10
fragility,0.20,authority_boundary_v5,override_precision,0.503561,0.001172,10
fragility,0.20,authority_boundary_v5,unsafe_autonomy,0.068149,0.000416,10
fragility,0.20,authority_boundary_v5,robust_utility,-0.169920,0.023803,10
fragility,0.20,bayesian_authority_allocation,task_success,0.270000,0.036376,10
fragility,0.20,bayesian_authority_allocation,safety_violation,0.236666,0.027783,10
fragility,0.20,bayesian_authority_allocation,authority_regret,0.353013,0.000614,10
fragility,0.20,bayesian_authority_allocation,human_burden,0.733842,0.001083,10
fragility,0.20,bayesian_authority_allocation,late_handoff,0.377914,0.001288,10
fragility,0.20,bayesian_authority_allocation,handoff_churn,0.448284,0.001190,10
fragility,0.20,bayesian_authority_allocation,recovery_success,0.524314,0.000575,10
fragility,0.20,bayesian_authority_allocation,intervention_cost,0.373628,0.001011,10
fragility,0.20,bayesian_authority_allocation,boundary_calibration_error,0.282522,0.000534,10
fragility,0.20,bayesian_authority_allocation,override_precision,0.463189,0.001103,10
fragility,0.20,bayesian_authority_allocation,unsafe_autonomy,0.068468,0.000250,10
fragility,0.20,bayesian_authority_allocation,robust_utility,-0.250787,0.039075,10
fragility,0.20,cbf_safety_filter,task_success,0.406667,0.033099,10
fragility,0.20,cbf_safety_filter,safety_violation,0.159167,0.021974,10
fragility,0.20,cbf_safety_filter,authority_regret,0.284008,0.000664,10
fragility,0.20,cbf_safety_filter,human_burden,0.328265,0.001391,10
fragility,0.20,cbf_safety_filter,late_handoff,0.330431,0.001351,10
fragility,0.20,cbf_safety_filter,handoff_churn,0.377788,0.001084,10
fragility,0.20,cbf_safety_filter,recovery_success,0.640907,0.000658,10
fragility,0.20,cbf_safety_filter,intervention_cost,0.227139,0.000544,10
fragility,0.20,cbf_safety_filter,boundary_calibration_error,0.272674,0.000524,10
fragility,0.20,cbf_safety_filter,override_precision,0.534185,0.000473,10
fragility,0.20,cbf_safety_filter,unsafe_autonomy,0.113593,0.000716,10
fragility,0.20,cbf_safety_filter,robust_utility,0.088553,0.040816,10
fragility,0.20,confidence_threshold_shared_control,task_success,0.110833,0.016160,10
fragility,0.20,confidence_threshold_shared_control,safety_violation,0.320000,0.033045,10
fragility,0.20,confidence_threshold_shared_control,authority_regret,0.460358,0.000922,10
fragility,0.20,confidence_threshold_shared_control,human_burden,0.884152,0.001427,10
fragility,0.20,confidence_threshold_shared_control,late_handoff,0.430726,0.001249,10
fragility,0.20,confidence_threshold_shared_control,handoff_churn,0.508501,0.001039,10
fragility,0.20,confidence_threshold_shared_control,recovery_success,0.331688,0.000510,10
fragility,0.20,confidence_threshold_shared_control,intervention_cost,0.380837,0.001047,10
fragility,0.20,confidence_threshold_shared_control,boundary_calibration_error,0.342450,0.000849,10
fragility,0.20,confidence_threshold_shared_control,override_precision,0.344317,0.000846,10
fragility,0.20,confidence_threshold_shared_control,unsafe_autonomy,0.062594,0.000102,10
fragility,0.20,confidence_threshold_shared_control,robust_utility,-0.556338,0.022934,10
fragility,0.20,mpc_risk_arbitration,task_success,0.420000,0.029741,10
fragility,0.20,mpc_risk_arbitration,safety_violation,0.197500,0.021093,10
fragility,0.20,mpc_risk_arbitration,authority_regret,0.262034,0.000664,10
fragility,0.20,mpc_risk_arbitration,human_burden,0.373775,0.001705,10
fragility,0.20,mpc_risk_arbitration,late_handoff,0.314560,0.001007,10
fragility,0.20,mpc_risk_arbitration,handoff_churn,0.388836,0.000941,10
fragility,0.20,mpc_risk_arbitration,recovery_success,0.710022,0.000933,10
fragility,0.20,mpc_risk_arbitration,intervention_cost,0.294528,0.000874,10
fragility,0.20,mpc_risk_arbitration,boundary_calibration_error,0.251670,0.000567,10
fragility,0.20,mpc_risk_arbitration,override_precision,0.564469,0.000818,10
fragility,0.20,mpc_risk_arbitration,unsafe_autonomy,0.126235,0.000500,10
fragility,0.20,mpc_risk_arbitration,robust_utility,0.072695,0.034551,10
fragility,0.20,pomdp_handoff_policy,task_success,0.370000,0.023757,10
fragility,0.20,pomdp_handoff_policy,safety_violation,0.239167,0.023987,10
fragility,0.20,pomdp_handoff_policy,authority_regret,0.300729,0.000743,10
fragility,0.20,pomdp_handoff_policy,human_burden,0.558294,0.001037,10
fragility,0.20,pomdp_handoff_policy,late_handoff,0.339214,0.001326,10
fragility,0.20,pomdp_handoff_policy,handoff_churn,0.428516,0.001460,10
fragility,0.20,pomdp_handoff_policy,recovery_success,0.639727,0.000717,10
fragility,0.20,pomdp_handoff_policy,intervention_cost,0.355755,0.000681,10
fragility,0.20,pomdp_handoff_policy,boundary_calibration_error,0.262287,0.000582,10
fragility,0.20,pomdp_handoff_policy,override_precision,0.523424,0.000806,10
fragility,0.20,pomdp_handoff_policy,unsafe_autonomy,0.098987,0.000434,10
fragility,0.20,pomdp_handoff_policy,robust_utility,-0.077549,0.024046,10
fragility,0.20,recovery_aware_mpc,task_success,0.416667,0.015780,10
fragility,0.20,recovery_aware_mpc,safety_violation,0.204167,0.017431,10
fragility,0.20,recovery_aware_mpc,authority_regret,0.276479,0.000829,10
fragility,0.20,recovery_aware_mpc,human_burden,0.420793,0.001672,10
fragility,0.20,recovery_aware_mpc,late_handoff,0.310457,0.001141,10
fragility,0.20,recovery_aware_mpc,handoff_churn,0.398487,0.001625,10
fragility,0.20,recovery_aware_mpc,recovery_success,0.760041,0.000535,10
fragility,0.20,recovery_aware_mpc,intervention_cost,0.342805,0.000760,10
fragility,0.20,recovery_aware_mpc,boundary_calibration_error,0.262800,0.000477,10
fragility,0.20,recovery_aware_mpc,override_precision,0.553865,0.000763,10
fragility,0.20,recovery_aware_mpc,unsafe_autonomy,0.123328,0.000426,10
fragility,0.20,recovery_aware_mpc,robust_utility,0.049004,0.018932,10
fragility,0.40,authority_boundary_v5,task_success,0.320833,0.023763,10
fragility,0.40,authority_boundary_v5,safety_violation,0.252500,0.024110,10
fragility,0.40,authority_boundary_v5,authority_regret,0.334348,0.000555,10
fragility,0.40,authority_boundary_v5,human_burden,0.708462,0.001170,10
fragility,0.40,authority_boundary_v5,late_handoff,0.341314,0.000561,10
fragility,0.40,authority_boundary_v5,handoff_churn,0.458227,0.001138,10
fragility,0.40,authority_boundary_v5,recovery_success,0.602969,0.000766,10
fragility,0.40,authority_boundary_v5,intervention_cost,0.380284,0.000559,10
fragility,0.40,authority_boundary_v5,boundary_calibration_error,0.281647,0.000554,10
fragility,0.40,authority_boundary_v5,override_precision,0.504043,0.000773,10
fragility,0.40,authority_boundary_v5,unsafe_autonomy,0.069822,0.000289,10
fragility,0.40,authority_boundary_v5,robust_utility,-0.188723,0.030547,10
fragility,0.40,bayesian_authority_allocation,task_success,0.265833,0.029964,10
fragility,0.40,bayesian_authority_allocation,safety_violation,0.257500,0.025820,10
fragility,0.40,bayesian_authority_allocation,authority_regret,0.355660,0.000606,10
fragility,0.40,bayesian_authority_allocation,human_burden,0.733515,0.001277,10
fragility,0.40,bayesian_authority_allocation,late_handoff,0.376611,0.001211,10
fragility,0.40,bayesian_authority_allocation,handoff_churn,0.448448,0.001256,10
fragility,0.40,bayesian_authority_allocation,recovery_success,0.523823,0.000763,10
fragility,0.40,bayesian_authority_allocation,intervention_cost,0.373391,0.000852,10
fragility,0.40,bayesian_authority_allocation,boundary_calibration_error,0.281317,0.000569,10
fragility,0.40,bayesian_authority_allocation,override_precision,0.465017,0.000838,10
fragility,0.40,bayesian_authority_allocation,unsafe_autonomy,0.069919,0.000468,10
fragility,0.40,bayesian_authority_allocation,robust_utility,-0.268280,0.035446,10
fragility,0.40,cbf_safety_filter,task_success,0.413333,0.026133,10
fragility,0.40,cbf_safety_filter,safety_violation,0.180000,0.026916,10
fragility,0.40,cbf_safety_filter,authority_regret,0.285253,0.000936,10
fragility,0.40,cbf_safety_filter,human_burden,0.328269,0.000922,10
fragility,0.40,cbf_safety_filter,late_handoff,0.329525,0.000717,10
fragility,0.40,cbf_safety_filter,handoff_churn,0.377525,0.000897,10
fragility,0.40,cbf_safety_filter,recovery_success,0.640891,0.000938,10
fragility,0.40,cbf_safety_filter,intervention_cost,0.227180,0.000746,10
fragility,0.40,cbf_safety_filter,boundary_calibration_error,0.271317,0.000467,10
fragility,0.40,cbf_safety_filter,override_precision,0.534530,0.000897,10
fragility,0.40,cbf_safety_filter,unsafe_autonomy,0.115346,0.000342,10
fragility,0.40,cbf_safety_filter,robust_utility,0.082162,0.025373,10
fragility,0.40,confidence_threshold_shared_control,task_success,0.111667,0.016550,10
fragility,0.40,confidence_threshold_shared_control,safety_violation,0.314167,0.036608,10
fragility,0.40,confidence_threshold_shared_control,authority_regret,0.462723,0.000737,10
fragility,0.40,confidence_threshold_shared_control,human_burden,0.882561,0.001288,10
fragility,0.40,confidence_threshold_shared_control,late_handoff,0.430328,0.000854,10
fragility,0.40,confidence_threshold_shared_control,handoff_churn,0.507777,0.000841,10
fragility,0.40,confidence_threshold_shared_control,recovery_success,0.330467,0.000455,10
fragility,0.40,confidence_threshold_shared_control,intervention_cost,0.380681,0.000434,10
fragility,0.40,confidence_threshold_shared_control,boundary_calibration_error,0.341816,0.000518,10
fragility,0.40,confidence_threshold_shared_control,override_precision,0.345779,0.000944,10
fragility,0.40,confidence_threshold_shared_control,unsafe_autonomy,0.063801,0.000102,10
fragility,0.40,confidence_threshold_shared_control,robust_utility,-0.552028,0.030953,10
fragility,0.40,mpc_risk_arbitration,task_success,0.432500,0.026275,10
fragility,0.40,mpc_risk_arbitration,safety_violation,0.206667,0.021614,10
fragility,0.40,mpc_risk_arbitration,authority_regret,0.263648,0.000932,10
fragility,0.40,mpc_risk_arbitration,human_burden,0.373359,0.001188,10
fragility,0.40,mpc_risk_arbitration,late_handoff,0.313336,0.000816,10
fragility,0.40,mpc_risk_arbitration,handoff_churn,0.388423,0.001115,10
fragility,0.40,mpc_risk_arbitration,recovery_success,0.709878,0.000923,10
fragility,0.40,mpc_risk_arbitration,intervention_cost,0.294742,0.000517,10
fragility,0.40,mpc_risk_arbitration,boundary_calibration_error,0.251673,0.000780,10
fragility,0.40,mpc_risk_arbitration,override_precision,0.564792,0.001221,10
fragility,0.40,mpc_risk_arbitration,unsafe_autonomy,0.128835,0.000488,10
fragility,0.40,mpc_risk_arbitration,robust_utility,0.079420,0.029799,10
fragility,0.40,pomdp_handoff_policy,task_success,0.346667,0.037971,10
fragility,0.40,pomdp_handoff_policy,safety_violation,0.216667,0.027004,10
fragility,0.40,pomdp_handoff_policy,authority_regret,0.301998,0.000668,10
fragility,0.40,pomdp_handoff_policy,human_burden,0.556057,0.000658,10
fragility,0.40,pomdp_handoff_policy,late_handoff,0.338954,0.001009,10
fragility,0.40,pomdp_handoff_policy,handoff_churn,0.427883,0.000768,10
fragility,0.40,pomdp_handoff_policy,recovery_success,0.637912,0.000721,10
fragility,0.40,pomdp_handoff_policy,intervention_cost,0.354891,0.000397,10
fragility,0.40,pomdp_handoff_policy,boundary_calibration_error,0.261790,0.000528,10
fragility,0.40,pomdp_handoff_policy,override_precision,0.523983,0.000804,10
fragility,0.40,pomdp_handoff_policy,unsafe_autonomy,0.101377,0.000253,10
fragility,0.40,pomdp_handoff_policy,robust_utility,-0.086654,0.031181,10
fragility,0.40,recovery_aware_mpc,task_success,0.401667,0.026761,10
fragility,0.40,recovery_aware_mpc,safety_violation,0.195833,0.029646,10
fragility,0.40,recovery_aware_mpc,authority_regret,0.278720,0.000663,10
fragility,0.40,recovery_aware_mpc,human_burden,0.419707,0.001267,10
fragility,0.40,recovery_aware_mpc,late_handoff,0.310006,0.001115,10
fragility,0.40,recovery_aware_mpc,handoff_churn,0.398377,0.001017,10
fragility,0.40,recovery_aware_mpc,recovery_success,0.757457,0.001048,10
fragility,0.40,recovery_aware_mpc,intervention_cost,0.342798,0.000637,10
fragility,0.40,recovery_aware_mpc,boundary_calibration_error,0.262159,0.000554,10
fragility,0.40,recovery_aware_mpc,override_precision,0.554005,0.001011,10
fragility,0.40,recovery_aware_mpc,unsafe_autonomy,0.125728,0.000456,10
fragility,0.40,recovery_aware_mpc,robust_utility,0.038751,0.027035,10
fragility,0.60,authority_boundary_v5,task_success,0.350000,0.035368,10
fragility,0.60,authority_boundary_v5,safety_violation,0.245833,0.017087,10
fragility,0.60,authority_boundary_v5,authority_regret,0.336799,0.000650,10
fragility,0.60,authority_boundary_v5,human_burden,0.708817,0.000722,10
fragility,0.60,authority_boundary_v5,late_handoff,0.341031,0.000943,10
fragility,0.60,authority_boundary_v5,handoff_churn,0.458365,0.000980,10
fragility,0.60,authority_boundary_v5,recovery_success,0.601148,0.000930,10
fragility,0.60,authority_boundary_v5,intervention_cost,0.380144,0.000729,10
fragility,0.60,authority_boundary_v5,boundary_calibration_error,0.282166,0.000470,10
fragility,0.60,authority_boundary_v5,override_precision,0.504711,0.000736,10
fragility,0.60,authority_boundary_v5,unsafe_autonomy,0.071581,0.000217,10
fragility,0.60,authority_boundary_v5,robust_utility,-0.156224,0.035828,10
fragility,0.60,bayesian_authority_allocation,task_success,0.283333,0.026672,10
fragility,0.60,bayesian_authority_allocation,safety_violation,0.265000,0.013292,10
fragility,0.60,bayesian_authority_allocation,authority_regret,0.357261,0.001051,10
fragility,0.60,bayesian_authority_allocation,human_burden,0.732551,0.000853,10
fragility,0.60,bayesian_authority_allocation,late_handoff,0.376658,0.000694,10
fragility,0.60,bayesian_authority_allocation,handoff_churn,0.447136,0.001016,10
fragility,0.60,bayesian_authority_allocation,recovery_success,0.522182,0.001012,10
fragility,0.60,bayesian_authority_allocation,intervention_cost,0.373200,0.000359,10
fragility,0.60,bayesian_authority_allocation,boundary_calibration_error,0.282089,0.000478,10
fragility,0.60,bayesian_authority_allocation,override_precision,0.464546,0.000778,10
fragility,0.60,bayesian_authority_allocation,unsafe_autonomy,0.072169,0.000260,10
fragility,0.60,bayesian_authority_allocation,robust_utility,-0.255561,0.029127,10
fragility,0.60,cbf_safety_filter,task_success,0.403333,0.018253,10
fragility,0.60,cbf_safety_filter,safety_violation,0.190000,0.017524,10
fragility,0.60,cbf_safety_filter,authority_regret,0.287291,0.000477,10
fragility,0.60,cbf_safety_filter,human_burden,0.328183,0.001233,10
fragility,0.60,cbf_safety_filter,late_handoff,0.328746,0.000756,10
fragility,0.60,cbf_safety_filter,handoff_churn,0.378038,0.000887,10
fragility,0.60,cbf_safety_filter,recovery_success,0.638682,0.000835,10
fragility,0.60,cbf_safety_filter,intervention_cost,0.227206,0.000444,10
fragility,0.60,cbf_safety_filter,boundary_calibration_error,0.272064,0.000830,10
fragility,0.60,cbf_safety_filter,override_precision,0.534109,0.000824,10
fragility,0.60,cbf_safety_filter,unsafe_autonomy,0.117923,0.000492,10
fragility,0.60,cbf_safety_filter,robust_utility,0.065357,0.018668,10
fragility,0.60,confidence_threshold_shared_control,task_success,0.117500,0.021566,10
fragility,0.60,confidence_threshold_shared_control,safety_violation,0.325833,0.015864,10
fragility,0.60,confidence_threshold_shared_control,authority_regret,0.465276,0.000767,10
fragility,0.60,confidence_threshold_shared_control,human_burden,0.882588,0.001220,10
fragility,0.60,confidence_threshold_shared_control,late_handoff,0.430905,0.000856,10
fragility,0.60,confidence_threshold_shared_control,handoff_churn,0.508012,0.001268,10
fragility,0.60,confidence_threshold_shared_control,recovery_success,0.328496,0.000623,10
fragility,0.60,confidence_threshold_shared_control,intervention_cost,0.380339,0.000500,10
fragility,0.60,confidence_threshold_shared_control,boundary_calibration_error,0.341782,0.000670,10
fragility,0.60,confidence_threshold_shared_control,override_precision,0.344414,0.000880,10
fragility,0.60,confidence_threshold_shared_control,unsafe_autonomy,0.065537,0.000152,10
fragility,0.60,confidence_threshold_shared_control,robust_utility,-0.554317,0.025435,10
fragility,0.60,mpc_risk_arbitration,task_success,0.426667,0.035014,10
fragility,0.60,mpc_risk_arbitration,safety_violation,0.215000,0.013513,10
fragility,0.60,mpc_risk_arbitration,authority_regret,0.266689,0.000715,10
fragility,0.60,mpc_risk_arbitration,human_burden,0.372436,0.001831,10
fragility,0.60,mpc_risk_arbitration,late_handoff,0.313512,0.000964,10
fragility,0.60,mpc_risk_arbitration,handoff_churn,0.388088,0.000870,10
fragility,0.60,mpc_risk_arbitration,recovery_success,0.706925,0.000876,10
fragility,0.60,mpc_risk_arbitration,intervention_cost,0.294564,0.000795,10
fragility,0.60,mpc_risk_arbitration,boundary_calibration_error,0.251884,0.000596,10
fragility,0.60,mpc_risk_arbitration,override_precision,0.564495,0.000754,10
fragility,0.60,mpc_risk_arbitration,unsafe_autonomy,0.132586,0.000602,10
fragility,0.60,mpc_risk_arbitration,robust_utility,0.067675,0.040759,10
fragility,0.60,pomdp_handoff_policy,task_success,0.344167,0.028191,10
fragility,0.60,pomdp_handoff_policy,safety_violation,0.237500,0.019364,10
fragility,0.60,pomdp_handoff_policy,authority_regret,0.304875,0.000461,10
fragility,0.60,pomdp_handoff_policy,human_burden,0.556984,0.000752,10
fragility,0.60,pomdp_handoff_policy,late_handoff,0.339088,0.001044,10
fragility,0.60,pomdp_handoff_policy,handoff_churn,0.428004,0.001011,10
fragility,0.60,pomdp_handoff_policy,recovery_success,0.635061,0.001047,10
fragility,0.60,pomdp_handoff_policy,intervention_cost,0.355177,0.000527,10
fragility,0.60,pomdp_handoff_policy,boundary_calibration_error,0.262171,0.000559,10
fragility,0.60,pomdp_handoff_policy,override_precision,0.524058,0.001141,10
fragility,0.60,pomdp_handoff_policy,unsafe_autonomy,0.103919,0.000349,10
fragility,0.60,pomdp_handoff_policy,robust_utility,-0.103305,0.028785,10
fragility,0.60,recovery_aware_mpc,task_success,0.418333,0.023832,10
fragility,0.60,recovery_aware_mpc,safety_violation,0.228333,0.025210,10
fragility,0.60,recovery_aware_mpc,authority_regret,0.280374,0.000393,10
fragility,0.60,recovery_aware_mpc,human_burden,0.420065,0.000903,10
fragility,0.60,recovery_aware_mpc,late_handoff,0.309474,0.001067,10
fragility,0.60,recovery_aware_mpc,handoff_churn,0.397985,0.000953,10
fragility,0.60,recovery_aware_mpc,recovery_success,0.755935,0.000789,10
fragility,0.60,recovery_aware_mpc,intervention_cost,0.342379,0.000662,10
fragility,0.60,recovery_aware_mpc,boundary_calibration_error,0.262235,0.000752,10
fragility,0.60,recovery_aware_mpc,override_precision,0.554190,0.001131,10
fragility,0.60,recovery_aware_mpc,unsafe_autonomy,0.129047,0.000498,10
fragility,0.60,recovery_aware_mpc,robust_utility,0.034821,0.026148,10
fragility,0.80,authority_boundary_v5,task_success,0.304167,0.025215,10
fragility,0.80,authority_boundary_v5,safety_violation,0.255000,0.028830,10
fragility,0.80,authority_boundary_v5,authority_regret,0.340011,0.000382,10
fragility,0.80,authority_boundary_v5,human_burden,0.708547,0.001267,10
fragility,0.80,authority_boundary_v5,late_handoff,0.340975,0.001104,10
fragility,0.80,authority_boundary_v5,handoff_churn,0.458951,0.001043,10
fragility,0.80,authority_boundary_v5,recovery_success,0.600467,0.000799,10
fragility,0.80,authority_boundary_v5,intervention_cost,0.380599,0.000668,10
fragility,0.80,authority_boundary_v5,boundary_calibration_error,0.281739,0.000533,10
fragility,0.80,authority_boundary_v5,override_precision,0.504354,0.001243,10
fragility,0.80,authority_boundary_v5,unsafe_autonomy,0.074210,0.000352,10
fragility,0.80,authority_boundary_v5,robust_utility,-0.208640,0.028944,10
fragility,0.80,bayesian_authority_allocation,task_success,0.262500,0.034283,10
fragility,0.80,bayesian_authority_allocation,safety_violation,0.254167,0.020115,10
fragility,0.80,bayesian_authority_allocation,authority_regret,0.360830,0.000741,10
fragility,0.80,bayesian_authority_allocation,human_burden,0.734346,0.000716,10
fragility,0.80,bayesian_authority_allocation,late_handoff,0.377034,0.000814,10
fragility,0.80,bayesian_authority_allocation,handoff_churn,0.447893,0.001246,10
fragility,0.80,bayesian_authority_allocation,recovery_success,0.519328,0.000739,10
fragility,0.80,bayesian_authority_allocation,intervention_cost,0.373689,0.000613,10
fragility,0.80,bayesian_authority_allocation,boundary_calibration_error,0.282878,0.000941,10
fragility,0.80,bayesian_authority_allocation,override_precision,0.464115,0.001260,10
fragility,0.80,bayesian_authority_allocation,unsafe_autonomy,0.073993,0.000237,10
fragility,0.80,bayesian_authority_allocation,robust_utility,-0.271429,0.043726,10
fragility,0.80,cbf_safety_filter,task_success,0.374167,0.040920,10
fragility,0.80,cbf_safety_filter,safety_violation,0.168333,0.022156,10
fragility,0.80,cbf_safety_filter,authority_regret,0.290208,0.000817,10
fragility,0.80,cbf_safety_filter,human_burden,0.328562,0.001142,10
fragility,0.80,cbf_safety_filter,late_handoff,0.329405,0.000953,10
fragility,0.80,cbf_safety_filter,handoff_churn,0.378148,0.001291,10
fragility,0.80,cbf_safety_filter,recovery_success,0.636945,0.000976,10
fragility,0.80,cbf_safety_filter,intervention_cost,0.227313,0.000514,10
fragility,0.80,cbf_safety_filter,boundary_calibration_error,0.271745,0.000680,10
fragility,0.80,cbf_safety_filter,override_precision,0.533707,0.000655,10
fragility,0.80,cbf_safety_filter,unsafe_autonomy,0.121785,0.000475,10
fragility,0.80,cbf_safety_filter,robust_utility,0.048535,0.047888,10
fragility,0.80,confidence_threshold_shared_control,task_success,0.100000,0.017044,10
fragility,0.80,confidence_threshold_shared_control,safety_violation,0.341667,0.024348,10
fragility,0.80,confidence_threshold_shared_control,authority_regret,0.469043,0.000740,10
fragility,0.80,confidence_threshold_shared_control,human_burden,0.883775,0.001130,10
fragility,0.80,confidence_threshold_shared_control,late_handoff,0.431086,0.000885,10
fragility,0.80,confidence_threshold_shared_control,handoff_churn,0.508230,0.001306,10
fragility,0.80,confidence_threshold_shared_control,recovery_success,0.325704,0.000909,10
fragility,0.80,confidence_threshold_shared_control,intervention_cost,0.381297,0.000762,10
fragility,0.80,confidence_threshold_shared_control,boundary_calibration_error,0.341962,0.000532,10
fragility,0.80,confidence_threshold_shared_control,override_precision,0.344093,0.001101,10
fragility,0.80,confidence_threshold_shared_control,unsafe_autonomy,0.068073,0.000108,10
fragility,0.80,confidence_threshold_shared_control,robust_utility,-0.583235,0.022200,10
fragility,0.80,mpc_risk_arbitration,task_success,0.425000,0.032210,10
fragility,0.80,mpc_risk_arbitration,safety_violation,0.232500,0.014291,10
fragility,0.80,mpc_risk_arbitration,authority_regret,0.269407,0.000661,10
fragility,0.80,mpc_risk_arbitration,human_burden,0.373815,0.000982,10
fragility,0.80,mpc_risk_arbitration,late_handoff,0.314569,0.001163,10
fragility,0.80,mpc_risk_arbitration,handoff_churn,0.388212,0.001056,10
fragility,0.80,mpc_risk_arbitration,recovery_success,0.705460,0.001292,10
fragility,0.80,mpc_risk_arbitration,intervention_cost,0.295614,0.000353,10
fragility,0.80,mpc_risk_arbitration,boundary_calibration_error,0.252153,0.000637,10
fragility,0.80,mpc_risk_arbitration,override_precision,0.564405,0.001085,10
fragility,0.80,mpc_risk_arbitration,unsafe_autonomy,0.136775,0.000544,10
fragility,0.80,mpc_risk_arbitration,robust_utility,0.053742,0.030444,10
fragility,0.80,pomdp_handoff_policy,task_success,0.362500,0.028211,10
fragility,0.80,pomdp_handoff_policy,safety_violation,0.250833,0.018615,10
fragility,0.80,pomdp_handoff_policy,authority_regret,0.307721,0.000610,10
fragility,0.80,pomdp_handoff_policy,human_burden,0.557149,0.000864,10
fragility,0.80,pomdp_handoff_policy,late_handoff,0.339070,0.000919,10
fragility,0.80,pomdp_handoff_policy,handoff_churn,0.427700,0.000798,10
fragility,0.80,pomdp_handoff_policy,recovery_success,0.634647,0.001138,10
fragility,0.80,pomdp_handoff_policy,intervention_cost,0.355424,0.000733,10
fragility,0.80,pomdp_handoff_policy,boundary_calibration_error,0.262366,0.000819,10
fragility,0.80,pomdp_handoff_policy,override_precision,0.524267,0.000670,10
fragility,0.80,pomdp_handoff_policy,unsafe_autonomy,0.107463,0.000175,10
fragility,0.80,pomdp_handoff_policy,robust_utility,-0.094009,0.030606,10
fragility,0.80,recovery_aware_mpc,task_success,0.423333,0.029900,10
fragility,0.80,recovery_aware_mpc,safety_violation,0.240833,0.028127,10
fragility,0.80,recovery_aware_mpc,authority_regret,0.283788,0.000686,10
fragility,0.80,recovery_aware_mpc,human_burden,0.420862,0.001388,10
fragility,0.80,recovery_aware_mpc,late_handoff,0.310517,0.000821,10
fragility,0.80,recovery_aware_mpc,handoff_churn,0.397707,0.000946,10
fragility,0.80,recovery_aware_mpc,recovery_success,0.753213,0.001003,10
fragility,0.80,recovery_aware_mpc,intervention_cost,0.342023,0.000524,10
fragility,0.80,recovery_aware_mpc,boundary_calibration_error,0.262210,0.000637,10
fragility,0.80,recovery_aware_mpc,override_precision,0.553745,0.000927,10
fragility,0.80,recovery_aware_mpc,unsafe_autonomy,0.133450,0.000373,10
fragility,0.80,recovery_aware_mpc,robust_utility,0.030710,0.038833,10
fragility,1.00,authority_boundary_v5,task_success,0.292500,0.020437,10
fragility,1.00,authority_boundary_v5,safety_violation,0.275833,0.025356,10
fragility,1.00,authority_boundary_v5,authority_regret,0.341954,0.000844,10
fragility,1.00,authority_boundary_v5,human_burden,0.709103,0.001167,10
fragility,1.00,authority_boundary_v5,late_handoff,0.340884,0.001304,10
fragility,1.00,authority_boundary_v5,handoff_churn,0.457463,0.001546,10
fragility,1.00,authority_boundary_v5,recovery_success,0.598166,0.000959,10
fragility,1.00,authority_boundary_v5,intervention_cost,0.380774,0.000971,10
fragility,1.00,authority_boundary_v5,boundary_calibration_error,0.282315,0.000904,10
fragility,1.00,authority_boundary_v5,override_precision,0.503862,0.001207,10
fragility,1.00,authority_boundary_v5,unsafe_autonomy,0.075910,0.000230,10
fragility,1.00,authority_boundary_v5,robust_utility,-0.233851,0.022744,10
fragility,1.00,bayesian_authority_allocation,task_success,0.233333,0.015780,10
fragility,1.00,bayesian_authority_allocation,safety_violation,0.290000,0.021198,10
fragility,1.00,bayesian_authority_allocation,authority_regret,0.363523,0.000829,10
fragility,1.00,bayesian_authority_allocation,human_burden,0.732391,0.000704,10
fragility,1.00,bayesian_authority_allocation,late_handoff,0.376646,0.001174,10
fragility,1.00,bayesian_authority_allocation,handoff_churn,0.448499,0.001454,10
fragility,1.00,bayesian_authority_allocation,recovery_success,0.517812,0.000726,10
fragility,1.00,bayesian_authority_allocation,intervention_cost,0.373209,0.000660,10
fragility,1.00,bayesian_authority_allocation,boundary_calibration_error,0.282190,0.000584,10
fragility,1.00,bayesian_authority_allocation,override_precision,0.463740,0.001131,10
fragility,1.00,bayesian_authority_allocation,unsafe_autonomy,0.076633,0.000156,10
fragility,1.00,bayesian_authority_allocation,robust_utility,-0.323101,0.018369,10
fragility,1.00,cbf_safety_filter,task_success,0.392500,0.023411,10
fragility,1.00,cbf_safety_filter,safety_violation,0.188333,0.016728,10
fragility,1.00,cbf_safety_filter,authority_regret,0.291854,0.000713,10
fragility,1.00,cbf_safety_filter,human_burden,0.328488,0.001374,10
fragility,1.00,cbf_safety_filter,late_handoff,0.329388,0.000889,10
fragility,1.00,cbf_safety_filter,handoff_churn,0.377872,0.001506,10
fragility,1.00,cbf_safety_filter,recovery_success,0.635970,0.000893,10
fragility,1.00,cbf_safety_filter,intervention_cost,0.227099,0.000604,10
fragility,1.00,cbf_safety_filter,boundary_calibration_error,0.271913,0.000909,10
fragility,1.00,cbf_safety_filter,override_precision,0.533685,0.001145,10
fragility,1.00,cbf_safety_filter,unsafe_autonomy,0.124838,0.000246,10
fragility,1.00,cbf_safety_filter,robust_utility,0.054053,0.022276,10
fragility,1.00,confidence_threshold_shared_control,task_success,0.094167,0.014619,10
fragility,1.00,confidence_threshold_shared_control,safety_violation,0.359166,0.025356,10
fragility,1.00,confidence_threshold_shared_control,authority_regret,0.472016,0.000783,10
fragility,1.00,confidence_threshold_shared_control,human_burden,0.883294,0.000925,10
fragility,1.00,confidence_threshold_shared_control,late_handoff,0.430425,0.001236,10
fragility,1.00,confidence_threshold_shared_control,handoff_churn,0.508137,0.001756,10
fragility,1.00,confidence_threshold_shared_control,recovery_success,0.324411,0.001170,10
fragility,1.00,confidence_threshold_shared_control,intervention_cost,0.381152,0.000700,10
fragility,1.00,confidence_threshold_shared_control,boundary_calibration_error,0.342479,0.000944,10
fragility,1.00,confidence_threshold_shared_control,override_precision,0.344265,0.001177,10
fragility,1.00,confidence_threshold_shared_control,unsafe_autonomy,0.069796,0.000096,10
fragility,1.00,confidence_threshold_shared_control,robust_utility,-0.600518,0.018049,10
fragility,1.00,mpc_risk_arbitration,task_success,0.414167,0.035789,10
fragility,1.00,mpc_risk_arbitration,safety_violation,0.216667,0.033473,10
fragility,1.00,mpc_risk_arbitration,authority_regret,0.272022,0.000566,10
fragility,1.00,mpc_risk_arbitration,human_burden,0.373747,0.000779,10
fragility,1.00,mpc_risk_arbitration,late_handoff,0.314594,0.001048,10
fragility,1.00,mpc_risk_arbitration,handoff_churn,0.388283,0.001379,10
fragility,1.00,mpc_risk_arbitration,recovery_success,0.704422,0.000875,10
fragility,1.00,mpc_risk_arbitration,intervention_cost,0.294220,0.000757,10
fragility,1.00,mpc_risk_arbitration,boundary_calibration_error,0.251959,0.000502,10
fragility,1.00,mpc_risk_arbitration,override_precision,0.563945,0.000869,10
fragility,1.00,mpc_risk_arbitration,unsafe_autonomy,0.139936,0.000519,10
fragility,1.00,mpc_risk_arbitration,robust_utility,0.052131,0.043406,10
fragility,1.00,pomdp_handoff_policy,task_success,0.340000,0.017859,10
fragility,1.00,pomdp_handoff_policy,safety_violation,0.238333,0.025676,10
fragility,1.00,pomdp_handoff_policy,authority_regret,0.309293,0.000752,10
fragility,1.00,pomdp_handoff_policy,human_burden,0.556775,0.001821,10
fragility,1.00,pomdp_handoff_policy,late_handoff,0.339521,0.001334,10
fragility,1.00,pomdp_handoff_policy,handoff_churn,0.427232,0.001686,10
fragility,1.00,pomdp_handoff_policy,recovery_success,0.633111,0.000677,10
fragility,1.00,pomdp_handoff_policy,intervention_cost,0.355144,0.000594,10
fragility,1.00,pomdp_handoff_policy,boundary_calibration_error,0.262168,0.000771,10
fragility,1.00,pomdp_handoff_policy,override_precision,0.524381,0.000873,10
fragility,1.00,pomdp_handoff_policy,unsafe_autonomy,0.110000,0.000446,10
fragility,1.00,pomdp_handoff_policy,robust_utility,-0.109173,0.022722,10
fragility,1.00,recovery_aware_mpc,task_success,0.423333,0.037230,10
fragility,1.00,recovery_aware_mpc,safety_violation,0.225000,0.025537,10
fragility,1.00,recovery_aware_mpc,authority_regret,0.285782,0.000813,10
fragility,1.00,recovery_aware_mpc,human_burden,0.420986,0.001343,10
fragility,1.00,recovery_aware_mpc,late_handoff,0.309894,0.001203,10
fragility,1.00,recovery_aware_mpc,handoff_churn,0.397634,0.001385,10
fragility,1.00,recovery_aware_mpc,recovery_success,0.752585,0.000614,10
fragility,1.00,recovery_aware_mpc,intervention_cost,0.342769,0.000529,10
fragility,1.00,recovery_aware_mpc,boundary_calibration_error,0.262444,0.000625,10
fragility,1.00,recovery_aware_mpc,override_precision,0.553563,0.001246,10
fragility,1.00,recovery_aware_mpc,unsafe_autonomy,0.136443,0.000564,10
fragility,1.00,recovery_aware_mpc,robust_utility,0.039982,0.044971,10
human_delay,0.00,authority_boundary_v5,task_success,0.370000,0.022342,10
human_delay,0.00,authority_boundary_v5,safety_violation,0.231667,0.012605,10
human_delay,0.00,authority_boundary_v5,authority_regret,0.315321,0.000463,10
human_delay,0.00,authority_boundary_v5,human_burden,0.666137,0.000900,10
human_delay,0.00,authority_boundary_v5,late_handoff,0.269204,0.001319,10
human_delay,0.00,authority_boundary_v5,handoff_churn,0.458290,0.001089,10
human_delay,0.00,authority_boundary_v5,recovery_success,0.622699,0.001136,10
human_delay,0.00,authority_boundary_v5,intervention_cost,0.354806,0.000741,10
human_delay,0.00,authority_boundary_v5,boundary_calibration_error,0.282685,0.000824,10
human_delay,0.00,authority_boundary_v5,override_precision,0.503962,0.000685,10
human_delay,0.00,authority_boundary_v5,unsafe_autonomy,0.079209,0.000288,10
human_delay,0.00,authority_boundary_v5,robust_utility,-0.096069,0.022274,10
human_delay,0.00,bayesian_authority_allocation,task_success,0.310833,0.032306,10
human_delay,0.00,bayesian_authority_allocation,safety_violation,0.254167,0.012941,10
human_delay,0.00,bayesian_authority_allocation,authority_regret,0.336240,0.000790,10
human_delay,0.00,bayesian_authority_allocation,human_burden,0.690108,0.001489,10
human_delay,0.00,bayesian_authority_allocation,late_handoff,0.304471,0.001005,10
human_delay,0.00,bayesian_authority_allocation,handoff_churn,0.447956,0.001004,10
human_delay,0.00,bayesian_authority_allocation,recovery_success,0.542310,0.000389,10
human_delay,0.00,bayesian_authority_allocation,intervention_cost,0.347611,0.000655,10
human_delay,0.00,bayesian_authority_allocation,boundary_calibration_error,0.282264,0.000578,10
human_delay,0.00,bayesian_authority_allocation,override_precision,0.463854,0.000714,10
human_delay,0.00,bayesian_authority_allocation,unsafe_autonomy,0.080391,0.000436,10
human_delay,0.00,bayesian_authority_allocation,robust_utility,-0.190282,0.034446,10
human_delay,0.00,cbf_safety_filter,task_success,0.430833,0.031470,10
human_delay,0.00,cbf_safety_filter,safety_violation,0.178333,0.015817,10
human_delay,0.00,cbf_safety_filter,authority_regret,0.267558,0.000858,10
human_delay,0.00,cbf_safety_filter,human_burden,0.284857,0.001002,10
human_delay,0.00,cbf_safety_filter,late_handoff,0.258204,0.000776,10
human_delay,0.00,cbf_safety_filter,handoff_churn,0.377832,0.001100,10
human_delay,0.00,cbf_safety_filter,recovery_success,0.659692,0.000986,10
human_delay,0.00,cbf_safety_filter,intervention_cost,0.201354,0.000537,10
human_delay,0.00,cbf_safety_filter,boundary_calibration_error,0.272240,0.000490,10
human_delay,0.00,cbf_safety_filter,override_precision,0.533529,0.000613,10
human_delay,0.00,cbf_safety_filter,unsafe_autonomy,0.121695,0.000507,10
human_delay,0.00,cbf_safety_filter,robust_utility,0.130999,0.033011,10
human_delay,0.00,confidence_threshold_shared_control,task_success,0.175833,0.025121,10
human_delay,0.00,confidence_threshold_shared_control,safety_violation,0.310000,0.018829,10
human_delay,0.00,confidence_threshold_shared_control,authority_regret,0.444314,0.000690,10
human_delay,0.00,confidence_threshold_shared_control,human_burden,0.840168,0.000873,10
human_delay,0.00,confidence_threshold_shared_control,late_handoff,0.358737,0.000916,10
human_delay,0.00,confidence_threshold_shared_control,handoff_churn,0.508779,0.001207,10
human_delay,0.00,confidence_threshold_shared_control,recovery_success,0.349571,0.000770,10
human_delay,0.00,confidence_threshold_shared_control,intervention_cost,0.354452,0.000359,10
human_delay,0.00,confidence_threshold_shared_control,boundary_calibration_error,0.342223,0.000743,10
human_delay,0.00,confidence_threshold_shared_control,override_precision,0.343751,0.000717,10
human_delay,0.00,confidence_threshold_shared_control,unsafe_autonomy,0.064045,0.000174,10
human_delay,0.00,confidence_threshold_shared_control,robust_utility,-0.455016,0.030886,10
human_delay,0.00,mpc_risk_arbitration,task_success,0.458333,0.031371,10
human_delay,0.00,mpc_risk_arbitration,safety_violation,0.210000,0.019448,10
human_delay,0.00,mpc_risk_arbitration,authority_regret,0.246167,0.000418,10
human_delay,0.00,mpc_risk_arbitration,human_burden,0.331852,0.001147,10
human_delay,0.00,mpc_risk_arbitration,late_handoff,0.242214,0.001087,10
human_delay,0.00,mpc_risk_arbitration,handoff_churn,0.388070,0.000851,10
human_delay,0.00,mpc_risk_arbitration,recovery_success,0.727609,0.000988,10
human_delay,0.00,mpc_risk_arbitration,intervention_cost,0.269207,0.000595,10
human_delay,0.00,mpc_risk_arbitration,boundary_calibration_error,0.252348,0.000465,10
human_delay,0.00,mpc_risk_arbitration,override_precision,0.563492,0.000479,10
human_delay,0.00,mpc_risk_arbitration,unsafe_autonomy,0.136582,0.000680,10
human_delay,0.00,mpc_risk_arbitration,robust_utility,0.132913,0.030849,10
human_delay,0.00,pomdp_handoff_policy,task_success,0.415834,0.024884,10
human_delay,0.00,pomdp_handoff_policy,safety_violation,0.238333,0.029238,10
human_delay,0.00,pomdp_handoff_policy,authority_regret,0.283309,0.000891,10
human_delay,0.00,pomdp_handoff_policy,human_burden,0.514570,0.001463,10
human_delay,0.00,pomdp_handoff_policy,late_handoff,0.266951,0.000899,10
human_delay,0.00,pomdp_handoff_policy,handoff_churn,0.428277,0.001337,10
human_delay,0.00,pomdp_handoff_policy,recovery_success,0.655601,0.000699,10
human_delay,0.00,pomdp_handoff_policy,intervention_cost,0.329562,0.000604,10
human_delay,0.00,pomdp_handoff_policy,boundary_calibration_error,0.262276,0.000490,10
human_delay,0.00,pomdp_handoff_policy,override_precision,0.524257,0.001132,10
human_delay,0.00,pomdp_handoff_policy,unsafe_autonomy,0.109933,0.000459,10
human_delay,0.00,pomdp_handoff_policy,robust_utility,-0.000871,0.034292,10
human_delay,0.00,recovery_aware_mpc,task_success,0.470833,0.025098,10
human_delay,0.00,recovery_aware_mpc,safety_violation,0.195000,0.023124,10
human_delay,0.00,recovery_aware_mpc,authority_regret,0.260536,0.000659,10
human_delay,0.00,recovery_aware_mpc,human_burden,0.377820,0.001069,10
human_delay,0.00,recovery_aware_mpc,late_handoff,0.238267,0.000876,10
human_delay,0.00,recovery_aware_mpc,handoff_churn,0.397742,0.001165,10
human_delay,0.00,recovery_aware_mpc,recovery_success,0.776273,0.000956,10
human_delay,0.00,recovery_aware_mpc,intervention_cost,0.317071,0.000767,10
human_delay,0.00,recovery_aware_mpc,boundary_calibration_error,0.262575,0.000856,10
human_delay,0.00,recovery_aware_mpc,override_precision,0.553380,0.001129,10
human_delay,0.00,recovery_aware_mpc,unsafe_autonomy,0.133875,0.000497,10
human_delay,0.00,recovery_aware_mpc,robust_utility,0.138666,0.025479,10
human_delay,0.20,authority_boundary_v5,task_success,0.308333,0.026111,10
human_delay,0.20,authority_boundary_v5,safety_violation,0.233333,0.020516,10
human_delay,0.20,authority_boundary_v5,authority_regret,0.324667,0.000690,10
human_delay,0.20,authority_boundary_v5,human_burden,0.688341,0.000897,10
human_delay,0.20,authority_boundary_v5,late_handoff,0.306483,0.001363,10
human_delay,0.20,authority_boundary_v5,handoff_churn,0.458173,0.000785,10
human_delay,0.20,authority_boundary_v5,recovery_success,0.612661,0.000735,10
human_delay,0.20,authority_boundary_v5,intervention_cost,0.368288,0.000606,10
human_delay,0.20,authority_boundary_v5,boundary_calibration_error,0.282317,0.000638,10
human_delay,0.20,authority_boundary_v5,override_precision,0.504328,0.001495,10
human_delay,0.20,authority_boundary_v5,unsafe_autonomy,0.073895,0.000306,10
human_delay,0.20,authority_boundary_v5,robust_utility,-0.174536,0.033056,10
human_delay,0.20,bayesian_authority_allocation,task_success,0.302500,0.025542,10
human_delay,0.20,bayesian_authority_allocation,safety_violation,0.275000,0.017217,10
human_delay,0.20,bayesian_authority_allocation,authority_regret,0.345548,0.000769,10
human_delay,0.20,bayesian_authority_allocation,human_burden,0.711174,0.001515,10
human_delay,0.20,bayesian_authority_allocation,late_handoff,0.342658,0.000929,10
human_delay,0.20,bayesian_authority_allocation,handoff_churn,0.447982,0.001606,10
human_delay,0.20,bayesian_authority_allocation,recovery_success,0.533231,0.000662,10
human_delay,0.20,bayesian_authority_allocation,intervention_cost,0.360617,0.000508,10
human_delay,0.20,bayesian_authority_allocation,boundary_calibration_error,0.282546,0.001165,10
human_delay,0.20,bayesian_authority_allocation,override_precision,0.463944,0.000720,10
human_delay,0.20,bayesian_authority_allocation,unsafe_autonomy,0.074961,0.000395,10
human_delay,0.20,bayesian_authority_allocation,robust_utility,-0.227055,0.032541,10
human_delay,0.20,cbf_safety_filter,task_success,0.407500,0.019395,10
human_delay,0.20,cbf_safety_filter,safety_violation,0.160833,0.021093,10
human_delay,0.20,cbf_safety_filter,authority_regret,0.275786,0.000569,10
human_delay,0.20,cbf_safety_filter,human_burden,0.307748,0.001284,10
human_delay,0.20,cbf_safety_filter,late_handoff,0.295307,0.000904,10
human_delay,0.20,cbf_safety_filter,handoff_churn,0.377822,0.001579,10
human_delay,0.20,cbf_safety_filter,recovery_success,0.650837,0.001158,10
human_delay,0.20,cbf_safety_filter,intervention_cost,0.215160,0.000404,10
human_delay,0.20,cbf_safety_filter,boundary_calibration_error,0.272647,0.000827,10
human_delay,0.20,cbf_safety_filter,override_precision,0.533425,0.000761,10
human_delay,0.20,cbf_safety_filter,unsafe_autonomy,0.117929,0.000479,10
human_delay,0.20,cbf_safety_filter,robust_utility,0.102941,0.027156,10
human_delay,0.20,confidence_threshold_shared_control,task_success,0.147500,0.019937,10
human_delay,0.20,confidence_threshold_shared_control,safety_violation,0.340833,0.023284,10
human_delay,0.20,confidence_threshold_shared_control,authority_regret,0.453398,0.000787,10
human_delay,0.20,confidence_threshold_shared_control,human_burden,0.862673,0.001798,10
human_delay,0.20,confidence_threshold_shared_control,late_handoff,0.395739,0.001027,10
human_delay,0.20,confidence_threshold_shared_control,handoff_churn,0.507067,0.001127,10
human_delay,0.20,confidence_threshold_shared_control,recovery_success,0.340366,0.000636,10
human_delay,0.20,confidence_threshold_shared_control,intervention_cost,0.368481,0.000545,10
human_delay,0.20,confidence_threshold_shared_control,boundary_calibration_error,0.342485,0.001038,10
human_delay,0.20,confidence_threshold_shared_control,override_precision,0.343871,0.000999,10
human_delay,0.20,confidence_threshold_shared_control,unsafe_autonomy,0.063390,0.000126,10
human_delay,0.20,confidence_threshold_shared_control,robust_utility,-0.517993,0.026674,10
human_delay,0.20,mpc_risk_arbitration,task_success,0.461667,0.016904,10
human_delay,0.20,mpc_risk_arbitration,safety_violation,0.210833,0.029425,10
human_delay,0.20,mpc_risk_arbitration,authority_regret,0.254696,0.000822,10
human_delay,0.20,mpc_risk_arbitration,human_burden,0.352781,0.001253,10
human_delay,0.20,mpc_risk_arbitration,late_handoff,0.279940,0.000864,10
human_delay,0.20,mpc_risk_arbitration,handoff_churn,0.387851,0.001196,10
human_delay,0.20,mpc_risk_arbitration,recovery_success,0.717758,0.000815,10
human_delay,0.20,mpc_risk_arbitration,intervention_cost,0.282196,0.000917,10
human_delay,0.20,mpc_risk_arbitration,boundary_calibration_error,0.252077,0.000615,10
human_delay,0.20,mpc_risk_arbitration,override_precision,0.564341,0.000630,10
human_delay,0.20,mpc_risk_arbitration,unsafe_autonomy,0.132266,0.000417,10
human_delay,0.20,mpc_risk_arbitration,robust_utility,0.120477,0.018358,10
human_delay,0.20,pomdp_handoff_policy,task_success,0.368333,0.018350,10
human_delay,0.20,pomdp_handoff_policy,safety_violation,0.221666,0.021669,10
human_delay,0.20,pomdp_handoff_policy,authority_regret,0.293250,0.000625,10
human_delay,0.20,pomdp_handoff_policy,human_burden,0.536552,0.001162,10
human_delay,0.20,pomdp_handoff_policy,late_handoff,0.304642,0.001472,10
human_delay,0.20,pomdp_handoff_policy,handoff_churn,0.428937,0.001030,10
human_delay,0.20,pomdp_handoff_policy,recovery_success,0.647082,0.000828,10
human_delay,0.20,pomdp_handoff_policy,intervention_cost,0.343317,0.000865,10
human_delay,0.20,pomdp_handoff_policy,boundary_calibration_error,0.262620,0.000586,10
human_delay,0.20,pomdp_handoff_policy,override_precision,0.523224,0.001424,10
human_delay,0.20,pomdp_handoff_policy,unsafe_autonomy,0.104933,0.000275,10
human_delay,0.20,pomdp_handoff_policy,robust_utility,-0.053965,0.025176,10
human_delay,0.20,recovery_aware_mpc,task_success,0.429167,0.029746,10
human_delay,0.20,recovery_aware_mpc,safety_violation,0.215000,0.029601,10
human_delay,0.20,recovery_aware_mpc,authority_regret,0.269186,0.000682,10
human_delay,0.20,recovery_aware_mpc,human_burden,0.399988,0.001012,10
human_delay,0.20,recovery_aware_mpc,late_handoff,0.275951,0.001086,10
human_delay,0.20,recovery_aware_mpc,handoff_churn,0.398036,0.000996,10
human_delay,0.20,recovery_aware_mpc,recovery_success,0.767309,0.000787,10
human_delay,0.20,recovery_aware_mpc,intervention_cost,0.329747,0.000730,10
human_delay,0.20,recovery_aware_mpc,boundary_calibration_error,0.262751,0.000858,10
human_delay,0.20,recovery_aware_mpc,override_precision,0.554003,0.000838,10
human_delay,0.20,recovery_aware_mpc,unsafe_autonomy,0.128998,0.000363,10
human_delay,0.20,recovery_aware_mpc,robust_utility,0.069067,0.029856,10
human_delay,0.40,authority_boundary_v5,task_success,0.312500,0.024741,10
human_delay,0.40,authority_boundary_v5,safety_violation,0.242500,0.016050,10
human_delay,0.40,authority_boundary_v5,authority_regret,0.334309,0.000641,10
human_delay,0.40,authority_boundary_v5,human_burden,0.711002,0.001442,10
human_delay,0.40,authority_boundary_v5,late_handoff,0.343738,0.001451,10
human_delay,0.40,authority_boundary_v5,handoff_churn,0.457584,0.001238,10
human_delay,0.40,authority_boundary_v5,recovery_success,0.603266,0.001291,10
human_delay,0.40,authority_boundary_v5,intervention_cost,0.381954,0.000659,10
human_delay,0.40,authority_boundary_v5,boundary_calibration_error,0.282230,0.000802,10
human_delay,0.40,authority_boundary_v5,override_precision,0.503609,0.001085,10
human_delay,0.40,authority_boundary_v5,unsafe_autonomy,0.068711,0.000389,10
human_delay,0.40,authority_boundary_v5,robust_utility,-0.191910,0.028517,10
human_delay,0.40,bayesian_authority_allocation,task_success,0.232500,0.014291,10
human_delay,0.40,bayesian_authority_allocation,safety_violation,0.272500,0.024232,10
human_delay,0.40,bayesian_authority_allocation,authority_regret,0.355026,0.000672,10
human_delay,0.40,bayesian_authority_allocation,human_burden,0.734927,0.001237,10
human_delay,0.40,bayesian_authority_allocation,late_handoff,0.379427,0.001099,10
human_delay,0.40,bayesian_authority_allocation,handoff_churn,0.447723,0.001205,10
human_delay,0.40,bayesian_authority_allocation,recovery_success,0.523415,0.000681,10
human_delay,0.40,bayesian_authority_allocation,intervention_cost,0.374540,0.000650,10
human_delay,0.40,bayesian_authority_allocation,boundary_calibration_error,0.282032,0.000956,10
human_delay,0.40,bayesian_authority_allocation,override_precision,0.463677,0.000526,10
human_delay,0.40,bayesian_authority_allocation,unsafe_autonomy,0.068829,0.000287,10
human_delay,0.40,bayesian_authority_allocation,robust_utility,-0.311605,0.023583,10
human_delay,0.40,cbf_safety_filter,task_success,0.404167,0.028938,10
human_delay,0.40,cbf_safety_filter,safety_violation,0.176667,0.019600,10
human_delay,0.40,cbf_safety_filter,authority_regret,0.285333,0.000636,10
human_delay,0.40,cbf_safety_filter,human_burden,0.329590,0.001023,10
human_delay,0.40,cbf_safety_filter,late_handoff,0.332796,0.001065,10
human_delay,0.40,cbf_safety_filter,handoff_churn,0.378589,0.001226,10
human_delay,0.40,cbf_safety_filter,recovery_success,0.640554,0.000883,10
human_delay,0.40,cbf_safety_filter,intervention_cost,0.228491,0.000531,10
human_delay,0.40,cbf_safety_filter,boundary_calibration_error,0.272660,0.000559,10
human_delay,0.40,cbf_safety_filter,override_precision,0.533507,0.000896,10
human_delay,0.40,cbf_safety_filter,unsafe_autonomy,0.113801,0.000444,10
human_delay,0.40,cbf_safety_filter,robust_utility,0.073916,0.036542,10
human_delay,0.40,confidence_threshold_shared_control,task_success,0.110833,0.015789,10
human_delay,0.40,confidence_threshold_shared_control,safety_violation,0.313333,0.018415,10
human_delay,0.40,confidence_threshold_shared_control,authority_regret,0.462440,0.000756,10
human_delay,0.40,confidence_threshold_shared_control,human_burden,0.885254,0.001489,10
human_delay,0.40,confidence_threshold_shared_control,late_handoff,0.433077,0.001280,10
human_delay,0.40,confidence_threshold_shared_control,handoff_churn,0.507837,0.000938,10
human_delay,0.40,confidence_threshold_shared_control,recovery_success,0.330255,0.000862,10
human_delay,0.40,confidence_threshold_shared_control,intervention_cost,0.381118,0.000423,10
human_delay,0.40,confidence_threshold_shared_control,boundary_calibration_error,0.342246,0.000639,10
human_delay,0.40,confidence_threshold_shared_control,override_precision,0.343587,0.001110,10
human_delay,0.40,confidence_threshold_shared_control,unsafe_autonomy,0.063246,0.000144,10
human_delay,0.40,confidence_threshold_shared_control,robust_utility,-0.553428,0.021985,10
human_delay,0.40,mpc_risk_arbitration,task_success,0.427500,0.016160,10
human_delay,0.40,mpc_risk_arbitration,safety_violation,0.220000,0.025560,10
human_delay,0.40,mpc_risk_arbitration,authority_regret,0.264038,0.000609,10
human_delay,0.40,mpc_risk_arbitration,human_burden,0.375548,0.000970,10
human_delay,0.40,mpc_risk_arbitration,late_handoff,0.316394,0.001271,10
human_delay,0.40,mpc_risk_arbitration,handoff_churn,0.388751,0.000871,10
human_delay,0.40,mpc_risk_arbitration,recovery_success,0.709118,0.001084,10
human_delay,0.40,mpc_risk_arbitration,intervention_cost,0.295697,0.000616,10
human_delay,0.40,mpc_risk_arbitration,boundary_calibration_error,0.252558,0.000654,10
human_delay,0.40,mpc_risk_arbitration,override_precision,0.563884,0.001031,10
human_delay,0.40,mpc_risk_arbitration,unsafe_autonomy,0.127460,0.000462,10
human_delay,0.40,mpc_risk_arbitration,robust_utility,0.064846,0.027224,10
human_delay,0.40,pomdp_handoff_policy,task_success,0.365000,0.027091,10
human_delay,0.40,pomdp_handoff_policy,safety_violation,0.240834,0.032978,10
human_delay,0.40,pomdp_handoff_policy,authority_regret,0.302470,0.000723,10
human_delay,0.40,pomdp_handoff_policy,human_burden,0.558691,0.001869,10
human_delay,0.40,pomdp_handoff_policy,late_handoff,0.342281,0.001129,10
human_delay,0.40,pomdp_handoff_policy,handoff_churn,0.427971,0.001267,10
human_delay,0.40,pomdp_handoff_policy,recovery_success,0.638235,0.000858,10
human_delay,0.40,pomdp_handoff_policy,intervention_cost,0.356434,0.000447,10
human_delay,0.40,pomdp_handoff_policy,boundary_calibration_error,0.261743,0.000476,10
human_delay,0.40,pomdp_handoff_policy,override_precision,0.524067,0.000738,10
human_delay,0.40,pomdp_handoff_policy,unsafe_autonomy,0.099979,0.000420,10
human_delay,0.40,pomdp_handoff_policy,robust_utility,-0.084726,0.026095,10
human_delay,0.40,recovery_aware_mpc,task_success,0.411667,0.026805,10
human_delay,0.40,recovery_aware_mpc,safety_violation,0.205000,0.019509,10
human_delay,0.40,recovery_aware_mpc,authority_regret,0.278372,0.000651,10
human_delay,0.40,recovery_aware_mpc,human_burden,0.422717,0.001174,10
human_delay,0.40,recovery_aware_mpc,late_handoff,0.312365,0.001524,10
human_delay,0.40,recovery_aware_mpc,handoff_churn,0.398817,0.001039,10
human_delay,0.40,recovery_aware_mpc,recovery_success,0.757541,0.000699,10
human_delay,0.40,recovery_aware_mpc,intervention_cost,0.343720,0.000508,10
human_delay,0.40,recovery_aware_mpc,boundary_calibration_error,0.262250,0.000531,10
human_delay,0.40,recovery_aware_mpc,override_precision,0.554095,0.000763,10
human_delay,0.40,recovery_aware_mpc,unsafe_autonomy,0.124243,0.000571,10
human_delay,0.40,recovery_aware_mpc,robust_utility,0.041916,0.030141,10
human_delay,0.60,authority_boundary_v5,task_success,0.294167,0.024476,10
human_delay,0.60,authority_boundary_v5,safety_violation,0.246666,0.026805,10
human_delay,0.60,authority_boundary_v5,authority_regret,0.342418,0.000505,10
human_delay,0.60,authority_boundary_v5,human_burden,0.733327,0.001608,10
human_delay,0.60,authority_boundary_v5,late_handoff,0.381321,0.000755,10
human_delay,0.60,authority_boundary_v5,handoff_churn,0.457330,0.001512,10
human_delay,0.60,authority_boundary_v5,recovery_success,0.594490,0.000865,10
human_delay,0.60,authority_boundary_v5,intervention_cost,0.394781,0.000527,10
human_delay,0.60,authority_boundary_v5,boundary_calibration_error,0.282320,0.001093,10
human_delay,0.60,authority_boundary_v5,override_precision,0.504796,0.001165,10
human_delay,0.60,authority_boundary_v5,unsafe_autonomy,0.063417,0.000490,10
human_delay,0.60,authority_boundary_v5,robust_utility,-0.228179,0.026100,10
human_delay,0.60,bayesian_authority_allocation,task_success,0.225833,0.024765,10
human_delay,0.60,bayesian_authority_allocation,safety_violation,0.250000,0.023856,10
human_delay,0.60,bayesian_authority_allocation,authority_regret,0.363416,0.000424,10
human_delay,0.60,bayesian_authority_allocation,human_burden,0.756894,0.000928,10
human_delay,0.60,bayesian_authority_allocation,late_handoff,0.416018,0.000954,10
human_delay,0.60,bayesian_authority_allocation,handoff_churn,0.448081,0.000996,10
human_delay,0.60,bayesian_authority_allocation,recovery_success,0.514484,0.000883,10
human_delay,0.60,bayesian_authority_allocation,intervention_cost,0.387540,0.000608,10
human_delay,0.60,bayesian_authority_allocation,boundary_calibration_error,0.281807,0.000880,10
human_delay,0.60,bayesian_authority_allocation,override_precision,0.465289,0.001115,10
human_delay,0.60,bayesian_authority_allocation,unsafe_autonomy,0.063483,0.000220,10
human_delay,0.60,bayesian_authority_allocation,robust_utility,-0.319603,0.028948,10
human_delay,0.60,cbf_safety_filter,task_success,0.385000,0.036506,10
human_delay,0.60,cbf_safety_filter,safety_violation,0.174167,0.019241,10
human_delay,0.60,cbf_safety_filter,authority_regret,0.293462,0.000660,10
human_delay,0.60,cbf_safety_filter,human_burden,0.349742,0.001384,10
human_delay,0.60,cbf_safety_filter,late_handoff,0.369037,0.000362,10
human_delay,0.60,cbf_safety_filter,handoff_churn,0.377323,0.001246,10
human_delay,0.60,cbf_safety_filter,recovery_success,0.631459,0.000675,10
human_delay,0.60,cbf_safety_filter,intervention_cost,0.241402,0.000677,10
human_delay,0.60,cbf_safety_filter,boundary_calibration_error,0.271481,0.000994,10
human_delay,0.60,cbf_safety_filter,override_precision,0.533743,0.000622,10
human_delay,0.60,cbf_safety_filter,unsafe_autonomy,0.110479,0.000314,10
human_delay,0.60,cbf_safety_filter,robust_utility,0.041765,0.033154,10
human_delay,0.60,confidence_threshold_shared_control,task_success,0.103333,0.015049,10
human_delay,0.60,confidence_threshold_shared_control,safety_violation,0.320833,0.024379,10
human_delay,0.60,confidence_threshold_shared_control,authority_regret,0.471357,0.000812,10
human_delay,0.60,confidence_threshold_shared_control,human_burden,0.906892,0.001013,10
human_delay,0.60,confidence_threshold_shared_control,late_handoff,0.469990,0.000805,10
human_delay,0.60,confidence_threshold_shared_control,handoff_churn,0.507130,0.001286,10
human_delay,0.60,confidence_threshold_shared_control,recovery_success,0.322033,0.000997,10
human_delay,0.60,confidence_threshold_shared_control,intervention_cost,0.395261,0.000594,10
human_delay,0.60,confidence_threshold_shared_control,boundary_calibration_error,0.341311,0.000750,10
human_delay,0.60,confidence_threshold_shared_control,override_precision,0.344471,0.001159,10
human_delay,0.60,confidence_threshold_shared_control,unsafe_autonomy,0.063257,0.000128,10
human_delay,0.60,confidence_threshold_shared_control,robust_utility,-0.580894,0.023365,10
human_delay,0.60,mpc_risk_arbitration,task_success,0.405000,0.032503,10
human_delay,0.60,mpc_risk_arbitration,safety_violation,0.195000,0.025092,10
human_delay,0.60,mpc_risk_arbitration,authority_regret,0.273022,0.000737,10
human_delay,0.60,mpc_risk_arbitration,human_burden,0.397099,0.000857,10
human_delay,0.60,mpc_risk_arbitration,late_handoff,0.353287,0.001060,10
human_delay,0.60,mpc_risk_arbitration,handoff_churn,0.387140,0.001008,10
human_delay,0.60,mpc_risk_arbitration,recovery_success,0.699879,0.000450,10
human_delay,0.60,mpc_risk_arbitration,intervention_cost,0.308793,0.000505,10
human_delay,0.60,mpc_risk_arbitration,boundary_calibration_error,0.252023,0.000875,10
human_delay,0.60,mpc_risk_arbitration,override_precision,0.564057,0.001041,10
human_delay,0.60,mpc_risk_arbitration,unsafe_autonomy,0.122808,0.000283,10
human_delay,0.60,mpc_risk_arbitration,robust_utility,0.042669,0.038991,10
human_delay,0.60,pomdp_handoff_policy,task_success,0.327500,0.023360,10
human_delay,0.60,pomdp_handoff_policy,safety_violation,0.230000,0.034105,10
human_delay,0.60,pomdp_handoff_policy,authority_regret,0.311256,0.000536,10
human_delay,0.60,pomdp_handoff_policy,human_burden,0.581224,0.000747,10
human_delay,0.60,pomdp_handoff_policy,late_handoff,0.378302,0.000917,10
human_delay,0.60,pomdp_handoff_policy,handoff_churn,0.427563,0.001317,10
human_delay,0.60,pomdp_handoff_policy,recovery_success,0.628594,0.000964,10
human_delay,0.60,pomdp_handoff_policy,intervention_cost,0.369777,0.000431,10
human_delay,0.60,pomdp_handoff_policy,boundary_calibration_error,0.261862,0.000785,10
human_delay,0.60,pomdp_handoff_policy,override_precision,0.524318,0.001100,10
human_delay,0.60,pomdp_handoff_policy,unsafe_autonomy,0.094675,0.000262,10
human_delay,0.60,pomdp_handoff_policy,robust_utility,-0.130934,0.030767,10
human_delay,0.60,recovery_aware_mpc,task_success,0.401667,0.026539,10
human_delay,0.60,recovery_aware_mpc,safety_violation,0.214167,0.018229,10
human_delay,0.60,recovery_aware_mpc,authority_regret,0.286897,0.000728,10
human_delay,0.60,recovery_aware_mpc,human_burden,0.443986,0.001193,10
human_delay,0.60,recovery_aware_mpc,late_handoff,0.349095,0.000973,10
human_delay,0.60,recovery_aware_mpc,handoff_churn,0.397875,0.001620,10
human_delay,0.60,recovery_aware_mpc,recovery_success,0.748120,0.000688,10
human_delay,0.60,recovery_aware_mpc,intervention_cost,0.356096,0.000557,10
human_delay,0.60,recovery_aware_mpc,boundary_calibration_error,0.261928,0.000825,10
human_delay,0.60,recovery_aware_mpc,override_precision,0.554249,0.001123,10
human_delay,0.60,recovery_aware_mpc,unsafe_autonomy,0.119496,0.000524,10
human_delay,0.60,recovery_aware_mpc,robust_utility,0.011242,0.028044,10
human_delay,0.80,authority_boundary_v5,task_success,0.260833,0.027119,10
human_delay,0.80,authority_boundary_v5,safety_violation,0.216667,0.016869,10
human_delay,0.80,authority_boundary_v5,authority_regret,0.351282,0.000640,10
human_delay,0.80,authority_boundary_v5,human_burden,0.753734,0.000903,10
human_delay,0.80,authority_boundary_v5,late_handoff,0.416129,0.001240,10
human_delay,0.80,authority_boundary_v5,handoff_churn,0.458464,0.000791,10
human_delay,0.80,authority_boundary_v5,recovery_success,0.585791,0.000932,10
human_delay,0.80,authority_boundary_v5,intervention_cost,0.406868,0.000580,10
human_delay,0.80,authority_boundary_v5,boundary_calibration_error,0.281931,0.000352,10
human_delay,0.80,authority_boundary_v5,override_precision,0.504119,0.000899,10
human_delay,0.80,authority_boundary_v5,unsafe_autonomy,0.058618,0.000216,10
human_delay,0.80,authority_boundary_v5,robust_utility,-0.257637,0.027435,10
human_delay,0.80,bayesian_authority_allocation,task_success,0.232500,0.018294,10
human_delay,0.80,bayesian_authority_allocation,safety_violation,0.259167,0.022899,10
human_delay,0.80,bayesian_authority_allocation,authority_regret,0.371741,0.000637,10
human_delay,0.80,bayesian_authority_allocation,human_burden,0.778404,0.001139,10
human_delay,0.80,bayesian_authority_allocation,late_handoff,0.451554,0.000767,10
human_delay,0.80,bayesian_authority_allocation,handoff_churn,0.448626,0.001033,10
human_delay,0.80,bayesian_authority_allocation,recovery_success,0.505938,0.000913,10
human_delay,0.80,bayesian_authority_allocation,intervention_cost,0.400104,0.000677,10
human_delay,0.80,bayesian_authority_allocation,boundary_calibration_error,0.282091,0.000551,10
human_delay,0.80,bayesian_authority_allocation,override_precision,0.464272,0.000799,10
human_delay,0.80,bayesian_authority_allocation,unsafe_autonomy,0.058769,0.000145,10
human_delay,0.80,bayesian_authority_allocation,robust_utility,-0.333554,0.024916,10
human_delay,0.80,cbf_safety_filter,task_success,0.369167,0.030024,10
human_delay,0.80,cbf_safety_filter,safety_violation,0.163333,0.024735,10
human_delay,0.80,cbf_safety_filter,authority_regret,0.301746,0.000523,10
human_delay,0.80,cbf_safety_filter,human_burden,0.372468,0.000765,10
human_delay,0.80,cbf_safety_filter,late_handoff,0.404594,0.000934,10
human_delay,0.80,cbf_safety_filter,handoff_churn,0.378048,0.000976,10
human_delay,0.80,cbf_safety_filter,recovery_success,0.623008,0.000602,10
human_delay,0.80,cbf_safety_filter,intervention_cost,0.253998,0.000606,10
human_delay,0.80,cbf_safety_filter,boundary_calibration_error,0.272184,0.000559,10
human_delay,0.80,cbf_safety_filter,override_precision,0.533723,0.000368,10
human_delay,0.80,cbf_safety_filter,unsafe_autonomy,0.106831,0.000336,10
human_delay,0.80,cbf_safety_filter,robust_utility,0.017411,0.031487,10
human_delay,0.80,confidence_threshold_shared_control,task_success,0.081667,0.018829,10
human_delay,0.80,confidence_threshold_shared_control,safety_violation,0.326667,0.024079,10
human_delay,0.80,confidence_threshold_shared_control,authority_regret,0.479419,0.000706,10
human_delay,0.80,confidence_threshold_shared_control,human_burden,0.928231,0.000875,10
human_delay,0.80,confidence_threshold_shared_control,late_handoff,0.504710,0.000918,10
human_delay,0.80,confidence_threshold_shared_control,handoff_churn,0.508433,0.001206,10
human_delay,0.80,confidence_threshold_shared_control,recovery_success,0.313592,0.000983,10
human_delay,0.80,confidence_threshold_shared_control,intervention_cost,0.407800,0.000629,10
human_delay,0.80,confidence_threshold_shared_control,boundary_calibration_error,0.342680,0.000529,10
human_delay,0.80,confidence_threshold_shared_control,override_precision,0.344467,0.000934,10
human_delay,0.80,confidence_threshold_shared_control,unsafe_autonomy,0.063245,0.000095,10
human_delay,0.80,confidence_threshold_shared_control,robust_utility,-0.620955,0.027133,10
human_delay,0.80,mpc_risk_arbitration,task_success,0.397500,0.013998,10
human_delay,0.80,mpc_risk_arbitration,safety_violation,0.216667,0.016514,10
human_delay,0.80,mpc_risk_arbitration,authority_regret,0.281737,0.000735,10
human_delay,0.80,mpc_risk_arbitration,human_burden,0.418462,0.001580,10
human_delay,0.80,mpc_risk_arbitration,late_handoff,0.388706,0.000860,10
human_delay,0.80,mpc_risk_arbitration,handoff_churn,0.388264,0.000704,10
human_delay,0.80,mpc_risk_arbitration,recovery_success,0.691318,0.001029,10
human_delay,0.80,mpc_risk_arbitration,intervention_cost,0.321504,0.000446,10
human_delay,0.80,mpc_risk_arbitration,boundary_calibration_error,0.252860,0.000595,10
human_delay,0.80,mpc_risk_arbitration,override_precision,0.563921,0.000686,10
human_delay,0.80,mpc_risk_arbitration,unsafe_autonomy,0.118367,0.000312,10
human_delay,0.80,mpc_risk_arbitration,robust_utility,0.006672,0.013749,10
human_delay,0.80,pomdp_handoff_policy,task_success,0.295000,0.030818,10
human_delay,0.80,pomdp_handoff_policy,safety_violation,0.219167,0.020952,10
human_delay,0.80,pomdp_handoff_policy,authority_regret,0.318719,0.000545,10
human_delay,0.80,pomdp_handoff_policy,human_burden,0.602575,0.001393,10
human_delay,0.80,pomdp_handoff_policy,late_handoff,0.413927,0.000994,10
human_delay,0.80,pomdp_handoff_policy,handoff_churn,0.427842,0.000860,10
human_delay,0.80,pomdp_handoff_policy,recovery_success,0.620516,0.000947,10
human_delay,0.80,pomdp_handoff_policy,intervention_cost,0.381826,0.000475,10
human_delay,0.80,pomdp_handoff_policy,boundary_calibration_error,0.262342,0.000523,10
human_delay,0.80,pomdp_handoff_policy,override_precision,0.524547,0.000905,10
human_delay,0.80,pomdp_handoff_policy,unsafe_autonomy,0.089793,0.000468,10
human_delay,0.80,pomdp_handoff_policy,robust_utility,-0.171292,0.034383,10
human_delay,0.80,recovery_aware_mpc,task_success,0.386667,0.034105,10
human_delay,0.80,recovery_aware_mpc,safety_violation,0.205833,0.019333,10
human_delay,0.80,recovery_aware_mpc,authority_regret,0.294673,0.000761,10
human_delay,0.80,recovery_aware_mpc,human_burden,0.465266,0.001151,10
human_delay,0.80,recovery_aware_mpc,late_handoff,0.384803,0.000963,10
human_delay,0.80,recovery_aware_mpc,handoff_churn,0.398436,0.000826,10
human_delay,0.80,recovery_aware_mpc,recovery_success,0.740314,0.000985,10
human_delay,0.80,recovery_aware_mpc,intervention_cost,0.369055,0.000588,10
human_delay,0.80,recovery_aware_mpc,boundary_calibration_error,0.262412,0.000517,10
human_delay,0.80,recovery_aware_mpc,override_precision,0.554286,0.001310,10
human_delay,0.80,recovery_aware_mpc,unsafe_autonomy,0.115025,0.000351,10
human_delay,0.80,recovery_aware_mpc,robust_utility,-0.013343,0.039941,10
human_delay,1.00,authority_boundary_v5,task_success,0.254167,0.020839,10
human_delay,1.00,authority_boundary_v5,safety_violation,0.245833,0.021812,10
human_delay,1.00,authority_boundary_v5,authority_regret,0.360998,0.000631,10
human_delay,1.00,authority_boundary_v5,human_burden,0.779212,0.000731,10
human_delay,1.00,authority_boundary_v5,late_handoff,0.451738,0.000715,10
human_delay,1.00,authority_boundary_v5,handoff_churn,0.469132,0.000944,10
human_delay,1.00,authority_boundary_v5,recovery_success,0.576484,0.000844,10
human_delay,1.00,authority_boundary_v5,intervention_cost,0.419223,0.000643,10
human_delay,1.00,authority_boundary_v5,boundary_calibration_error,0.287480,0.000685,10
human_delay,1.00,authority_boundary_v5,override_precision,0.497701,0.001007,10
human_delay,1.00,authority_boundary_v5,unsafe_autonomy,0.053569,0.000258,10
human_delay,1.00,authority_boundary_v5,robust_utility,-0.299888,0.024221,10
human_delay,1.00,bayesian_authority_allocation,task_success,0.195000,0.020689,10
human_delay,1.00,bayesian_authority_allocation,safety_violation,0.270000,0.019203,10
human_delay,1.00,bayesian_authority_allocation,authority_regret,0.381392,0.000403,10
human_delay,1.00,bayesian_authority_allocation,human_burden,0.803304,0.001328,10
human_delay,1.00,bayesian_authority_allocation,late_handoff,0.487220,0.000949,10
human_delay,1.00,bayesian_authority_allocation,handoff_churn,0.459081,0.000943,10
human_delay,1.00,bayesian_authority_allocation,recovery_success,0.496645,0.000668,10
human_delay,1.00,bayesian_authority_allocation,intervention_cost,0.412316,0.000825,10
human_delay,1.00,bayesian_authority_allocation,boundary_calibration_error,0.287877,0.000664,10
human_delay,1.00,bayesian_authority_allocation,override_precision,0.457434,0.000959,10
human_delay,1.00,bayesian_authority_allocation,unsafe_autonomy,0.054822,0.000337,10
human_delay,1.00,bayesian_authority_allocation,robust_utility,-0.395086,0.028101,10
human_delay,1.00,cbf_safety_filter,task_success,0.346667,0.027244,10
human_delay,1.00,cbf_safety_filter,safety_violation,0.180000,0.022996,10
human_delay,1.00,cbf_safety_filter,authority_regret,0.312028,0.000541,10
human_delay,1.00,cbf_safety_filter,human_burden,0.398389,0.000899,10
human_delay,1.00,cbf_safety_filter,late_handoff,0.440244,0.000906,10
human_delay,1.00,cbf_safety_filter,handoff_churn,0.389452,0.000903,10
human_delay,1.00,cbf_safety_filter,recovery_success,0.613204,0.000572,10
human_delay,1.00,cbf_safety_filter,intervention_cost,0.266036,0.000778,10
human_delay,1.00,cbf_safety_filter,boundary_calibration_error,0.277675,0.000609,10
human_delay,1.00,cbf_safety_filter,override_precision,0.526991,0.000493,10
human_delay,1.00,cbf_safety_filter,unsafe_autonomy,0.103041,0.000253,10
human_delay,1.00,cbf_safety_filter,robust_utility,-0.033274,0.029341,10
human_delay,1.00,confidence_threshold_shared_control,task_success,0.046667,0.012463,10
human_delay,1.00,confidence_threshold_shared_control,safety_violation,0.348333,0.024926,10
human_delay,1.00,confidence_threshold_shared_control,authority_regret,0.488192,0.000747,10
human_delay,1.00,confidence_threshold_shared_control,human_burden,0.952295,0.001115,10
human_delay,1.00,confidence_threshold_shared_control,late_handoff,0.540928,0.000518,10
human_delay,1.00,confidence_threshold_shared_control,handoff_churn,0.519071,0.001133,10
human_delay,1.00,confidence_threshold_shared_control,recovery_success,0.303161,0.000753,10
human_delay,1.00,confidence_threshold_shared_control,intervention_cost,0.418262,0.000653,10
human_delay,1.00,confidence_threshold_shared_control,boundary_calibration_error,0.347598,0.000551,10
human_delay,1.00,confidence_threshold_shared_control,override_precision,0.337367,0.000738,10
human_delay,1.00,confidence_threshold_shared_control,unsafe_autonomy,0.063309,0.000111,10
human_delay,1.00,confidence_threshold_shared_control,robust_utility,-0.686309,0.020138,10
human_delay,1.00,mpc_risk_arbitration,task_success,0.358334,0.032302,10
human_delay,1.00,mpc_risk_arbitration,safety_violation,0.209166,0.022375,10
human_delay,1.00,mpc_risk_arbitration,authority_regret,0.290468,0.000971,10
human_delay,1.00,mpc_risk_arbitration,human_burden,0.444119,0.001157,10
human_delay,1.00,mpc_risk_arbitration,late_handoff,0.424022,0.000748,10
human_delay,1.00,mpc_risk_arbitration,handoff_churn,0.399628,0.001405,10
human_delay,1.00,mpc_risk_arbitration,recovery_success,0.681570,0.000846,10
human_delay,1.00,mpc_risk_arbitration,intervention_cost,0.333374,0.000548,10
human_delay,1.00,mpc_risk_arbitration,boundary_calibration_error,0.258093,0.000538,10
human_delay,1.00,mpc_risk_arbitration,override_precision,0.557315,0.000975,10
human_delay,1.00,mpc_risk_arbitration,unsafe_autonomy,0.114146,0.000446,10
human_delay,1.00,mpc_risk_arbitration,robust_utility,-0.045166,0.038333,10
human_delay,1.00,pomdp_handoff_policy,task_success,0.292500,0.025934,10
human_delay,1.00,pomdp_handoff_policy,safety_violation,0.225000,0.021641,10
human_delay,1.00,pomdp_handoff_policy,authority_regret,0.327840,0.000666,10
human_delay,1.00,pomdp_handoff_policy,human_burden,0.626649,0.000804,10
human_delay,1.00,pomdp_handoff_policy,late_handoff,0.449312,0.000771,10
human_delay,1.00,pomdp_handoff_policy,handoff_churn,0.439309,0.000876,10
human_delay,1.00,pomdp_handoff_policy,recovery_success,0.610337,0.001088,10
human_delay,1.00,pomdp_handoff_policy,intervention_cost,0.393571,0.000514,10
human_delay,1.00,pomdp_handoff_policy,boundary_calibration_error,0.267639,0.000592,10
human_delay,1.00,pomdp_handoff_policy,override_precision,0.517876,0.001064,10
human_delay,1.00,pomdp_handoff_policy,unsafe_autonomy,0.084735,0.000327,10
human_delay,1.00,pomdp_handoff_policy,robust_utility,-0.194493,0.024496,10
human_delay,1.00,recovery_aware_mpc,task_success,0.352500,0.029324,10
human_delay,1.00,recovery_aware_mpc,safety_violation,0.225833,0.016233,10
human_delay,1.00,recovery_aware_mpc,authority_regret,0.304635,0.000593,10
human_delay,1.00,recovery_aware_mpc,human_burden,0.489673,0.001125,10
human_delay,1.00,recovery_aware_mpc,late_handoff,0.420009,0.001013,10
human_delay,1.00,recovery_aware_mpc,handoff_churn,0.409160,0.000915,10
human_delay,1.00,recovery_aware_mpc,recovery_success,0.730538,0.000543,10
human_delay,1.00,recovery_aware_mpc,intervention_cost,0.381136,0.000527,10
human_delay,1.00,recovery_aware_mpc,boundary_calibration_error,0.267081,0.000865,10
human_delay,1.00,recovery_aware_mpc,override_precision,0.548736,0.001023,10
human_delay,1.00,recovery_aware_mpc,unsafe_autonomy,0.110330,0.000355,10
human_delay,1.00,recovery_aware_mpc,robust_utility,-0.077168,0.030653,10
intent_ambiguity,0.00,authority_boundary_v5,task_success,0.380833,0.031844,10
intent_ambiguity,0.00,authority_boundary_v5,safety_violation,0.245833,0.030726,10
intent_ambiguity,0.00,authority_boundary_v5,authority_regret,0.316010,0.000647,10
intent_ambiguity,0.00,authority_boundary_v5,human_burden,0.663781,0.000946,10
intent_ambiguity,0.00,authority_boundary_v5,late_handoff,0.298331,0.000976,10
intent_ambiguity,0.00,authority_boundary_v5,handoff_churn,0.401068,0.001065,10
intent_ambiguity,0.00,authority_boundary_v5,recovery_success,0.621161,0.000829,10
intent_ambiguity,0.00,authority_boundary_v5,intervention_cost,0.369523,0.000711,10
intent_ambiguity,0.00,authority_boundary_v5,boundary_calibration_error,0.256413,0.000726,10
intent_ambiguity,0.00,authority_boundary_v5,override_precision,0.535496,0.000951,10
intent_ambiguity,0.00,authority_boundary_v5,unsafe_autonomy,0.078360,0.000298,10
intent_ambiguity,0.00,authority_boundary_v5,robust_utility,-0.093014,0.042699,10
intent_ambiguity,0.00,bayesian_authority_allocation,task_success,0.291667,0.021226,10
intent_ambiguity,0.00,bayesian_authority_allocation,safety_violation,0.260000,0.023956,10
intent_ambiguity,0.00,bayesian_authority_allocation,authority_regret,0.336787,0.000775,10
intent_ambiguity,0.00,bayesian_authority_allocation,human_burden,0.687498,0.001178,10
intent_ambiguity,0.00,bayesian_authority_allocation,late_handoff,0.334071,0.000535,10
intent_ambiguity,0.00,bayesian_authority_allocation,handoff_churn,0.390315,0.001007,10
intent_ambiguity,0.00,bayesian_authority_allocation,recovery_success,0.542514,0.000667,10
intent_ambiguity,0.00,bayesian_authority_allocation,intervention_cost,0.362292,0.000632,10
intent_ambiguity,0.00,bayesian_authority_allocation,boundary_calibration_error,0.256407,0.000753,10
intent_ambiguity,0.00,bayesian_authority_allocation,override_precision,0.495632,0.001172,10
intent_ambiguity,0.00,bayesian_authority_allocation,unsafe_autonomy,0.079775,0.000246,10
intent_ambiguity,0.00,bayesian_authority_allocation,robust_utility,-0.211847,0.021220,10
intent_ambiguity,0.00,cbf_safety_filter,task_success,0.421667,0.020832,10
intent_ambiguity,0.00,cbf_safety_filter,safety_violation,0.165833,0.017122,10
intent_ambiguity,0.00,cbf_safety_filter,authority_regret,0.267644,0.000506,10
intent_ambiguity,0.00,cbf_safety_filter,human_burden,0.283054,0.001153,10
intent_ambiguity,0.00,cbf_safety_filter,late_handoff,0.287199,0.001048,10
intent_ambiguity,0.00,cbf_safety_filter,handoff_churn,0.320800,0.000899,10
intent_ambiguity,0.00,cbf_safety_filter,recovery_success,0.658174,0.001181,10
intent_ambiguity,0.00,cbf_safety_filter,intervention_cost,0.216037,0.000838,10
intent_ambiguity,0.00,cbf_safety_filter,boundary_calibration_error,0.245895,0.000513,10
intent_ambiguity,0.00,cbf_safety_filter,override_precision,0.565628,0.000951,10
intent_ambiguity,0.00,cbf_safety_filter,unsafe_autonomy,0.118515,0.000620,10
intent_ambiguity,0.00,cbf_safety_filter,robust_utility,0.130609,0.021119,10
intent_ambiguity,0.00,confidence_threshold_shared_control,task_success,0.151667,0.020775,10
intent_ambiguity,0.00,confidence_threshold_shared_control,safety_violation,0.329167,0.024621,10
intent_ambiguity,0.00,confidence_threshold_shared_control,authority_regret,0.444074,0.000587,10
intent_ambiguity,0.00,confidence_threshold_shared_control,human_burden,0.838210,0.001164,10
intent_ambiguity,0.00,confidence_threshold_shared_control,late_handoff,0.387771,0.000763,10
intent_ambiguity,0.00,confidence_threshold_shared_control,handoff_churn,0.450854,0.000836,10
intent_ambiguity,0.00,confidence_threshold_shared_control,recovery_success,0.347807,0.000643,10
intent_ambiguity,0.00,confidence_threshold_shared_control,intervention_cost,0.369349,0.000372,10
intent_ambiguity,0.00,confidence_threshold_shared_control,boundary_calibration_error,0.316053,0.000543,10
intent_ambiguity,0.00,confidence_threshold_shared_control,override_precision,0.375759,0.001035,10
intent_ambiguity,0.00,confidence_threshold_shared_control,unsafe_autonomy,0.063051,0.000130,10
intent_ambiguity,0.00,confidence_threshold_shared_control,robust_utility,-0.489862,0.032009,10
intent_ambiguity,0.00,mpc_risk_arbitration,task_success,0.457500,0.037122,10
intent_ambiguity,0.00,mpc_risk_arbitration,safety_violation,0.212500,0.024741,10
intent_ambiguity,0.00,mpc_risk_arbitration,authority_regret,0.246382,0.000852,10
intent_ambiguity,0.00,mpc_risk_arbitration,human_burden,0.328035,0.000936,10
intent_ambiguity,0.00,mpc_risk_arbitration,late_handoff,0.271047,0.000733,10
intent_ambiguity,0.00,mpc_risk_arbitration,handoff_churn,0.330768,0.001128,10
intent_ambiguity,0.00,mpc_risk_arbitration,recovery_success,0.726550,0.000728,10
intent_ambiguity,0.00,mpc_risk_arbitration,intervention_cost,0.283747,0.000766,10
intent_ambiguity,0.00,mpc_risk_arbitration,boundary_calibration_error,0.225950,0.000422,10
intent_ambiguity,0.00,mpc_risk_arbitration,override_precision,0.595000,0.000783,10
intent_ambiguity,0.00,mpc_risk_arbitration,unsafe_autonomy,0.133854,0.000521,10
intent_ambiguity,0.00,mpc_risk_arbitration,robust_utility,0.132116,0.027270,10
intent_ambiguity,0.00,pomdp_handoff_policy,task_success,0.377500,0.014208,10
intent_ambiguity,0.00,pomdp_handoff_policy,safety_violation,0.235833,0.022189,10
intent_ambiguity,0.00,pomdp_handoff_policy,authority_regret,0.283528,0.000787,10
intent_ambiguity,0.00,pomdp_handoff_policy,human_burden,0.512511,0.000723,10
intent_ambiguity,0.00,pomdp_handoff_policy,late_handoff,0.295742,0.000725,10
intent_ambiguity,0.00,pomdp_handoff_policy,handoff_churn,0.370213,0.001031,10
intent_ambiguity,0.00,pomdp_handoff_policy,recovery_success,0.655957,0.000813,10
intent_ambiguity,0.00,pomdp_handoff_policy,intervention_cost,0.344109,0.000348,10
intent_ambiguity,0.00,pomdp_handoff_policy,boundary_calibration_error,0.236076,0.000331,10
intent_ambiguity,0.00,pomdp_handoff_policy,override_precision,0.554990,0.000757,10
intent_ambiguity,0.00,pomdp_handoff_policy,unsafe_autonomy,0.108043,0.000316,10
intent_ambiguity,0.00,pomdp_handoff_policy,robust_utility,-0.036280,0.021543,10
intent_ambiguity,0.00,recovery_aware_mpc,task_success,0.464166,0.033211,10
intent_ambiguity,0.00,recovery_aware_mpc,safety_violation,0.210833,0.014821,10
intent_ambiguity,0.00,recovery_aware_mpc,authority_regret,0.260767,0.000728,10
intent_ambiguity,0.00,recovery_aware_mpc,human_burden,0.374630,0.001374,10
intent_ambiguity,0.00,recovery_aware_mpc,late_handoff,0.266697,0.001143,10
intent_ambiguity,0.00,recovery_aware_mpc,handoff_churn,0.341056,0.001515,10
intent_ambiguity,0.00,recovery_aware_mpc,recovery_success,0.776011,0.001028,10
intent_ambiguity,0.00,recovery_aware_mpc,intervention_cost,0.331142,0.000634,10
intent_ambiguity,0.00,recovery_aware_mpc,boundary_calibration_error,0.236022,0.000654,10
intent_ambiguity,0.00,recovery_aware_mpc,override_precision,0.585935,0.000610,10
intent_ambiguity,0.00,recovery_aware_mpc,unsafe_autonomy,0.131348,0.000445,10
intent_ambiguity,0.00,recovery_aware_mpc,robust_utility,0.123716,0.030705,10
intent_ambiguity,0.20,authority_boundary_v5,task_success,0.341667,0.019781,10
intent_ambiguity,0.20,authority_boundary_v5,safety_violation,0.229167,0.020408,10
intent_ambiguity,0.20,authority_boundary_v5,authority_regret,0.326102,0.001161,10
intent_ambiguity,0.20,authority_boundary_v5,human_burden,0.688914,0.001361,10
intent_ambiguity,0.20,authority_boundary_v5,late_handoff,0.322743,0.001171,10
intent_ambiguity,0.20,authority_boundary_v5,handoff_churn,0.432825,0.001616,10
intent_ambiguity,0.20,authority_boundary_v5,recovery_success,0.612069,0.000939,10
intent_ambiguity,0.20,authority_boundary_v5,intervention_cost,0.375659,0.000762,10
intent_ambiguity,0.20,authority_boundary_v5,boundary_calibration_error,0.270701,0.000597,10
intent_ambiguity,0.20,authority_boundary_v5,override_precision,0.518232,0.001122,10
intent_ambiguity,0.20,authority_boundary_v5,unsafe_autonomy,0.073225,0.000444,10
intent_ambiguity,0.20,authority_boundary_v5,robust_utility,-0.139460,0.027619,10
intent_ambiguity,0.20,bayesian_authority_allocation,task_success,0.305000,0.020973,10
intent_ambiguity,0.20,bayesian_authority_allocation,safety_violation,0.253333,0.026583,10
intent_ambiguity,0.20,bayesian_authority_allocation,authority_regret,0.346830,0.000515,10
intent_ambiguity,0.20,bayesian_authority_allocation,human_burden,0.712882,0.001263,10
intent_ambiguity,0.20,bayesian_authority_allocation,late_handoff,0.358510,0.001321,10
intent_ambiguity,0.20,bayesian_authority_allocation,handoff_churn,0.423411,0.001403,10
intent_ambiguity,0.20,bayesian_authority_allocation,recovery_success,0.531323,0.001037,10
intent_ambiguity,0.20,bayesian_authority_allocation,intervention_cost,0.368498,0.000766,10
intent_ambiguity,0.20,bayesian_authority_allocation,boundary_calibration_error,0.270951,0.000558,10
intent_ambiguity,0.20,bayesian_authority_allocation,override_precision,0.477347,0.000905,10
intent_ambiguity,0.20,bayesian_authority_allocation,unsafe_autonomy,0.074080,0.000433,10
intent_ambiguity,0.20,bayesian_authority_allocation,robust_utility,-0.212381,0.019005,10
intent_ambiguity,0.20,cbf_safety_filter,task_success,0.427500,0.032671,10
intent_ambiguity,0.20,cbf_safety_filter,safety_violation,0.170833,0.021675,10
intent_ambiguity,0.20,cbf_safety_filter,authority_regret,0.277524,0.000774,10
intent_ambiguity,0.20,cbf_safety_filter,human_burden,0.307722,0.001229,10
intent_ambiguity,0.20,cbf_safety_filter,late_handoff,0.310840,0.001295,10
intent_ambiguity,0.20,cbf_safety_filter,handoff_churn,0.352654,0.001025,10
intent_ambiguity,0.20,cbf_safety_filter,recovery_success,0.648241,0.000854,10
intent_ambiguity,0.20,cbf_safety_filter,intervention_cost,0.221994,0.000457,10
intent_ambiguity,0.20,cbf_safety_filter,boundary_calibration_error,0.260421,0.000692,10
intent_ambiguity,0.20,cbf_safety_filter,override_precision,0.548194,0.001068,10
intent_ambiguity,0.20,cbf_safety_filter,unsafe_autonomy,0.116193,0.000460,10
intent_ambiguity,0.20,cbf_safety_filter,robust_utility,0.115956,0.032742,10
intent_ambiguity,0.20,confidence_threshold_shared_control,task_success,0.130000,0.016188,10
intent_ambiguity,0.20,confidence_threshold_shared_control,safety_violation,0.299167,0.023788,10
intent_ambiguity,0.20,confidence_threshold_shared_control,authority_regret,0.454173,0.000636,10
intent_ambiguity,0.20,confidence_threshold_shared_control,human_burden,0.863617,0.001175,10
intent_ambiguity,0.20,confidence_threshold_shared_control,late_handoff,0.411440,0.001288,10
intent_ambiguity,0.20,confidence_threshold_shared_control,handoff_churn,0.482880,0.001368,10
intent_ambiguity,0.20,confidence_threshold_shared_control,recovery_success,0.338842,0.000670,10
intent_ambiguity,0.20,confidence_threshold_shared_control,intervention_cost,0.375536,0.000805,10
intent_ambiguity,0.20,confidence_threshold_shared_control,boundary_calibration_error,0.330429,0.000633,10
intent_ambiguity,0.20,confidence_threshold_shared_control,override_precision,0.358184,0.001000,10
intent_ambiguity,0.20,confidence_threshold_shared_control,unsafe_autonomy,0.062972,0.000116,10
intent_ambiguity,0.20,confidence_threshold_shared_control,robust_utility,-0.510517,0.025618,10
intent_ambiguity,0.20,mpc_risk_arbitration,task_success,0.449167,0.021566,10
intent_ambiguity,0.20,mpc_risk_arbitration,safety_violation,0.191667,0.025068,10
intent_ambiguity,0.20,mpc_risk_arbitration,authority_regret,0.256377,0.000573,10
intent_ambiguity,0.20,mpc_risk_arbitration,human_burden,0.353023,0.001258,10
intent_ambiguity,0.20,mpc_risk_arbitration,late_handoff,0.295652,0.001228,10
intent_ambiguity,0.20,mpc_risk_arbitration,handoff_churn,0.363830,0.001445,10
intent_ambiguity,0.20,mpc_risk_arbitration,recovery_success,0.717147,0.000942,10
intent_ambiguity,0.20,mpc_risk_arbitration,intervention_cost,0.289606,0.000636,10
intent_ambiguity,0.20,mpc_risk_arbitration,boundary_calibration_error,0.240997,0.000826,10
intent_ambiguity,0.20,mpc_risk_arbitration,override_precision,0.578139,0.000614,10
intent_ambiguity,0.20,mpc_risk_arbitration,unsafe_autonomy,0.130649,0.000298,10
intent_ambiguity,0.20,mpc_risk_arbitration,robust_utility,0.118961,0.027383,10
intent_ambiguity,0.20,pomdp_handoff_policy,task_success,0.353333,0.024735,10
intent_ambiguity,0.20,pomdp_handoff_policy,safety_violation,0.202500,0.024476,10
intent_ambiguity,0.20,pomdp_handoff_policy,authority_regret,0.293335,0.000792,10
intent_ambiguity,0.20,pomdp_handoff_policy,human_burden,0.538094,0.001190,10
intent_ambiguity,0.20,pomdp_handoff_policy,late_handoff,0.320082,0.001612,10
intent_ambiguity,0.20,pomdp_handoff_policy,handoff_churn,0.403257,0.001588,10
intent_ambiguity,0.20,pomdp_handoff_policy,recovery_success,0.646222,0.000807,10
intent_ambiguity,0.20,pomdp_handoff_policy,intervention_cost,0.350907,0.000556,10
intent_ambiguity,0.20,pomdp_handoff_policy,boundary_calibration_error,0.250893,0.000847,10
intent_ambiguity,0.20,pomdp_handoff_policy,override_precision,0.537784,0.001257,10
intent_ambiguity,0.20,pomdp_handoff_policy,unsafe_autonomy,0.103937,0.000559,10
intent_ambiguity,0.20,pomdp_handoff_policy,robust_utility,-0.057690,0.030195,10
intent_ambiguity,0.20,recovery_aware_mpc,task_success,0.443333,0.030683,10
intent_ambiguity,0.20,recovery_aware_mpc,safety_violation,0.193333,0.018671,10
intent_ambiguity,0.20,recovery_aware_mpc,authority_regret,0.270343,0.000456,10
intent_ambiguity,0.20,recovery_aware_mpc,human_burden,0.400290,0.001234,10
intent_ambiguity,0.20,recovery_aware_mpc,late_handoff,0.291145,0.001127,10
intent_ambiguity,0.20,recovery_aware_mpc,handoff_churn,0.372741,0.001344,10
intent_ambiguity,0.20,recovery_aware_mpc,recovery_success,0.765514,0.000843,10
intent_ambiguity,0.20,recovery_aware_mpc,intervention_cost,0.336835,0.000689,10
intent_ambiguity,0.20,recovery_aware_mpc,boundary_calibration_error,0.250412,0.000577,10
intent_ambiguity,0.20,recovery_aware_mpc,override_precision,0.568155,0.000800,10
intent_ambiguity,0.20,recovery_aware_mpc,unsafe_autonomy,0.127840,0.000431,10
intent_ambiguity,0.20,recovery_aware_mpc,robust_utility,0.096057,0.034885,10
intent_ambiguity,0.40,authority_boundary_v5,task_success,0.304167,0.023887,10
intent_ambiguity,0.40,authority_boundary_v5,safety_violation,0.236667,0.027135,10
intent_ambiguity,0.40,authority_boundary_v5,authority_regret,0.335313,0.000557,10
intent_ambiguity,0.40,authority_boundary_v5,human_burden,0.714277,0.001387,10
intent_ambiguity,0.40,authority_boundary_v5,late_handoff,0.346683,0.001091,10
intent_ambiguity,0.40,authority_boundary_v5,handoff_churn,0.464762,0.000920,10
intent_ambiguity,0.40,authority_boundary_v5,recovery_success,0.602140,0.000841,10
intent_ambiguity,0.40,authority_boundary_v5,intervention_cost,0.382096,0.000729,10
intent_ambiguity,0.40,authority_boundary_v5,boundary_calibration_error,0.285067,0.000759,10
intent_ambiguity,0.40,authority_boundary_v5,override_precision,0.500294,0.001179,10
intent_ambiguity,0.40,authority_boundary_v5,unsafe_autonomy,0.068080,0.000410,10
intent_ambiguity,0.40,authority_boundary_v5,robust_utility,-0.199100,0.029257,10
intent_ambiguity,0.40,bayesian_authority_allocation,task_success,0.264167,0.024232,10
intent_ambiguity,0.40,bayesian_authority_allocation,safety_violation,0.274167,0.025704,10
intent_ambiguity,0.40,bayesian_authority_allocation,authority_regret,0.355774,0.000712,10
intent_ambiguity,0.40,bayesian_authority_allocation,human_burden,0.739043,0.001101,10
intent_ambiguity,0.40,bayesian_authority_allocation,late_handoff,0.381881,0.000791,10
intent_ambiguity,0.40,bayesian_authority_allocation,handoff_churn,0.454293,0.001632,10
intent_ambiguity,0.40,bayesian_authority_allocation,recovery_success,0.522456,0.000970,10
intent_ambiguity,0.40,bayesian_authority_allocation,intervention_cost,0.375204,0.000268,10
intent_ambiguity,0.40,bayesian_authority_allocation,boundary_calibration_error,0.285314,0.000673,10
intent_ambiguity,0.40,bayesian_authority_allocation,override_precision,0.460366,0.000885,10
intent_ambiguity,0.40,bayesian_authority_allocation,unsafe_autonomy,0.067969,0.000350,10
intent_ambiguity,0.40,bayesian_authority_allocation,robust_utility,-0.283471,0.032933,10
intent_ambiguity,0.40,cbf_safety_filter,task_success,0.390000,0.020775,10
intent_ambiguity,0.40,cbf_safety_filter,safety_violation,0.184167,0.021703,10
intent_ambiguity,0.40,cbf_safety_filter,authority_regret,0.286305,0.000671,10
intent_ambiguity,0.40,cbf_safety_filter,human_burden,0.333205,0.001251,10
intent_ambiguity,0.40,cbf_safety_filter,late_handoff,0.334498,0.001197,10
intent_ambiguity,0.40,cbf_safety_filter,handoff_churn,0.383862,0.000697,10
intent_ambiguity,0.40,cbf_safety_filter,recovery_success,0.639413,0.000868,10
intent_ambiguity,0.40,cbf_safety_filter,intervention_cost,0.228340,0.000599,10
intent_ambiguity,0.40,cbf_safety_filter,boundary_calibration_error,0.275259,0.001084,10
intent_ambiguity,0.40,cbf_safety_filter,override_precision,0.530048,0.001113,10
intent_ambiguity,0.40,cbf_safety_filter,unsafe_autonomy,0.113918,0.000415,10
intent_ambiguity,0.40,cbf_safety_filter,robust_utility,0.053007,0.024291,10
intent_ambiguity,0.40,confidence_threshold_shared_control,task_success,0.120000,0.011472,10
intent_ambiguity,0.40,confidence_threshold_shared_control,safety_violation,0.300000,0.023227,10
intent_ambiguity,0.40,confidence_threshold_shared_control,authority_regret,0.463310,0.000594,10
intent_ambiguity,0.40,confidence_threshold_shared_control,human_burden,0.889199,0.001125,10
intent_ambiguity,0.40,confidence_threshold_shared_control,late_handoff,0.435549,0.000824,10
intent_ambiguity,0.40,confidence_threshold_shared_control,handoff_churn,0.515125,0.001713,10
intent_ambiguity,0.40,confidence_threshold_shared_control,recovery_success,0.329542,0.000820,10
intent_ambiguity,0.40,confidence_threshold_shared_control,intervention_cost,0.381780,0.000530,10
intent_ambiguity,0.40,confidence_threshold_shared_control,boundary_calibration_error,0.345319,0.000610,10
intent_ambiguity,0.40,confidence_threshold_shared_control,override_precision,0.340164,0.000739,10
intent_ambiguity,0.40,confidence_threshold_shared_control,unsafe_autonomy,0.063391,0.000141,10
intent_ambiguity,0.40,confidence_threshold_shared_control,robust_utility,-0.538553,0.022339,10
intent_ambiguity,0.40,mpc_risk_arbitration,task_success,0.399167,0.039520,10
intent_ambiguity,0.40,mpc_risk_arbitration,safety_violation,0.196667,0.024854,10
intent_ambiguity,0.40,mpc_risk_arbitration,authority_regret,0.265549,0.000524,10
intent_ambiguity,0.40,mpc_risk_arbitration,human_burden,0.378837,0.001083,10
intent_ambiguity,0.40,mpc_risk_arbitration,late_handoff,0.319376,0.001081,10
intent_ambiguity,0.40,mpc_risk_arbitration,handoff_churn,0.394425,0.000918,10
intent_ambiguity,0.40,mpc_risk_arbitration,recovery_success,0.707612,0.000807,10
intent_ambiguity,0.40,mpc_risk_arbitration,intervention_cost,0.296320,0.000528,10
intent_ambiguity,0.40,mpc_risk_arbitration,boundary_calibration_error,0.255706,0.000673,10
intent_ambiguity,0.40,mpc_risk_arbitration,override_precision,0.560657,0.001064,10
intent_ambiguity,0.40,mpc_risk_arbitration,unsafe_autonomy,0.127086,0.000487,10
intent_ambiguity,0.40,mpc_risk_arbitration,robust_utility,0.048471,0.053089,10
intent_ambiguity,0.40,pomdp_handoff_policy,task_success,0.364167,0.023105,10
intent_ambiguity,0.40,pomdp_handoff_policy,safety_violation,0.248333,0.028269,10
intent_ambiguity,0.40,pomdp_handoff_policy,authority_regret,0.303332,0.000582,10
intent_ambiguity,0.40,pomdp_handoff_policy,human_burden,0.562113,0.001019,10
intent_ambiguity,0.40,pomdp_handoff_policy,late_handoff,0.343960,0.001092,10
intent_ambiguity,0.40,pomdp_handoff_policy,handoff_churn,0.434024,0.001359,10
intent_ambiguity,0.40,pomdp_handoff_policy,recovery_success,0.637208,0.000706,10
intent_ambiguity,0.40,pomdp_handoff_policy,intervention_cost,0.356763,0.000722,10
intent_ambiguity,0.40,pomdp_handoff_policy,boundary_calibration_error,0.265050,0.000748,10
intent_ambiguity,0.40,pomdp_handoff_policy,override_precision,0.520204,0.000981,10
intent_ambiguity,0.40,pomdp_handoff_policy,unsafe_autonomy,0.099196,0.000264,10
intent_ambiguity,0.40,pomdp_handoff_policy,robust_utility,-0.092356,0.028986,10
intent_ambiguity,0.40,recovery_aware_mpc,task_success,0.437500,0.023131,10
intent_ambiguity,0.40,recovery_aware_mpc,safety_violation,0.196667,0.022996,10
intent_ambiguity,0.40,recovery_aware_mpc,authority_regret,0.278985,0.000827,10
intent_ambiguity,0.40,recovery_aware_mpc,human_burden,0.424938,0.000836,10
intent_ambiguity,0.40,recovery_aware_mpc,late_handoff,0.314810,0.001394,10
intent_ambiguity,0.40,recovery_aware_mpc,handoff_churn,0.403873,0.001039,10
intent_ambiguity,0.40,recovery_aware_mpc,recovery_success,0.757026,0.000554,10
intent_ambiguity,0.40,recovery_aware_mpc,intervention_cost,0.343565,0.000300,10
intent_ambiguity,0.40,recovery_aware_mpc,boundary_calibration_error,0.265468,0.000799,10
intent_ambiguity,0.40,recovery_aware_mpc,override_precision,0.550247,0.000696,10
intent_ambiguity,0.40,recovery_aware_mpc,unsafe_autonomy,0.123831,0.000219,10
intent_ambiguity,0.40,recovery_aware_mpc,robust_utility,0.071207,0.022209,10
intent_ambiguity,0.60,authority_boundary_v5,task_success,0.331667,0.040142,10
intent_ambiguity,0.60,authority_boundary_v5,safety_violation,0.226667,0.020342,10
intent_ambiguity,0.60,authority_boundary_v5,authority_regret,0.344703,0.000568,10
intent_ambiguity,0.60,authority_boundary_v5,human_burden,0.739506,0.001557,10
intent_ambiguity,0.60,authority_boundary_v5,late_handoff,0.369226,0.001139,10
intent_ambiguity,0.60,authority_boundary_v5,handoff_churn,0.496081,0.000953,10
intent_ambiguity,0.60,authority_boundary_v5,recovery_success,0.593403,0.000719,10
intent_ambiguity,0.60,authority_boundary_v5,intervention_cost,0.387669,0.000701,10
intent_ambiguity,0.60,authority_boundary_v5,boundary_calibration_error,0.299308,0.000501,10
intent_ambiguity,0.60,authority_boundary_v5,override_precision,0.483402,0.000593,10
intent_ambiguity,0.60,authority_boundary_v5,unsafe_autonomy,0.062761,0.000458,10
intent_ambiguity,0.60,authority_boundary_v5,robust_utility,-0.182424,0.044045,10
intent_ambiguity,0.60,bayesian_authority_allocation,task_success,0.265000,0.018671,10
intent_ambiguity,0.60,bayesian_authority_allocation,safety_violation,0.270000,0.020973,10
intent_ambiguity,0.60,bayesian_authority_allocation,authority_regret,0.365102,0.000667,10
intent_ambiguity,0.60,bayesian_authority_allocation,human_burden,0.763365,0.000852,10
intent_ambiguity,0.60,bayesian_authority_allocation,late_handoff,0.405749,0.000661,10
intent_ambiguity,0.60,bayesian_authority_allocation,handoff_churn,0.485050,0.001653,10
intent_ambiguity,0.60,bayesian_authority_allocation,recovery_success,0.513469,0.000480,10
intent_ambiguity,0.60,bayesian_authority_allocation,intervention_cost,0.380702,0.000687,10
intent_ambiguity,0.60,bayesian_authority_allocation,boundary_calibration_error,0.299635,0.000824,10
intent_ambiguity,0.60,bayesian_authority_allocation,override_precision,0.443054,0.001096,10
intent_ambiguity,0.60,bayesian_authority_allocation,unsafe_autonomy,0.062730,0.000258,10
intent_ambiguity,0.60,bayesian_authority_allocation,robust_utility,-0.297001,0.025712,10
intent_ambiguity,0.60,cbf_safety_filter,task_success,0.373333,0.009367,10
intent_ambiguity,0.60,cbf_safety_filter,safety_violation,0.172500,0.017566,10
intent_ambiguity,0.60,cbf_safety_filter,authority_regret,0.295372,0.000602,10
intent_ambiguity,0.60,cbf_safety_filter,human_burden,0.357883,0.000804,10
intent_ambiguity,0.60,cbf_safety_filter,late_handoff,0.358439,0.000902,10
intent_ambiguity,0.60,cbf_safety_filter,handoff_churn,0.415711,0.000637,10
intent_ambiguity,0.60,cbf_safety_filter,recovery_success,0.630106,0.000576,10
intent_ambiguity,0.60,cbf_safety_filter,intervention_cost,0.234805,0.000645,10
intent_ambiguity,0.60,cbf_safety_filter,boundary_calibration_error,0.289388,0.000847,10
intent_ambiguity,0.60,cbf_safety_filter,override_precision,0.513180,0.000870,10
intent_ambiguity,0.60,cbf_safety_filter,unsafe_autonomy,0.111230,0.000501,10
intent_ambiguity,0.60,cbf_safety_filter,robust_utility,0.026341,0.014436,10
intent_ambiguity,0.60,confidence_threshold_shared_control,task_success,0.093333,0.012838,10
intent_ambiguity,0.60,confidence_threshold_shared_control,safety_violation,0.339167,0.023105,10
intent_ambiguity,0.60,confidence_threshold_shared_control,authority_regret,0.472980,0.000449,10
intent_ambiguity,0.60,confidence_threshold_shared_control,human_burden,0.913109,0.001185,10
intent_ambiguity,0.60,confidence_threshold_shared_control,late_handoff,0.458471,0.001084,10
intent_ambiguity,0.60,confidence_threshold_shared_control,handoff_churn,0.545259,0.000757,10
intent_ambiguity,0.60,confidence_threshold_shared_control,recovery_success,0.319629,0.001154,10
intent_ambiguity,0.60,confidence_threshold_shared_control,intervention_cost,0.387808,0.000583,10
intent_ambiguity,0.60,confidence_threshold_shared_control,boundary_calibration_error,0.358601,0.000504,10
intent_ambiguity,0.60,confidence_threshold_shared_control,override_precision,0.323640,0.000757,10
intent_ambiguity,0.60,confidence_threshold_shared_control,unsafe_autonomy,0.063884,0.000159,10
intent_ambiguity,0.60,confidence_threshold_shared_control,robust_utility,-0.606338,0.019218,10
intent_ambiguity,0.60,mpc_risk_arbitration,task_success,0.416667,0.020660,10
intent_ambiguity,0.60,mpc_risk_arbitration,safety_violation,0.230833,0.021373,10
intent_ambiguity,0.60,mpc_risk_arbitration,authority_regret,0.274013,0.000436,10
intent_ambiguity,0.60,mpc_risk_arbitration,human_burden,0.402963,0.000840,10
intent_ambiguity,0.60,mpc_risk_arbitration,late_handoff,0.342826,0.000809,10
intent_ambiguity,0.60,mpc_risk_arbitration,handoff_churn,0.426473,0.000990,10
intent_ambiguity,0.60,mpc_risk_arbitration,recovery_success,0.698501,0.000935,10
intent_ambiguity,0.60,mpc_risk_arbitration,intervention_cost,0.302092,0.000777,10
intent_ambiguity,0.60,mpc_risk_arbitration,boundary_calibration_error,0.269552,0.000692,10
intent_ambiguity,0.60,mpc_risk_arbitration,override_precision,0.543374,0.001027,10
intent_ambiguity,0.60,mpc_risk_arbitration,unsafe_autonomy,0.123455,0.000284,10
intent_ambiguity,0.60,mpc_risk_arbitration,robust_utility,0.027977,0.028807,10
intent_ambiguity,0.60,pomdp_handoff_policy,task_success,0.342500,0.020725,10
intent_ambiguity,0.60,pomdp_handoff_policy,safety_violation,0.225833,0.021974,10
intent_ambiguity,0.60,pomdp_handoff_policy,authority_regret,0.313100,0.000922,10
intent_ambiguity,0.60,pomdp_handoff_policy,human_burden,0.587715,0.001334,10
intent_ambiguity,0.60,pomdp_handoff_policy,late_handoff,0.367038,0.001068,10
intent_ambiguity,0.60,pomdp_handoff_policy,handoff_churn,0.466837,0.000783,10
intent_ambiguity,0.60,pomdp_handoff_policy,recovery_success,0.627166,0.000643,10
intent_ambiguity,0.60,pomdp_handoff_policy,intervention_cost,0.362731,0.000789,10
intent_ambiguity,0.60,pomdp_handoff_policy,boundary_calibration_error,0.279082,0.000396,10
intent_ambiguity,0.60,pomdp_handoff_policy,override_precision,0.503314,0.000665,10
intent_ambiguity,0.60,pomdp_handoff_policy,unsafe_autonomy,0.094523,0.000398,10
intent_ambiguity,0.60,pomdp_handoff_policy,robust_utility,-0.117689,0.019385,10
intent_ambiguity,0.60,recovery_aware_mpc,task_success,0.413333,0.037262,10
intent_ambiguity,0.60,recovery_aware_mpc,safety_violation,0.214167,0.033032,10
intent_ambiguity,0.60,recovery_aware_mpc,authority_regret,0.288281,0.000639,10
intent_ambiguity,0.60,recovery_aware_mpc,human_burden,0.450509,0.000862,10
intent_ambiguity,0.60,recovery_aware_mpc,late_handoff,0.337662,0.000870,10
intent_ambiguity,0.60,recovery_aware_mpc,handoff_churn,0.435947,0.000675,10
intent_ambiguity,0.60,recovery_aware_mpc,recovery_success,0.748064,0.000728,10
intent_ambiguity,0.60,recovery_aware_mpc,intervention_cost,0.349761,0.000595,10
intent_ambiguity,0.60,recovery_aware_mpc,boundary_calibration_error,0.279289,0.000488,10
intent_ambiguity,0.60,recovery_aware_mpc,override_precision,0.533065,0.000850,10
intent_ambiguity,0.60,recovery_aware_mpc,unsafe_autonomy,0.119982,0.000344,10
intent_ambiguity,0.60,recovery_aware_mpc,robust_utility,0.018887,0.036800,10
intent_ambiguity,0.80,authority_boundary_v5,task_success,0.290833,0.025589,10
intent_ambiguity,0.80,authority_boundary_v5,safety_violation,0.240000,0.019448,10
intent_ambiguity,0.80,authority_boundary_v5,authority_regret,0.353343,0.000521,10
intent_ambiguity,0.80,authority_boundary_v5,human_burden,0.765410,0.000972,10
intent_ambiguity,0.80,authority_boundary_v5,late_handoff,0.395637,0.000730,10
intent_ambiguity,0.80,authority_boundary_v5,handoff_churn,0.522612,0.001233,10
intent_ambiguity,0.80,authority_boundary_v5,recovery_success,0.584280,0.000935,10
intent_ambiguity,0.80,authority_boundary_v5,intervention_cost,0.394670,0.000700,10
intent_ambiguity,0.80,authority_boundary_v5,boundary_calibration_error,0.319964,0.000719,10
intent_ambiguity,0.80,authority_boundary_v5,override_precision,0.458936,0.001375,10
intent_ambiguity,0.80,authority_boundary_v5,unsafe_autonomy,0.057840,0.000277,10
intent_ambiguity,0.80,authority_boundary_v5,robust_utility,-0.248741,0.029927,10
intent_ambiguity,0.80,bayesian_authority_allocation,task_success,0.195833,0.025333,10
intent_ambiguity,0.80,bayesian_authority_allocation,safety_violation,0.255000,0.020254,10
intent_ambiguity,0.80,bayesian_authority_allocation,authority_regret,0.374385,0.000706,10
intent_ambiguity,0.80,bayesian_authority_allocation,human_burden,0.789049,0.000954,10
intent_ambiguity,0.80,bayesian_authority_allocation,late_handoff,0.431287,0.001165,10
intent_ambiguity,0.80,bayesian_authority_allocation,handoff_churn,0.513478,0.000899,10
intent_ambiguity,0.80,bayesian_authority_allocation,recovery_success,0.503565,0.000849,10
intent_ambiguity,0.80,bayesian_authority_allocation,intervention_cost,0.387173,0.000596,10
intent_ambiguity,0.80,bayesian_authority_allocation,boundary_calibration_error,0.320423,0.000612,10
intent_ambiguity,0.80,bayesian_authority_allocation,override_precision,0.419154,0.000679,10
intent_ambiguity,0.80,bayesian_authority_allocation,unsafe_autonomy,0.058654,0.000267,10
intent_ambiguity,0.80,bayesian_authority_allocation,robust_utility,-0.374290,0.028704,10
intent_ambiguity,0.80,cbf_safety_filter,task_success,0.361667,0.019509,10
intent_ambiguity,0.80,cbf_safety_filter,safety_violation,0.175833,0.012757,10
intent_ambiguity,0.80,cbf_safety_filter,authority_regret,0.304824,0.000636,10
intent_ambiguity,0.80,cbf_safety_filter,human_burden,0.384462,0.001263,10
intent_ambiguity,0.80,cbf_safety_filter,late_handoff,0.384732,0.000878,10
intent_ambiguity,0.80,cbf_safety_filter,handoff_churn,0.442527,0.001043,10
intent_ambiguity,0.80,cbf_safety_filter,recovery_success,0.620446,0.001293,10
intent_ambiguity,0.80,cbf_safety_filter,intervention_cost,0.241001,0.000591,10
intent_ambiguity,0.80,cbf_safety_filter,boundary_calibration_error,0.310071,0.000539,10
intent_ambiguity,0.80,cbf_safety_filter,override_precision,0.489011,0.000976,10
intent_ambiguity,0.80,cbf_safety_filter,unsafe_autonomy,0.108802,0.000228,10
intent_ambiguity,0.80,cbf_safety_filter,robust_utility,-0.004951,0.018806,10
intent_ambiguity,0.80,confidence_threshold_shared_control,task_success,0.070000,0.011978,10
intent_ambiguity,0.80,confidence_threshold_shared_control,safety_violation,0.338333,0.032866,10
intent_ambiguity,0.80,confidence_threshold_shared_control,authority_regret,0.481760,0.000841,10
intent_ambiguity,0.80,confidence_threshold_shared_control,human_burden,0.939802,0.001066,10
intent_ambiguity,0.80,confidence_threshold_shared_control,late_handoff,0.485140,0.000947,10
intent_ambiguity,0.80,confidence_threshold_shared_control,handoff_churn,0.573253,0.000685,10
intent_ambiguity,0.80,confidence_threshold_shared_control,recovery_success,0.310978,0.000578,10
intent_ambiguity,0.80,confidence_threshold_shared_control,intervention_cost,0.394601,0.000641,10
intent_ambiguity,0.80,confidence_threshold_shared_control,boundary_calibration_error,0.380120,0.000410,10
intent_ambiguity,0.80,confidence_threshold_shared_control,override_precision,0.299538,0.000849,10
intent_ambiguity,0.80,confidence_threshold_shared_control,unsafe_autonomy,0.064539,0.000157,10
intent_ambiguity,0.80,confidence_threshold_shared_control,robust_utility,-0.646754,0.027798,10
intent_ambiguity,0.80,mpc_risk_arbitration,task_success,0.390000,0.030196,10
intent_ambiguity,0.80,mpc_risk_arbitration,safety_violation,0.199167,0.016233,10
intent_ambiguity,0.80,mpc_risk_arbitration,authority_regret,0.283888,0.000653,10
intent_ambiguity,0.80,mpc_risk_arbitration,human_burden,0.430006,0.000679,10
intent_ambiguity,0.80,mpc_risk_arbitration,late_handoff,0.369269,0.001250,10
intent_ambiguity,0.80,mpc_risk_arbitration,handoff_churn,0.452594,0.000925,10
intent_ambiguity,0.80,mpc_risk_arbitration,recovery_success,0.688833,0.000465,10
intent_ambiguity,0.80,mpc_risk_arbitration,intervention_cost,0.308083,0.000741,10
intent_ambiguity,0.80,mpc_risk_arbitration,boundary_calibration_error,0.290462,0.000546,10
intent_ambiguity,0.80,mpc_risk_arbitration,override_precision,0.518548,0.000624,10
intent_ambiguity,0.80,mpc_risk_arbitration,unsafe_autonomy,0.120229,0.000240,10
intent_ambiguity,0.80,mpc_risk_arbitration,robust_utility,0.003247,0.030116,10
intent_ambiguity,0.80,pomdp_handoff_policy,task_success,0.305833,0.024717,10
intent_ambiguity,0.80,pomdp_handoff_policy,safety_violation,0.225000,0.027547,10
intent_ambiguity,0.80,pomdp_handoff_policy,authority_regret,0.321066,0.000756,10
intent_ambiguity,0.80,pomdp_handoff_policy,human_burden,0.613539,0.000517,10
intent_ambiguity,0.80,pomdp_handoff_policy,late_handoff,0.393440,0.001118,10
intent_ambiguity,0.80,pomdp_handoff_policy,handoff_churn,0.492843,0.000901,10
intent_ambiguity,0.80,pomdp_handoff_policy,recovery_success,0.618756,0.000676,10
intent_ambiguity,0.80,pomdp_handoff_policy,intervention_cost,0.369005,0.000564,10
intent_ambiguity,0.80,pomdp_handoff_policy,boundary_calibration_error,0.300058,0.000540,10
intent_ambiguity,0.80,pomdp_handoff_policy,override_precision,0.479060,0.000983,10
intent_ambiguity,0.80,pomdp_handoff_policy,unsafe_autonomy,0.090153,0.000252,10
intent_ambiguity,0.80,pomdp_handoff_policy,robust_utility,-0.170674,0.026560,10
intent_ambiguity,0.80,recovery_aware_mpc,task_success,0.396667,0.022209,10
intent_ambiguity,0.80,recovery_aware_mpc,safety_violation,0.219167,0.026899,10
intent_ambiguity,0.80,recovery_aware_mpc,authority_regret,0.298591,0.000751,10
intent_ambiguity,0.80,recovery_aware_mpc,human_burden,0.477009,0.001552,10
intent_ambiguity,0.80,recovery_aware_mpc,late_handoff,0.364500,0.000722,10
intent_ambiguity,0.80,recovery_aware_mpc,handoff_churn,0.462736,0.000953,10
intent_ambiguity,0.80,recovery_aware_mpc,recovery_success,0.738589,0.001001,10
intent_ambiguity,0.80,recovery_aware_mpc,intervention_cost,0.356772,0.000824,10
intent_ambiguity,0.80,recovery_aware_mpc,boundary_calibration_error,0.300467,0.000743,10
intent_ambiguity,0.80,recovery_aware_mpc,override_precision,0.508823,0.000824,10
intent_ambiguity,0.80,recovery_aware_mpc,unsafe_autonomy,0.116253,0.000491,10
intent_ambiguity,0.80,recovery_aware_mpc,robust_utility,-0.018785,0.035514,10
intent_ambiguity,1.00,authority_boundary_v5,task_success,0.278334,0.019048,10
intent_ambiguity,1.00,authority_boundary_v5,safety_violation,0.260000,0.030683,10
intent_ambiguity,1.00,authority_boundary_v5,authority_regret,0.358685,0.000712,10
intent_ambiguity,1.00,authority_boundary_v5,human_burden,0.778791,0.001169,10
intent_ambiguity,1.00,authority_boundary_v5,late_handoff,0.410041,0.000979,10
intent_ambiguity,1.00,authority_boundary_v5,handoff_churn,0.534205,0.000834,10
intent_ambiguity,1.00,authority_boundary_v5,recovery_success,0.579506,0.000893,10
intent_ambiguity,1.00,authority_boundary_v5,intervention_cost,0.396844,0.000473,10
intent_ambiguity,1.00,authority_boundary_v5,boundary_calibration_error,0.337149,0.000727,10
intent_ambiguity,1.00,authority_boundary_v5,override_precision,0.439947,0.000795,10
intent_ambiguity,1.00,authority_boundary_v5,unsafe_autonomy,0.055811,0.000367,10
intent_ambiguity,1.00,authority_boundary_v5,robust_utility,-0.282483,0.028392,10
intent_ambiguity,1.00,bayesian_authority_allocation,task_success,0.213333,0.025791,10
intent_ambiguity,1.00,bayesian_authority_allocation,safety_violation,0.260833,0.030024,10
intent_ambiguity,1.00,bayesian_authority_allocation,authority_regret,0.379436,0.001018,10
intent_ambiguity,1.00,bayesian_authority_allocation,human_burden,0.803884,0.000993,10
intent_ambiguity,1.00,bayesian_authority_allocation,late_handoff,0.445690,0.000828,10
intent_ambiguity,1.00,bayesian_authority_allocation,handoff_churn,0.525279,0.000786,10
intent_ambiguity,1.00,bayesian_authority_allocation,recovery_success,0.499498,0.001107,10
intent_ambiguity,1.00,bayesian_authority_allocation,intervention_cost,0.389641,0.000979,10
intent_ambiguity,1.00,bayesian_authority_allocation,boundary_calibration_error,0.337081,0.000324,10
intent_ambiguity,1.00,bayesian_authority_allocation,override_precision,0.399932,0.000683,10
intent_ambiguity,1.00,bayesian_authority_allocation,unsafe_autonomy,0.056651,0.000198,10
intent_ambiguity,1.00,bayesian_authority_allocation,robust_utility,-0.369523,0.032765,10
intent_ambiguity,1.00,cbf_safety_filter,task_success,0.359167,0.031601,10
intent_ambiguity,1.00,cbf_safety_filter,safety_violation,0.181667,0.021058,10
intent_ambiguity,1.00,cbf_safety_filter,authority_regret,0.310025,0.000835,10
intent_ambiguity,1.00,cbf_safety_filter,human_burden,0.398259,0.000890,10
intent_ambiguity,1.00,cbf_safety_filter,late_handoff,0.398346,0.000851,10
intent_ambiguity,1.00,cbf_safety_filter,handoff_churn,0.454555,0.001186,10
intent_ambiguity,1.00,cbf_safety_filter,recovery_success,0.617035,0.000729,10
intent_ambiguity,1.00,cbf_safety_filter,intervention_cost,0.243601,0.000686,10
intent_ambiguity,1.00,cbf_safety_filter,boundary_calibration_error,0.326692,0.000439,10
intent_ambiguity,1.00,cbf_safety_filter,override_precision,0.470339,0.001125,10
intent_ambiguity,1.00,cbf_safety_filter,unsafe_autonomy,0.108634,0.000385,10
intent_ambiguity,1.00,cbf_safety_filter,robust_utility,-0.019834,0.036922,10
intent_ambiguity,1.00,confidence_threshold_shared_control,task_success,0.072500,0.015409,10
intent_ambiguity,1.00,confidence_threshold_shared_control,safety_violation,0.311667,0.017759,10
intent_ambiguity,1.00,confidence_threshold_shared_control,authority_regret,0.487225,0.000563,10
intent_ambiguity,1.00,confidence_threshold_shared_control,human_burden,0.954023,0.001143,10
intent_ambiguity,1.00,confidence_threshold_shared_control,late_handoff,0.499634,0.000878,10
intent_ambiguity,1.00,confidence_threshold_shared_control,handoff_churn,0.584455,0.000898,10
intent_ambiguity,1.00,confidence_threshold_shared_control,recovery_success,0.305798,0.000924,10
intent_ambiguity,1.00,confidence_threshold_shared_control,intervention_cost,0.397490,0.000556,10
intent_ambiguity,1.00,confidence_threshold_shared_control,boundary_calibration_error,0.396651,0.000604,10
intent_ambiguity,1.00,confidence_threshold_shared_control,override_precision,0.279745,0.000666,10
intent_ambiguity,1.00,confidence_threshold_shared_control,unsafe_autonomy,0.065241,0.000167,10
intent_ambiguity,1.00,confidence_threshold_shared_control,robust_utility,-0.636866,0.016153,10
intent_ambiguity,1.00,mpc_risk_arbitration,task_success,0.383333,0.019930,10
intent_ambiguity,1.00,mpc_risk_arbitration,safety_violation,0.195833,0.013611,10
intent_ambiguity,1.00,mpc_risk_arbitration,authority_regret,0.289592,0.000434,10
intent_ambiguity,1.00,mpc_risk_arbitration,human_burden,0.444136,0.001198,10
intent_ambiguity,1.00,mpc_risk_arbitration,late_handoff,0.383240,0.000818,10
intent_ambiguity,1.00,mpc_risk_arbitration,handoff_churn,0.464670,0.001005,10
intent_ambiguity,1.00,mpc_risk_arbitration,recovery_success,0.685046,0.001062,10
intent_ambiguity,1.00,mpc_risk_arbitration,intervention_cost,0.311079,0.000561,10
intent_ambiguity,1.00,mpc_risk_arbitration,boundary_calibration_error,0.306850,0.000686,10
intent_ambiguity,1.00,mpc_risk_arbitration,override_precision,0.499283,0.000841,10
intent_ambiguity,1.00,mpc_risk_arbitration,unsafe_autonomy,0.118830,0.000388,10
intent_ambiguity,1.00,mpc_risk_arbitration,robust_utility,-0.010457,0.023826,10
intent_ambiguity,1.00,pomdp_handoff_policy,task_success,0.278333,0.022209,10
intent_ambiguity,1.00,pomdp_handoff_policy,safety_violation,0.245000,0.023125,10
intent_ambiguity,1.00,pomdp_handoff_policy,authority_regret,0.326529,0.000436,10
intent_ambiguity,1.00,pomdp_handoff_policy,human_burden,0.628440,0.001083,10
intent_ambiguity,1.00,pomdp_handoff_policy,late_handoff,0.407806,0.000868,10
intent_ambiguity,1.00,pomdp_handoff_policy,handoff_churn,0.504663,0.000667,10
intent_ambiguity,1.00,pomdp_handoff_policy,recovery_success,0.613622,0.000789,10
intent_ambiguity,1.00,pomdp_handoff_policy,intervention_cost,0.371633,0.000654,10
intent_ambiguity,1.00,pomdp_handoff_policy,boundary_calibration_error,0.316886,0.000699,10
intent_ambiguity,1.00,pomdp_handoff_policy,override_precision,0.460597,0.000970,10
intent_ambiguity,1.00,pomdp_handoff_policy,unsafe_autonomy,0.087939,0.000295,10
intent_ambiguity,1.00,pomdp_handoff_policy,robust_utility,-0.219907,0.028794,10
intent_ambiguity,1.00,recovery_aware_mpc,task_success,0.380833,0.019638,10
intent_ambiguity,1.00,recovery_aware_mpc,safety_violation,0.247500,0.030803,10
intent_ambiguity,1.00,recovery_aware_mpc,authority_regret,0.302785,0.000683,10
intent_ambiguity,1.00,recovery_aware_mpc,human_burden,0.491029,0.001075,10
intent_ambiguity,1.00,recovery_aware_mpc,late_handoff,0.379059,0.000767,10
intent_ambiguity,1.00,recovery_aware_mpc,handoff_churn,0.474460,0.000943,10
intent_ambiguity,1.00,recovery_aware_mpc,recovery_success,0.733173,0.000810,10
intent_ambiguity,1.00,recovery_aware_mpc,intervention_cost,0.359377,0.000655,10
intent_ambiguity,1.00,recovery_aware_mpc,boundary_calibration_error,0.316943,0.000487,10
intent_ambiguity,1.00,recovery_aware_mpc,override_precision,0.489718,0.000659,10
intent_ambiguity,1.00,recovery_aware_mpc,unsafe_autonomy,0.114671,0.000351,10
intent_ambiguity,1.00,recovery_aware_mpc,robust_utility,-0.061028,0.025449,10
