uid,title,abstract,year,venue,authors,doi,arxiv_id,url,source,query,query_role,family,advisor_seed,citation_count,matched_terms,retrieved_at,relevance_score,hostile_score
doi:10.1016/j.ifacol.2020.12.2751,Haptic Shared Control for Human-Robot Collaboration: A Game-Theoretical Approach,"Complementing human and robot capabilities is essential for many tasks, e.g. rehabilitation and collaborative manufacturing. However, it is still not clear how control between humans and robots should be shared in order to ensure efficient task execution and intuitive interaction. Game theory seems as a promising mathematical framework that allows: i) posing this challenge as a dynamic negotiation (game) among human and robot (players) and ii) solving it to obtain optimal solution. In this work, we propose a differential game-theoretic shared control approach for human-robot haptic collaboration with Nash equilibrium optimal solution. We validate the proposed approach experimentally in a scenario where human is physically coupled with a haptic device and interacts with a virtual reality to perform a trajectory tracking task.",2020,IFAC-PapersOnLine,Selma Musić; Sandra Hirche,10.1016/j.ifacol.2020.12.2751,,https://doi.org/10.1016/j.ifacol.2020.12.2751,openalex,robotics,concept,openalex_bulk_robotics,,27,,2026-06-12T18:57:17Z,27.416,27.416
doi:10.66238/ijcbs40,Safety-Critical Control for Human-Robot Interaction in Shared Workspaces using Control Barrier Functions,"The transition from isolated industrial automation to collaborative environments where humans and robots operate in shared workspaces presents significant challenges in ensuring safety without compromising operational efficiency. This paper investigates the application of Control Barrier Functions as a rigorous mathematical framework for synthesizing safety-critical controllers in human-robot interaction scenarios. Unlike traditional safety protocols that rely on stopping mechanisms or wide separation distances, the proposed approach allows for continuous, seamless operation by formally guaranteeing that the robotic system state remains within a forward-invariant safe set. We formulate the control problem as a Quadratic Program that mediates between a nominal performance-driven controller and safety constraints derived from the barrier functions. This formulation enables the system to de",2026,International Journal of Computational and Biological Sciences,James Anderson; Emily Johnson,10.66238/ijcbs40,,https://doi.org/10.66238/ijcbs40,crossref,control barrier functions robot learning,anti_myopia,control,,,safety constraint; control barrier function; human robot interaction,2026-06-12T15:07:36Z,27.300,30.300
doi:10.1002/rob.21671,Collaborative Autonomy between High‐level Behaviors and Human Operators for Remote Manipulation Tasks using Different Humanoid Robots,"Team ViGIR and Team Hector participated in the DARPA Robotics Challenge (DRC) Finals, held June 2015 in Pomona, California, along with 21 other teams from around the world. Both teams competed using the same high‐level software, in conjunction with independently developed low‐level software specific to their humanoid robots. On the basis of previous work on operator‐centric manipulation control at the level of affordances, we developed an approach that allows one or more human operators to share control authority with a high‐level behavior controller. This collaborative autonomy decreases the completion time of manipulation tasks, increases the reliability of the human‐robot team, and allows the operators to adjust the robotic system's autonomy on‐the‐fly. This article discusses the technical challenges we faced and overcame during our efforts to allow the human operators to interact wit",2017,Journal of Field Robotics,Alberto Romay; Stefan Kohlbrecher; Alexander Stumpf; Oskar von Stryk; Spyros Maniatopoulos; Hadas Kress‐Gazit; Philipp Schillinger; David C. Conner,10.1002/rob.21671,,https://doi.org/10.1002/rob.21671,crossref,physical reasoning robotics manipulation,concept,physical_reasoning,,21,humanoid robot,2026-06-12T15:07:36Z,26.296,26.296
doi:10.1109/lra.2021.3064449,Toward Seamless Transitions Between Shared Control and Supervised Autonomy in Robotic Assistance,"Assistive robots aim to help humans with impairments execute motor tasks in everyday household environments. Controlling the end-effector of such robots directly, for instance with a joystick, is often cumbersome. Shared control methods, like Shared Control Templates (SCTs) [1], have therefore been proposed to provide support for robotic control. Moreover, depending on factors such as workload, system trust or engagement, users may like to freely adjust the level of autonomy, for instance by letting the robot complete a task by itself. In this letter, we present a concept for adjustable autonomy in the context of robotic assistance. We extend the SCT approach with an automatic control module that allows the user to switch between Shared Control and Supervised Autonomy at any time during task execution. As both support modes use the same action representation, transitions are seamless. We",2021,IEEE Robotics and Automation Letters,Samuel Bustamante; Gabriel Quere; Katharina Hagmann; Xuwei Wu; Peter Schmaus; Jörn Vogel; Freek Stulp; Daniel Leidner,10.1109/lra.2021.3064449,,https://doi.org/10.1109/lra.2021.3064449,openalex,energy based policy robotics,concept,ebm,,21,humanoid robot; assistive robot,2026-06-12T18:05:07Z,25.796,25.796
doi:10.1115/1.4039145,"A Review of Intent Detection, Arbitration, and Communication Aspects of Shared Control for Physical Human–Robot Interaction","As robotic devices are applied to problems beyond traditional manufacturing and industrial settings, we find that interaction between robots and humans, especially physical interaction, has become a fast developing field. Consider the application of robotics in healthcare, where we find telerobotic devices in the operating room facilitating dexterous surgical procedures, exoskeletons in the rehabilitation domain as walking aids and upper-limb movement assist devices, and even robotic limbs that are physically integrated with amputees who seek to restore their independence and mobility. In each of these scenarios, the physical coupling between human and robot, often termed physical human robot interaction (pHRI), facilitates new human performance capabilities and creates an opportunity to explore the sharing of task execution and control between humans and robots. In this review, we provi",2018,Applied Mechanics Reviews,Dylan P. Losey; Craig G. McDonald; Edoardo Battaglia; Marcia K. O’Malley,10.1115/1.4039145,,https://doi.org/10.1115/1.4039145,openalex,energy based model robot learning,concept,ebm,,373,human robot interaction,2026-06-12T18:05:07Z,25.612,25.612
doi:10.3389/fnbot.2020.567571,Toward Shared Autonomy Control Schemes for Human-Robot Systems: Action Primitive Recognition Using Eye Gaze Features,"The functional independence of individuals with upper limb impairment could be enhanced by teleoperated robots that can assist with activities of daily living. However, robot control is not always intuitive for the operator. In this work, eye gaze was leveraged as a natural way to infer human intent and advance action recognition for shared autonomy control schemes. We introduced a classifier structure for recognizing low-level action primitives that incorporates novel three-dimensional gaze-related features. We defined an action primitive as a triplet comprised of a verb, target object, and hand object. A recurrent neural network was trained to recognize a verb and target object, and was tested on three different activities. For a representative activity (making a powdered drink), the average recognition accuracy was 77% for the verb and 83% for the target object. Using a non-specific a",2020,Frontiers in Neurorobotics,Xiaoyu Wang; Alireza Haji Fathaliyan; Veronica J. Santos,10.3389/fnbot.2020.567571,,https://doi.org/10.3389/fnbot.2020.567571,openalex,energy based policy robotics,concept,ebm,,14,latency,2026-06-12T18:05:07Z,25.404,25.404
doi:10.1109/icra40945.2020.9196941,Adaptive Authority Allocation in Shared Control of Robots Using Bayesian Filters,"In the present paper, we propose a novel system-driven adaptive shared control framework in which the autonomous system allocates the authority among the human operator and itself. Authority allocation is based on a metric derived from a Bayesian filter, which is being adapted online according to real measurements. In this way, time-varying measurement noise characteristics are incorporated. We present the stability proof for the proposed shared control architecture with adaptive authority allocation, which includes time delay in the communication channel between the operator and the robot. Furthermore, the proposed method is validated through experiments and a user-study evaluation. The obtained results indicate significant improvements in task execution compared with pure teleoperation.",2020,,Ribin Balachandran; Hrishik Mishra; Matteo Cappelli; Bernhard Weber; Cristian Secchi; Christian Ott; Alin Albu‐Schäffer,10.1109/icra40945.2020.9196941,,https://doi.org/10.1109/icra40945.2020.9196941,openalex,robotics,concept,openalex_bulk_robotics,,26,teleoperation,2026-06-12T18:57:17Z,25.048,26.048
doi:10.1515/pjbr-2019-0002,Autonomy in surgical robots and its meaningful human control,"Abstract This article focuses on ethical issues raised by increasing levels of autonomy for surgical robots. These ethical issues are explored mainly by reference to state-ofart case studies and imminent advances in Minimally Invasive Surgery (MIS) and Microsurgery. In both area, surgicalworkspace is limited and the required precision is high. For this reason, increasing levels of robotic autonomy can make a significant difference there, and ethically justified control sharing between humans and robots must be introduced. In particular, from a responsibility and accountability perspective suitable policies for theMeaningfulHuman Control (MHC) of increasingly autonomous surgical robots are proposed. It is highlighted how MHC should be modulated in accordance with various levels of autonomy for MIS and Microsurgery robots. Moreover, finer MHC distinctions are introduced to deal with contex",2018,Paladyn Journal of Behavioral Robotics,Fanny Ficuciello; Guglielmo Tamburrini; Alberto Arezzo; Luigi Villani; Bruno Siciliano,10.1515/pjbr-2019-0002,,https://doi.org/10.1515/pjbr-2019-0002,openalex,robotics,concept,openalex_bulk_robotics,,90,surgical robot,2026-06-12T18:57:17Z,24.905,24.905
doi:10.1007/s10846-023-02023-w,A Shared Control Approach Based on First-Order Dynamical Systems and Closed-Loop Variable Stiffness Control,"Abstract In this paper, we present a novel learning-based shared control framework. This framework deploys first-order Dynamical Systems (DS) as motion generators providing the desired reference motion, and a Variable Stiffness Dynamical Systems (VSDS) (Chen et al. 2021) for haptic guidance. We show how to shape several features of our controller in order to achieve authority allocation, local motion refinement, in addition to the inherent ability of the controller to automatically synchronize with the human state during joint task execution. We validate our approach in a teleoperated task scenario, where we also showcase the ability of our framework to deal with situations that require updating task knowledge due to possible changes in the task scenario, or changes in the environment. Finally, we conduct a user study to compare the performance of our VSDS controller for guidance generat",2023,Journal of Intelligent & Robotic Systems,Haotian Xue; Youssef Michel; Dongheui Lee,10.1007/s10846-023-02023-w,,https://doi.org/10.1007/s10846-023-02023-w,crossref,hybrid systems robot control manipulation,anti_myopia,control,,3,hybrid systems,2026-06-12T15:07:36Z,24.593,27.593
doi:10.1109/lra.2023.3287039,The Impacts of Unreliable Autonomy in Human-Robot Collaboration on Shared and Supervisory Control for Remote Manipulation,,2023,IEEE Robotics and Automation Letters,Tsung-Chi Lin; Achyuthan Unni Krishnan; Zhi Li,10.1109/lra.2023.3287039,,https://doi.org/10.1109/lra.2023.3287039,crossref,robot world models manipulation,concept,world_models,,11,robot world model,2026-06-12T15:07:36Z,24.442,24.442
doi:10.1109/icra57147.2024.10610761,Shared Autonomy via Variable Impedance Control and Virtual Potential Fields for Encoding Human Demonstrations *,,2024,2024 IEEE International Conference on Robotics and Automation (ICRA),Shail Jadav; Johannes Heidersberger; Christian Ott; Dongheui Lee,10.1109/icra57147.2024.10610761,,https://doi.org/10.1109/icra57147.2024.10610761,crossref,robotics,concept,crossref_bulk_robotics,,7,impedance control; human demonstration,2026-06-12T19:29:26Z,24.440,24.440
arxiv:2112.00279v1,A Barrier Pair Method for Safe Human-Robot Shared Autonomy,"Shared autonomy provides a framework where a human and an automated system, such as a robot, jointly control the system's behavior, enabling an effective solution for various applications, including human-robot interaction. However, a challenging problem in shared autonomy is safety because the human input may be unknown and unpredictable, which affects the robot's safety constraints. If the human input is a force applied through physical contact with the robot, it also alters the robot's behavior to maintain safety. We address the safety issue of shared autonomy in real-time applications by proposing a two-layer control framework. In the first layer, we use the history of human input measurements to infer what the human wants the robot to do and define the robot's safety constraints according to that inference. In the second layer, we formulate a rapidly-exploring random tree of barrier",2021,arXiv,Binghan He; Mahsa Ghasemi; Ufuk Topcu; Luis Sentis,,2112.00279v1,http://arxiv.org/abs/2112.00279v1,arxiv,control barrier functions robot learning,anti_myopia,control,,,safety constraint; control barrier function; human robot interaction,2026-06-12T15:07:36Z,24.350,27.350
doi:10.1142/s021984361850010x,Modeling and Path-Following Control of a Wheelchair in Human-Shared Environments,"This work presents the kinematic and dynamic modeling of a human–wheelchair system which considers that its center of mass is not located in the middle of the wheel’s axle. Furthermore, a novel motion controller is presented for a human–wheelchair system, which is capable of performing positioning and path-following tasks in human-shared environments. This controller design is based on two cascaded subsystems: a kinematic controller, and a dynamic controller that compensates the dynamics of the human–wheelchair system. Additionally, an algorithm based on fuzzy-logic is proposed and incorporated in the aforementioned path-following control for pedestrian collision avoidance. This methodology considers to quantify heuristics social rules to make a balance between modulating velocity or direction during the avoidance. Three different interference cases, commonly found during walking events,",2018,International Journal of Humanoid Robotics,Daniel Herrera; Flavio Roberti; Ricardo Carelli; Victor Andaluz; José Varela; Jessica Ortiz; Paúl Canseco,10.1142/s021984361850010x,,https://doi.org/10.1142/s021984361850010x,crossref,EBM transformer robotics humanoid robot,concept,architecture_x_embodiment,,11,EBM transformer robotics; humanoid robot,2026-06-12T15:07:36Z,24.192,24.192
doi:10.1115/dscc2020-3296,Adaptive Impedance Control for the Haptic Shared Driving Task Based on Nonlinear MPC,"Abstract This paper presents an adaptive haptic shared control framework wherein a driver and an automation system are physically connected through a motorized steering wheel. The automation system is modeled as an intelligent agent that is not only capable of making decisions but also monitoring the human’s behavior and adjusting its behavior accordingly. To enable the automation system to smoothly exchange the control authority with the human partner, this paper introduces a novel self-regulating impedance controller for the automation system. To determine an optimal modulation policy, a cost function is defined. The terms of the cost function are assigned to minimize the performance error and reduce the disagreement between the human and automation system. To solve the optimal control problem, we employed a nonlinear model predictive approach and used the continuation generalized mini",2020,Volume 1: Adaptive/Intelligent Sys. Control; Driver Assistance/Autonomous Tech.; Control Design Methods; Nonlinear Control; Robotics; Assistive/Rehabilitation Devices; Biomedical/Neural Systems; Building Energy Systems; Connected Vehicle Systems; Control/Estimation of Energy Systems; Control Apps.; Smart Buildings/Microgrids; Education; Human-Robot Systems; Soft Mechatronics/Robotic Components/Systems; Energy/Power Systems; Energy Storage; Estimation/Identification; Vehicle Efficiency/Emissions,Vahid Izadi; Amir H. Ghasemi,10.1115/dscc2020-3296,,https://doi.org/10.1115/dscc2020-3296,crossref,hybrid systems robot control manipulation,anti_myopia,control,,4,impedance control; hybrid systems,2026-06-12T15:07:36Z,24.105,29.105
doi:10.1002/rob.21835,Shared autonomy for low‐cost underwater vehicles,"Abstract This field report presents an overview of the development and testing of a semi‐autonomous underwater vehicle (sAUV). The work presented here is aimed at bridging the gap between current remotely operated vehicles and autonomous research platforms by developing shared autonomy capabilities for low‐cost underwater vehicles. We use commercially available components and open‐source software interfaces to provide a wider range of capabilities for underwater autonomy research at a lower cost than previously available systems. We describe the overall structure of the system, discuss its capabilities, and provide results demonstrating system performance. We place particular emphasis on shared autonomy, where a human operator is assisted in controlling an underwater tethered vehicle. We present three capabilities developed for the sAUV: (a) an assisted control mode that provides a varia",2019,Journal of Field Robotics,Nicholas Lawrance; Robert DeBortoli; Dylan Jones; Seth McCammon; Lauren Milliken; Austin Nicolai; Thane Somers; Geoffrey Hollinger,10.1002/rob.21835,,https://doi.org/10.1002/rob.21835,crossref,neural radiance field robotics,concept,architecture,,12,neural radiance field robotics; limitation; deployment,2026-06-12T15:07:36Z,23.782,25.782
doi:10.1017/s0263574717000510,Obstacle avoidance control of a human-in-the-loop mobile robot system using harmonic potential fields,"SUMMARY This paper considers applications where a human agent is navigating a semi-autonomous mobile robot in an environment with obstacles. The human input to the robot can be based on a desired navigation objective, which may not be known to the robot. Additionally, the semi-autonomous robot can be programmed to ensure obstacle avoidance as it navigates the environment. A shared control architecture can be used to appropriately fuse the human and the autonomy inputs to obtain a net control input that drives the robot. In this paper, an adaptive, near-continuous control allocation function is included in the shared controller, which continuously varies the control effort exerted by the human and the autonomy based on the position of the robot relative to obstacles. The developed control allocation function facilitates the human to freely navigate the robot when away from obstacles, and ",2017,Robotica,C. Ton; Zhen Kan; S. S. Mehta,10.1017/s0263574717000510,,https://doi.org/10.1017/s0263574717000510,openalex,robotics,concept,openalex_bulk_robotics,,25,,2026-06-12T18:57:17Z,23.779,23.779
doi:10.1109/roman.2012.6343867,Human-machine interaction as key technology for driverless driving - A trajectory-based shared autonomy control approach,,2012,2012 IEEE RO-MAN: The 21st IEEE International Symposium on Robot and Human Interactive Communication,S. Gnatzig; F. Schuller; M. Lienkamp,10.1109/roman.2012.6343867,,https://doi.org/10.1109/roman.2012.6343867,crossref,interactive robot learning human feedback,concept,hri,,44,,2026-06-12T15:07:36Z,23.503,23.503
doi:10.1115/dscc2020-3313,Towards Explainable Co-Robots: Developing Confidence-Based Shared Control Paradigms,"Abstract In this paper, we aim to develop a shared control framework wherein the control authority is dynamically allocated between the human operator and the automation system. To this end, we have defined a shared control paradigm wherein the blending mechanism uses the confidence between a human and co-robot to allocate the control authority. To capture the confidence between the human and robot, qualitatively, a simple-but-generic model is presented wherein the confidence of human-to-robot and robot-to-human is a function of the human’s performance and robot’s performance. The computed confidence will then be used to adjust the level of autonomy between the two agents dynamically. To validate our novel framework, we propose case studies in which the steering control of a semi-automated system is shared between the human and onboard automation systems. The numerical simulations demons",2020,Volume 1: Adaptive/Intelligent Sys. Control; Driver Assistance/Autonomous Tech.; Control Design Methods; Nonlinear Control; Robotics; Assistive/Rehabilitation Devices; Biomedical/Neural Systems; Building Energy Systems; Connected Vehicle Systems; Control/Estimation of Energy Systems; Control Apps.; Smart Buildings/Microgrids; Education; Human-Robot Systems; Soft Mechatronics/Robotic Components/Systems; Energy/Power Systems; Energy Storage; Estimation/Identification; Vehicle Efficiency/Emissions,Daniel Saraphis; Vahid Izadi; Amirhossein Ghasemi,10.1115/dscc2020-3313,,https://doi.org/10.1115/dscc2020-3313,crossref,hybrid systems robot control manipulation,anti_myopia,control,,,hybrid systems,2026-06-12T15:07:36Z,23.300,26.300
doi:10.1017/s0263574714000356,Kinematic modeling and control for human-robot cooperation considering different interaction roles,"SUMMARY This paper presents a novel approach for the description of physical human-robot interaction (pHRI) tasks that involve two-arm coordination, and where tasks are described by the relative pose between the human hand and the robot hand. We develop a unified kinematic model that takes into account the human-robot system from a holistic point of view, and we also propose a kinematic control strategy for pHRI that comprises different levels of shared autonomy. Since the kinematic model takes into account the complete human-robot interaction system and the kinematic control law is closed loop at the interaction level, the kinematic constraints of the task are enforced during its execution. Experiments are performed in order to validate the proposed approach, including a particular case where the robot controls the human arm by means of functional electrical stimulation (FES), which may",2014,Robotica,Bruno Vilhena Adorno; Antônio Padilha Lanari Bó; Philippe Fraisse,10.1017/s0263574714000356,,https://doi.org/10.1017/s0263574714000356,openalex,robotics,concept,openalex_bulk_robotics,,21,robot hand; human robot interaction,2026-06-12T18:57:17Z,23.296,23.296
doi:10.3389/frobt.2024.1323980,Meaningful human control and variable autonomy in human-robot teams for firefighting,"Introduction: Humans and robots are increasingly collaborating on complex tasks such as firefighting. As robots are becoming more autonomous, collaboration in human-robot teams should be combined with meaningful human control. Variable autonomy approaches can ensure meaningful human control over robots by satisfying accountability, responsibility, and transparency. To verify whether variable autonomy approaches truly ensure meaningful human control, the concept should be operationalized to allow its measurement. So far, designers of variable autonomy approaches lack metrics to systematically address meaningful human control. Methods: Therefore, this qualitative focus group ( n = 5 experts) explored quantitative operationalizations of meaningful human control during dynamic task allocation using variable autonomy in human-robot teams for firefighting. This variable autonomy approach requi",2024,Frontiers in Robotics and AI,Ruben Verhagen; Mark A. Neerincx; Myrthe L. Tielman,10.3389/frobt.2024.1323980,,https://doi.org/10.3389/frobt.2024.1323980,openalex,robotics,concept,openalex_bulk_robotics,,15,,2026-06-12T18:57:17Z,23.236,23.236
doi:10.1109/lra.2021.3100603,Autonomy in Physical Human-Robot Interaction: A Brief Survey,"Sharing the control of a robotic system with an autonomous controller allows a human to reduce his/her cognitive and physical workload during the execution of a task. In recent years, the development of inference and learning techniques has widened the spectrum of applications of shared control (SC) approaches, leading to robotic systems that are capable of seamless adaptation of their autonomy level. In this perspective, shared autonomy (SA) can be defined as the design paradigm that enables this adapting behavior of the robotic system. This letter collects the latest results achieved by the research community in the field of SC and SA with special emphasis on physical human-robot interaction (pHRI). Architectures and methods developed for SC and SA are discussed throughout the letter, highlighting the key aspects of each methodology. A discussion about open issues concludes this letter",2021,IEEE Robotics and Automation Letters,Mario Selvaggio; Marco Cognetti; Stefanos Nikolaidis; Serena Ivaldi; Bruno Siciliano,10.1109/lra.2021.3100603,,https://doi.org/10.1109/lra.2021.3100603,openalex,robotics,concept,openalex_bulk_robotics,,190,human robot interaction,2026-06-12T18:57:17Z,23.226,23.226
doi:10.1109/tcyb.2021.3107357,Adaptive-Constrained Impedance Control for Human–Robot Co-Transportation,"Human-robot co-transportation allows for a human and a robot to perform an object transportation task cooperatively on a shared environment. This range of applications raises a great number of theoretical and practical challenges arising mainly from the unknown human-robot interaction model as well as from the difficulty of accurately model the robot dynamics. In this article, an adaptive impedance controller for human-robot co-transportation is put forward in task space. Vision and force sensing are employed to obtain the human hand position, and to measure the interaction force between the human and the robot. Using the latest developments in nonlinear control theory, we propose a robot end-effector controller to track the motion of the human partner under actuators' input constraints, unknown initial conditions, and unknown robot dynamics. The proposed adaptive impedance control algor",2021,IEEE Transactions on Cybernetics,Xinbo Yu; Bin Li; Wei He; Yanghe Feng; Long Cheng; Carlos Silvestre,10.1109/tcyb.2021.3107357,,https://doi.org/10.1109/tcyb.2021.3107357,openalex,robotics,concept,openalex_bulk_robotics,,173,impedance control; human robot interaction,2026-06-12T18:57:17Z,23.180,23.180
doi:10.1007/978-3-319-74666-1_12,Collaborative Autonomy Between High-Level Behaviors and Human Operators for Control of Complex Tasks with Different Humanoid Robots,,2018,Springer Tracts in Advanced Robotics The DARPA Robotics Challenge Finals: Humanoid Robots To The Rescue,David C. Conner; Stefan Kohlbrecher; Philipp Schillinger; Alberto Romay; Alexander Stumpf; Spyros Maniatopoulos; Hadas Kress-Gazit; Oskar von Stryk,10.1007/978-3-319-74666-1_12,,https://doi.org/10.1007/978-3-319-74666-1_12,crossref,EBM transformer robotics humanoid robot,concept,architecture_x_embodiment,,6,EBM transformer robotics; humanoid robot,2026-06-12T15:07:36Z,23.173,23.173
doi:10.1109/toh.2020.2969662,Caring About the Human Operator: Haptic Shared Control for Enhanced User Comfort in Robotic Telemanipulation,"Haptic shared control enables a human operator and an autonomous controller to share the control of a robotic system using haptic active constraints. It has been used in robotic teleoperation for different purposes, such as navigating along paths minimizing the torques requested to the manipulator or avoiding possibly dangerous areas of the workspace. However, few works have focused on using these ideas to account for the user's comfort. In this article, we present an innovative haptic-enabled shared control approach aimed at minimizing the user's workload during a teleoperated manipulation task. Using an inverse kinematic model of the human arm and the rapid upper limb assessment (RULA) metric, the proposed approach estimates the current user's comfort online. From this measure and an a priori knowledge of the task, we then generate dynamic active constraints guiding the users towards a",2020,IEEE Transactions on Haptics,Rahaf Rahal; Giulia Matarese; Marco Gabiccini; Alessio Artoni; Domenico Prattichizzo; Paolo Robuffo Giordano; Claudio Pacchierotti,10.1109/toh.2020.2969662,,https://doi.org/10.1109/toh.2020.2969662,openalex,robotics,concept,openalex_bulk_robotics,,59,teleoperation,2026-06-12T18:57:17Z,23.097,23.097
doi:10.1115/dscc2018-9194,The Effects of Switching Time on Shared Human-Robot Control,"In human-robot shared control, control authority is shared between human operators and automatic systems. Switching from one state to another can make the overall system unstable, even though the stability in each state is guaranteed. This issue is investigated in simulation using a Lane Keeping Assist System (LKAS), which guides a vehicle along a lane, while allowing lane changes, if desired by the human. An interface allows a human to input a steering control signal with a joystick and provides visual feedback of lane-position. The total steering command is the combination of the LKAS control signal and the human steering input. System performance is explored as the vehicle switches among different levels of cooperation between the human and the automatic driving system. The minimum time permitted between lane changes is an important parameter. As this time is decreased, user intent an",2018,"Volume 1: Advances in Control Design Methods; Advances in Nonlinear Control; Advances in Robotics; Assistive and Rehabilitation Robotics; Automotive Dynamics and Emerging Powertrain Technologies; Automotive Systems; Bio Engineering Applications; Bio-Mechatronics and Physical Human Robot Interaction; Biomedical and Neural Systems; Biomedical and Neural Systems Modeling, Diagnostics, and Healthcare",Roberto Belotti; Karl von Ellenrieder,10.1115/dscc2018-9194,,https://doi.org/10.1115/dscc2018-9194,crossref,neural simulator robotics,concept,architecture,,,neural simulator robotics,2026-06-12T15:07:36Z,22.950,22.950
doi:10.1016/j.rcim.2024.102876,A corrective shared control architecture for human–robot collaborative polishing tasks,"Human–robot collaborative polishing can integrate the capabilities of humans and automation to deal with complex polishing tasks. Traditional impedance-control-based human–robot collaboration (HRC) requires operators to physically interact with robots for a good polishing performance, which brings unsafety to operators. To address this issue, a corrective shared control architecture using haptic feedback is proposed in this paper, where the direct force-reflection is used to guarantee the exact human-intention intervention. The proposed control architecture is designed with two layers: (i) the transparency layer in which the direct force-reflection and the human–robot collaborative polishing strategy are implemented; (ii) the passivity layer in which two energy tanks are designed and endowed with master and slave sides and a coupling energy scaling policy is employed to guarantee the pas",2024,Robotics and Computer-Integrated Manufacturing,Hao Zhou; Xin Zhang; Jinguo Liu,10.1016/j.rcim.2024.102876,,https://doi.org/10.1016/j.rcim.2024.102876,openalex,energy based policy robotics,concept,ebm,,7,impedance control,2026-06-12T18:05:07Z,22.890,23.890
doi:10.3390/s111009839,A Multi-Sensorial Hybrid Control for Robotic Manipulation in Human-Robot Workspaces,"Autonomous manipulation in semi-structured environments where human operators can interact is an increasingly common task in robotic applications. This paper describes an intelligent multi-sensorial approach that solves this issue by providing a multi-robotic platform with a high degree of autonomy and the capability to perform complex tasks. The proposed sensorial system is composed of a hybrid visual servo control to efficiently guide the robot towards the object to be manipulated, an inertial motion capture system and an indoor localization system to avoid possible collisions between human operators and robots working in the same workspace, and a tactile sensor algorithm to correctly manipulate the object. The proposed controller employs the whole multi-sensorial system and combines the measurements of each one of the used sensors during two different phases considered in the robot ta",2011,Sensors,Jorge Pomares; Ivan Perea; Gabriel J. García; Carlos A. Jara; Juan A. Corrales; Fernando Torres,10.3390/s111009839,,https://doi.org/10.3390/s111009839,crossref,robot world models manipulation,concept,world_models,,9,robot world model,2026-06-12T15:07:36Z,22.851,22.851
doi:10.1177/0278364920921935,Data-driven Koopman operators for model-based shared control of human–machine systems,"We present a data-driven shared control algorithm that can be used to improve a human operator’s control of complex dynamic machines and achieve tasks that would otherwise be challenging, or impossible, for the user on their own. Our method assumes no a priori knowledge of the system dynamics. Instead, both the dynamics and information about the user’s interaction are learned from observation through the use of a Koopman operator. Using the learned model, we define an optimization problem to compute the autonomous partner’s control policy. Finally, we dynamically allocate control authority to each partner based on a comparison of the user input and the autonomously generated control. We refer to this idea as model-based shared control (MbSC). We evaluate the efficacy of our approach with two human subjects studies consisting of 32 total participants (16 subjects in each study). The first",2020,The International Journal of Robotics Research,Alexander Broad; Ian Abraham; Todd Murphey; Brenna Argall,10.1177/0278364920921935,,https://doi.org/10.1177/0278364920921935,crossref,transformer energy based model robotics,concept,ebm_transformer,,36,energy based model robotics; data efficiency,2026-06-12T15:07:36Z,22.805,22.805
doi:10.1145/3476412,Evaluating Human–Robot Interaction Algorithms in Shared Autonomy via Quality Diversity Scenario Generation,"The growth of scale and complexity of interactions between humans and robots highlights the need for new computational methods to automatically evaluate novel algorithms and applications. Exploring diverse scenarios of humans and robots interacting in simulation can improve understanding of the robotic system and avoid potentially costly failures in real-world settings. We formulate this problem as a quality diversity (QD) problem, of which the goal is to discover diverse failure scenarios by simultaneously exploring both environments and human actions. We focus on the shared autonomy domain, in which the robot attempts to infer the goal of a human operator, and adopt the QD algorithms CMA-ME and MAP-Elites to generate scenarios for two published algorithms in this domain: shared autonomy via hindsight optimization and linear policy blending. Some of the generated scenarios confirm previ",2022,ACM Transactions on Human-Robot Interaction,Matthew C. Fontaine; Stefanos Nikolaidis,10.1145/3476412,,https://doi.org/10.1145/3476412,crossref,learning robot manipulation from human video,concept,human_data,,14,robot manipulation; human robot interaction,2026-06-12T15:07:36Z,22.754,24.754
doi:10.1109/iros.2018.8593766,Recursive Bayesian Human Intent Recognition in Shared-Control Robotics,"Effective human-robot collaboration in shared control requires reasoning about the intentions of the human user. In this work, we present a mathematical formulation for human intent recognition during assistive teleoperation under shared autonomy. Our recursive Bayesian filtering approach models and fuses multiple non-verbal observations to probabilistically reason about the intended goal of the user. In addition to contextual observations, we model and incorporate the human agent's behavior as goal-directed actions with adjustable rationality to inform the underlying intent. We examine human inference on robot motion and furthermore validate our approach with a human subjects study that evaluates autonomy intent inference performance under a variety of goal scenarios and tasks, by novice subjects. Results show that our approach outperforms existing solutions and demonstrates that the pr",2018,,Siddarth Jain; Brenna Argall,10.1109/iros.2018.8593766,,https://doi.org/10.1109/iros.2018.8593766,openalex,robotics,concept,openalex_bulk_robotics,,53,teleoperation,2026-06-12T18:57:17Z,22.644,22.644
doi:10.1007/s00146-021-01210-3,Should my robot know what's best for me? Human–robot interaction between user experience and ethical design,"Abstract To integrate social robots in real-life contexts, it is crucial that they are accepted by the users. Acceptance is not only related to the functionality of the robot but also strongly depends on how the user experiences the interaction. Established design principles from usability and user experience research can be applied to the realm of human–robot interaction, to design robot behavior for the comfort and well-being of the user. Focusing the design on these aspects alone, however, comes with certain ethical challenges, especially regarding the user’s privacy and autonomy. Based on an example scenario of human–robot interaction in elder care, this paper discusses how established design principles can be used in social robotic design. It then juxtaposes these with ethical considerations such as privacy and user autonomy. Combining user experience and ethical perspectives, we pr",2021,AI & Society,Nora Fronemann; Kathrin Pollmann; Wulf Loh,10.1007/s00146-021-01210-3,,https://doi.org/10.1007/s00146-021-01210-3,openalex,robotics,concept,openalex_bulk_robotics,,62,human robot interaction,2026-06-12T18:57:17Z,22.622,22.622
doi:10.1109/irds.2002.1043932,Characterizing efficiency of human robot interaction: a case study of shared-control teleoperation,"Human-robot interaction is becoming an increasingly important research area. In this paper, we present a theoretical characterization of interaction efficiency with an aim towards designing a human-robot system with adjustable robot autonomy. In our approach, we analyze how modifying robot control schemes for a given autonomy mode can increase system performance and decrease workload demands on the human operator. We then perform a case study of the design of a shared-control teleoperation scheme and compare interaction efficiency against a traditional manual-control teleoperation scheme.",2003,,Jacob W. Crandall; Michael A. Goodrich,10.1109/irds.2002.1043932,,https://doi.org/10.1109/irds.2002.1043932,openalex,robotics,concept,openalex_bulk_robotics,,141,teleoperation; human robot interaction,2026-06-12T18:57:17Z,22.528,22.528
doi:10.1109/jas.2017.7510760,Cyber-physical-social system between a humanoid robot and a virtual human through a shared platform for adaptive agent ecology,"Two artificial agents (a humanoid robot and a virtual human) are enriched with various similar intelligence, autonomy, functionalities and interaction modalities. The agents are integrated in the form of a cyber-physical-social system (CPSS) through a shared communication platform to create a social ecology. In the ecology, the agents collaborate (assist each other) to perform a real-world task (search for a hidden object) for the benefits of humans. A robot-virtual human bilateral trust model is derived and a real-time trust measurement method is developed. The role of taking initiative in the collaboration is switched between the agents following a finite state machine model triggered by bilateral trust, which results in a mixedinitiative collaboration. A scheme is developed to evaluate the performance of the agents in the ecology through the CPSS. The results show that the robot and t",2017,IEEE/CAA Journal of Automatica Sinica,S. M. Mizanoor Rahman,10.1109/jas.2017.7510760,,https://doi.org/10.1109/jas.2017.7510760,openalex,robotics,concept,openalex_bulk_robotics,,56,humanoid robot,2026-06-12T18:57:17Z,22.472,23.472
doi:10.1007/s43154-020-00024-3,Autonomous Weapons Systems and Meaningful Human Control: Ethical and Legal Issues,"Abstract Purpose of Review To provide readers with a compact account of ongoing academic and diplomatic debates about autonomy in weapons systems, that is, about the moral and legal acceptability of letting a robotic system to unleash destructive force in warfare and take attendant life-or-death decisions without any human intervention. Recent Findings A précis of current debates is provided, which focuses on the requirement that all weapons systems, including autonomous ones, should remain under meaningful human control (MHC) in order to be ethically acceptable and lawfully employed. Main approaches to MHC are described and briefly analyzed, distinguishing between uniform, differentiated, and prudential policies for human control on weapons systems. Summary The review highlights the crucial role played by the robotics research community to start ethical and legal debates about autonomy ",2020,Current Robotics Reports,Daniele Amoroso; Guglielmo Tamburrini,10.1007/s43154-020-00024-3,,https://doi.org/10.1007/s43154-020-00024-3,crossref,robotics,concept,crossref_bulk_robotics,,63,,2026-06-12T19:29:26Z,22.429,22.429
doi:10.1109/tase.2023.3320873,Adaptive Safety-Critical Control With Uncertainty Estimation for Human–Robot Collaboration,"In advanced manufacturing, strict safety guarantees are required to allow humans and robots to work together in a shared workspace. One of the challenges in this application field is the variety and unpredictability of human behavior, leading to potential dangers for human coworkers. This paper presents a novel control framework by adopting safety-critical control and uncertainty estimation for human-robot collaboration. Additionally, to select the shortest path during collaboration, a novel quadratic penalty method is presented. The innovation of the proposed approach is that the proposed controller will prevent the robot from violating any safety constraints even in cases where humans move accidentally in a collaboration task. This is implemented by the combination of a time-varying integral barrier Lyapunov function (TVIBLF) and an adaptive exponential control barrier function (AECBF)",2023,IEEE Transactions on Automation Science and Engineering,Dianhao Zhang; Mien Van; Stephen Mcllvanna; Yuzhu Sun; Seán McLoone,10.1109/tase.2023.3320873,,https://doi.org/10.1109/tase.2023.3320873,openalex,robotics,concept,openalex_bulk_robotics,,15,safety constraint; control barrier function,2026-06-12T18:57:17Z,22.386,23.386
doi:10.1115/dscc2017-5274,Online Hybrid Model Predictive Controller Design for Cruise Control of Automobiles,"In the proposed study, a Hybrid Model Predictive Controller is introduced for cruise control of an automobile model. The presented model consists of the engine, the gearbox, and the transmission dynamics, where the aerodynamics force and elastic friction between the tires and road are taken into account. Through Piecewise Linearization of nonlinearities in the system; (torque)-(throttle)-(angular velocity) of engine and (aerodynamic drag force)-(automobile velocity), a comprehensive piecewise linear model for the system is obtained. Then combined with the switch and shift between engaged gears in gearbox, the Piecewise Affine (PWA) model for the vehicle dynamics is acquired. As far as the control design is concerned, the cruise control problem for tracking a desired speed fashion is addressed by a MPC-based controller design. The proposed control approach is based on the online model pre",2017,"Volume 1: Aerospace Applications; Advances in Control Design Methods; Bio Engineering Applications; Advances in Non-Linear Control; Adaptive and Intelligent Systems Control; Advances in Wind Energy Systems; Advances in Robotics; Assistive and Rehabilitation Robotics; Biomedical and Neural Systems Modeling, Diagnostics, and Control; Bio-Mechatronics and Physical Human Robot; Advanced Driver Assistance Systems and Autonomous Vehicles; Automotive Systems",Kaveh Merat; Jafar Abbaszadeh Chekan; Hassan Salarieh; Aria Alasty,10.1115/dscc2017-5274,,https://doi.org/10.1115/dscc2017-5274,crossref,hybrid systems robot control manipulation,anti_myopia,control,,,model predictive control; hybrid systems,2026-06-12T15:07:36Z,22.350,26.350
doi:10.3389/frobt.2021.734548,Coordinating Shared Tasks in Human-Robot Collaboration by Commands,"Human-robot collaboration is gaining more and more interest in industrial settings, as collaborative robots are considered safe and robot actions can be programmed easily by, for example, physical interaction. Despite this, robot programming mostly focuses on automated robot motions and interactive tasks or coordination between human and robot still requires additional developments. For example, the selection of which tasks or actions a robot should do next might not be known beforehand or might change at the last moment. Within a human-robot collaborative setting, the coordination of complex shared tasks, is therefore more suited to a human, where a robot would act upon requested commands.In this work we explore the utilization of commands to coordinate a shared task between a human and a robot, in a shared work space. Based on a known set of higher-level actions (e.g., pick-and-placeme",2021,Frontiers in Robotics and AI,Alexandre Angleraud; Amir Mehman Sefat; Metodi Netzev; Roel Pieters,10.3389/frobt.2021.734548,,https://doi.org/10.3389/frobt.2021.734548,crossref,EBM transformer robotics assistive robot,concept,architecture_x_embodiment,,31,EBM transformer robotics; assistive robot,2026-06-12T15:07:36Z,22.283,22.283
doi:10.1109/tsmc.2022.3216206,Analog Twin Framework for Human and AI Supervisory Control and Teleoperation of Robots,"Resource-constrained mobile robots that lack the capability to be completely autonomous can rely on a human or artificial intelligence (AI) supervisor acting at a remote site (e.g., control station or cloud) for their control. Such a supervised autonomy or cloud-based control of a robot poses high networking and computing capabilities requirements at both sites, which are not easy to achieve. This article introduces and analyzes a new analog twin (AT) framework by synchronizing mobility between two mobile robots, where one robot acts as an AT to the other robot. We devise a novel priority-based supervised bilateral teleoperation strategy for goal navigation tasks to validate the proposed framework. The practical implementation of a supervised control strategy on this framework entails a mobile robot system divided into a Master–Client scheme over a communication channel where the Client ",2022,IEEE Transactions on Systems Man and Cybernetics Systems,Nazish Tahir; Ramviyas Parasuraman,10.1109/tsmc.2022.3216206,,https://doi.org/10.1109/tsmc.2022.3216206,openalex,robotics,concept,openalex_bulk_robotics,,18,teleoperation,2026-06-12T18:57:17Z,22.272,22.272
doi:10.1126/scirobotics.aat1186,Teaching robots social autonomy from in situ human guidance,"Striking the right balance between robot autonomy and human control is a core challenge in social robotics, in both technical and ethical terms. On the one hand, extended robot autonomy offers the potential for increased human productivity and for the off-loading of physical and cognitive tasks. On the other hand, making the most of human technical and social expertise, as well as maintaining accountability, is highly desirable. This is particularly relevant in domains such as medical therapy and education, where social robots hold substantial promise, but where there is a high cost to poorly performing autonomous systems, compounded by ethical concerns. We present a field study in which we evaluate SPARC (supervised progressively autonomous robot competencies), an innovative approach addressing this challenge whereby a robot progressively learns appropriate autonomous behavior from in s",2019,Science Robotics,Emmanuel Senft; Séverin Lemaignan; Paul Baxter; Madeleine Bartlett; Tony Belpaeme,10.1126/scirobotics.aat1186,,https://doi.org/10.1126/scirobotics.aat1186,openalex,energy based model robot learning,concept,ebm,,51,human demonstration; human robot interaction,2026-06-12T18:05:07Z,22.176,22.176
doi:10.1109/icra46639.2022.9811853,Adaptive Impedance Controller for Human-Robot Arbitration based on Cooperative Differential Game Theory,"The problem addressed in this work is the arbitration of the role between a robot and a human during physical Human-Robot Interaction, sharing a common task. The system is modeled as a Cartesian impedance, with two separate external forces provided by the human and the robot. The problem is then reformulated as a Cooperative Differential Game, which possibly has multiple solutions on the Pareto frontier. Finally, the bargaining problem is addressed by proposing a solution depending on the interaction force, interpreted as the human will to lead or follow. This defines the arbitration law and assigns the role of leader or follower to the robot. Experiments show the feasibility and capabilities of the proposed control in managing the human-robot arbitration during a shared- trajectory following task.",2022,2022 International Conference on Robotics and Automation (ICRA),Paolo Franceschi; Nicola Pedrocchi; Manuel Beschi,10.1109/icra46639.2022.9811853,,https://doi.org/10.1109/icra46639.2022.9811853,openalex,robotics,concept,openalex_bulk_robotics,,24,impedance control; human robot interaction,2026-06-12T18:57:17Z,22.059,22.059
doi:10.3389/fnhum.2025.1718713,Levels of shared autonomy in brain-robot interfaces: enabling multi-robot multi-human collaboration for activities of daily living,"Individuals with ALS and other severe motor impairments often rely on caregivers for daily tasks, which limits their independence and sense of control. Brain-robot interfaces (BRIs) have the potential to restore autonomy, but many existing systems are task-specific and highly automated, which reduces the users' sense of empowerment and limits opportunities to exercise autonomy. In particular, shared autonomy approaches hold promise for overcoming current BRI limitations, by balancing user control with increased robot capabilities. In this work, we introduce a collaborative BRI that integrates non-invasive EEG, EMG, and eye tracking to enable multi-user, multi-robot interaction in a shared kitchen environment with mobile manipulators. Our system modulates assistance through three levels of autonomy—Assisted Teleoperation, Shared Autonomy, and Full Automation—allowing users to retain meani",2026,Frontiers in Human Neuroscience,Hannah Douglas; Marina Di Vincenzo; Rousslan Fernand Julien Dossa; Luca Nunziante; Shivakanth Sujit; Kai Arulkumaran,10.3389/fnhum.2025.1718713,,https://doi.org/10.3389/fnhum.2025.1718713,crossref,Gaussian splatting robot perception multi robot system,concept,architecture_x_embodiment,,1,Gaussian splatting robot perception; multi robot system; teleoperation; limitation,2026-06-12T15:07:36Z,21.997,22.997
doi:10.1002/asjc.70001,Output‐constrained adaptive optimal control for physical human–robot interaction using electromyography signals,"Abstract This paper investigates the output‐constrained control problem for physical human–robot interaction using electromyography signals. An interaction force estimation method based on surface electromyography (sEMG) signals is introduced, where random forest is provided to extract interaction force information from sEMG signals. Using sEMG, the interaction force between the robotic and human operator can be separated from that in the environment. An adaptive optimal tracking controller based on robot velocity prediction error feedback is designed, in which an asymmetric time‐varying integral barrier Lyapunov function is used to deal with dynamic spatial constraints. Finally, stability analysis is provided, and the effectiveness is verified by experiments based on a 7‐degree‐of‐freedom Franka Panda robot.",2025,Asian Journal of Control,Yan Wei; Mingshuang Hao; Kehong Jin; Xinyi Yu; Linlin Ou,10.1002/asjc.70001,,https://doi.org/10.1002/asjc.70001,crossref,optimal control robot manipulation,anti_myopia,anti_thesis,,,robot manipulation; human robot interaction; optimal control robot manipulation,2026-06-12T15:07:36Z,21.950,25.950
doi:10.69554/qwwq7223,Job sharing between human professionals and chatbots: How should ‘handovers’ happen?,"Job sharing between humans and artificial intelligence (AI) systems is likely to become increasingly common in several domains of work. In this paper, we examine mechanisms for managing job sharing for one particular class of AI system: human–machine dialogue systems, or chatbots. This is a useful case to consider, as several mechanisms for managing job sharing are already emerging in these systems, and these mechanisms draw on those that human professionals already use to share work among themselves. A key concept in this domain is that of a ‘handover’, where a client is passed from one worker to another. We identify different types of handover, for human and AI workers, and discuss a range of issues that govern how these should take place for effective job sharing. We identify several questions that arise for engineers designing dialogue systems that support handover functionality, rel",2023,"Journal of AI, Robotics & Workplace Automation",Alistair Knott,10.69554/qwwq7223,,https://doi.org/10.69554/qwwq7223,crossref,robotics,concept,crossref_bulk_robotics,,1,,2026-06-12T19:29:26Z,21.947,21.947
doi:10.1109/iros.2011.6094601,Human-in-the-loop: MPC for shared control of a quadruped rescue robot,"In this paper, we present a control theoretic formulation for composing human control inputs with an automatic controller for shared control of a quadruped rescue robot. The formulation utilizes a model predictive controller to guide human controlled leg positions to satisfy state constraints that correspond to static stability for the robot. A hybrid control architecture that incorporates the model predictive controller is developed to implement a gait that guarantees stable foot-placements for the robot. The algorithm is applied to a simulation of a quadruped rescue robot with human input provided through haptic joysticks.",2011,2011 IEEE/RSJ International Conference on Intelligent Robots and Systems,Rahul Chipalkatty; Hannes G. Daepp; Magnus Egerstedt; Wayne J. Book,10.1109/iros.2011.6094601,,https://doi.org/10.1109/iros.2011.6094601,openalex,robotics,concept,openalex_bulk_robotics,,39,model predictive control,2026-06-12T18:57:17Z,21.894,22.894
doi:10.1109/aim46487.2021.9517438,Intention-Driven Variable Impedance Control for Physical Human-Robot Interaction,"The technology of physical human-robot interaction (pHRI) aims to combine the advantages of both humans and robots, and it is now playing a significant role in many industrial and medical applications. However, the open issues of safety and efficiency have not been systematically addressed for pHRI. In this paper, a new intention-driven variable impedance controller is proposed for compliantly-driven robots, where the robot is controlled to track the estimated human motion intention under a variable desired impedance model. The human motion intention is represented with the desired angle of the human limb and approximated with adaptive neural networks (NNs). Then, the impedance parameters are adjusted online according to the offset between the desired angle and the current joint configuration of the robot. Such a formulation allows the robot to predict human behavior for better collabora",2021,,Yingxin Huo; Xiang Li; Xuan Zhang; Dong Sun,10.1109/aim46487.2021.9517438,,https://doi.org/10.1109/aim46487.2021.9517438,openalex,robotics,concept,openalex_bulk_robotics,,22,impedance control; human robot interaction,2026-06-12T18:57:17Z,21.818,21.818
doi:10.3390/s21051899,Variable Admittance Control Based on Human–Robot Collaboration Observer Using Frequency Analysis for Sensitive and Safe Interaction,"A collaborative robot should be sensitive to the user intention while maintaining safe interaction during tasks such as hand guiding. Observers based on the discrete Fourier transform have been studied to distinguish between the low-frequency motion elicited by the operator and high-frequency behavior resulting from system instability and disturbances. However, the discrete Fourier transform requires an excessively long sampling time. We propose a human-robot collaboration observer based on an infinite impulse response filter to increase the intention recognition speed. By using this observer, we also propose a variable admittance controller to ensure safe collaboration. The recognition speed of the human-robot collaboration observer is 0.29 s, being 3.5 times faster than frequency analysis based on the discrete Fourier transform. The performance of the variable admittance controller and",2021,Sensors,Hyomin Kim; Woosung Yang,10.3390/s21051899,,https://doi.org/10.3390/s21051899,openalex,energy based model robot learning,concept,ebm,,21,,2026-06-12T18:26:24Z,21.796,21.796
doi:10.1177/0278364920933654,Task-based hybrid shared control for training through forceful interaction,"Despite the fact that robotic platforms can provide both consistent practice and objective assessments of users over the course of their training, there are relatively few instances where physical human–robot interaction has been significantly more effective than unassisted practice or human-mediated training. This article describes a hybrid shared control robot, which enhances task learning through kinesthetic feedback. The assistance assesses user actions using a task-specific evaluation criterion and selectively accepts or rejects them at each time instant. Through two human subject studies (total [Formula: see text]), we show that this hybrid approach of switching between full transparency and full rejection of user inputs leads to increased skill acquisition and short-term retention compared with unassisted practice. Moreover, we show that the shared control paradigm exhibits featur",2020,The International Journal of Robotics Research,Kathleen Fitzsimons; Aleksandra Kalinowska; Julius P Dewald; Todd D Murphey,10.1177/0278364920933654,,https://doi.org/10.1177/0278364920933654,crossref,robotics,concept,crossref_bulk_robotics,,16,human robot interaction,2026-06-12T19:29:26Z,21.767,22.767
doi:10.1109/iros.2007.4399288,Efficiency based reactive shared control for collaborative human/robot navigation,"Autonomous robots are capable of navigating on their own. In some cases, though, it is interesting to allow humans to influence navigation. Shared control is typically achieved either by giving control to the human or the robot at some specific situations. In this work, we propose a method to share control between humans and robots at each point of a given trajectory, so that both have weight in the resulting behavior of the mobile. This is achieved by estimating their respective local efficiencies at each time instant and combining their commands into a single order. In order to achieve a seamless combination, this procedure is integrated into a bottom-up architecture via a reactive layer. The system is meant to be used in wheelchair control for people with disabilities. Thus far, we have tested the proposed method using a Pioneer AT robot driven by several volunteers. Results have been",2007,,Cristina Urdiales; Alberto Poncela; Isabel Sánchez-Tato; Francesco Galluppi; M. Olivetti; F. Sandoval,10.1109/iros.2007.4399288,,https://doi.org/10.1109/iros.2007.4399288,openalex,robotics,concept,openalex_bulk_robotics,,25,,2026-06-12T18:57:17Z,21.679,21.679
doi:10.1109/coase.2016.7743497,A regret-based autonomy allocation scheme for human-robot shared vision systems in collaborative assembly in manufacturing,"In human-robot collaboration (HRC) for assembly, a robot needs to use its onboard vision systems to perform many sensing tasks. The robot's observations may not be always reliable due to erroneous sensing caused by limitations of the detection systems and disturbances. Hence, additional observations made by the robot or the human co-worker seem to be necessary. However, too much human involvement may increase human workload. Hence, allocation of autonomy through switching between autonomous and manual sensing (observation) modes seems to be reasonable. Bayesian sequential decision-making may be an approach to determine the optimal allocation of these modes in the presence of sensing uncertainties. However, optimal decision-making approaches such as the Bayesian approach may not necessarily fit with human's decision style. It has been shown that human regret plays a critical role in decis",2016,,S. M. Mizanoor Rahman; Zhanrui Liao; Longsheng Jiang; Yue Wang,10.1109/coase.2016.7743497,,https://doi.org/10.1109/coase.2016.7743497,openalex,robotics,concept,openalex_bulk_robotics,,30,human robot interaction; limitation,2026-06-12T18:57:17Z,21.617,22.617
doi:10.3389/frobt.2021.730433,Motion Polytopes in Virtual Reality for Shared Control in Remote Manipulation Applications,"In remote applications that mandate human supervision, shared control can prove vital by establishing a harmonious balance between the high-level cognition of a user and the low-level autonomy of a robot. Though in practice, achieving this balance is a challenging endeavor that largely depends on whether the operator effectively interprets the underlying shared control. Inspired by recent works on using immersive technologies to expose the internal shared control, we develop a virtual reality system to visually guide human-in-the-loop manipulation. Our implementation of shared control teleoperation employs end effector manipulability polytopes, which are geometrical constructs that embed joint limit and environmental constraints. These constructs capture a holistic view of the constrained manipulator’s motion and can thus be visually represented as feedback for users on their operable sp",2021,Frontiers in Robotics and AI,Mark Zolotas; Murphy Wonsick; Philip Long; Taşkın Padır,10.3389/frobt.2021.730433,,https://doi.org/10.3389/frobt.2021.730433,crossref,robot world models manipulation,concept,world_models,,7,robot world model; teleoperation,2026-06-12T15:07:36Z,21.590,21.590
doi:10.1109/tmech.2014.2309118,Frequency-Shaped Impedance Control for Safe Human–Robot Interaction in Reference Tracking Application,"In the control of industrial robots, both safety and reference tracking performance are required. For safe human-robot interaction, robots should exhibit low mechanical (or controlled) impedance so that they react to the interaction forces in a compliant manner. On the other hand, the reference tracking requires for the robots to reject exogenous disturbances, which results in an increased impedance. In order to achieve these two conflicting objectives, a frequency-shaped impedance control (FSIC) method is proposed in this paper. The proposed method utilizes the two different functionalities of the disturbance observer (DOB): a disturbance estimation function as an observer and a disturbance rejection function as a feedback controller. Namely, the DOB is utilized as an observer at the frequencies where the robots interact with humans, while it is used as a feedback controller (i.e., dist",2014,IEEE/ASME Transactions on Mechatronics,Sehoon Oh; Hanseung Woo; Kyoungchul Kong,10.1109/tmech.2014.2309118,,https://doi.org/10.1109/tmech.2014.2309118,openalex,robotics,concept,openalex_bulk_robotics,,77,industrial robot; impedance control; human robot interaction; robustness,2026-06-12T18:57:17Z,21.578,22.578
doi:10.1109/hora55278.2022.9800046,Shared-Control Robotic Manipulation in Virtual Reality,"In this paper, we present the implementation details of a Virtual Reality (VR)-based teleoperation interface for moving a robotic manipulator. We propose an iterative human-in-the-loop design where the user sets the next task-space waypoint for the robot's end effector and executes the action on the physical robot before setting the next waypoints. Information from the robot's surroundings is provided to the user in two forms: as a point cloud in 3D space and a video stream projected on a virtual wall. The feasibility of the selected end effector pose is communicated to the user by the color of the virtual end effector. The interface is demonstrated to successfully work for a pick and place scenario, however, our trials showed that the fluency of the interaction and the autonomy level of the system can be increased.",2022,"2022 International Congress on Human-Computer Interaction, Optimization and Robotic Applications (HORA)",Shiyu Xu; Scott D. Moore; Akansel Cosgun,10.1109/hora55278.2022.9800046,,https://doi.org/10.1109/hora55278.2022.9800046,openalex,robotics,concept,openalex_bulk_robotics,,17,teleoperation,2026-06-12T18:57:17Z,21.545,21.545
doi:10.1145/3359614,Probabilistic Human Intent Recognition for Shared Autonomy in Assistive Robotics,"Effective human-robot collaboration in shared autonomy requires reasoning about the intentions of the human partner. To provide meaningful assistance, the autonomy has to first correctly predict, or infer, the intended goal of the human collaborator. In this work, we present a mathematical formulation for intent inference during assistive teleoperation under shared autonomy. Our recursive Bayesian filtering approach models and fuses multiple non-verbal observations to probabilistically reason about the intended goal of the user without explicit communication. In addition to contextual observations, we model and incorporate the human agent’s behavior as goal-directed actions with adjustable rationality to inform intent recognition. Furthermore, we introduce a user-customized optimization of this adjustable rationality to achieve user personalization. We validate our approach with a human ",2020,ACM Transactions on Human-Robot Interaction,Siddarth Jain; Brenna Argall,10.1145/3359614,,https://doi.org/10.1145/3359614,crossref,probabilistic robotics,anti_myopia,anti_thesis,,93,assistive robot; teleoperation; limitation; probabilistic robotics,2026-06-12T15:07:36Z,21.522,25.522
doi:10.1109/tnsre.2014.2302212,Embedded Human Control of Robots Using Myoelectric Interfaces,"Myoelectric controlled interfaces have become a research interest for use in advanced prostheses, exoskeletons, and robot teleoperation. Current research focuses on improving a user's initial performance, either by training a decoding function for a specific user or implementing ""intuitive"" mapping functions as decoders. However, both approaches are limiting, with the former being subject specific, and the latter task specific. This paper proposes a paradigm shift on myoelectric interfaces by embedding the human as controller of the system to be operated. Using abstract mapping functions between myoelectric activity and control actions for a task, this study shows that human subjects are able to control an artificial system with increasing efficiency by just learning how to control it. The method efficacy is tested by using two different control tasks and four different abstract mappings",2014,IEEE Transactions on Neural Systems and Rehabilitation Engineering,Chris Wilson Antuvan; Mark Ison; Panagiotis Artemiadis,10.1109/tnsre.2014.2302212,,https://doi.org/10.1109/tnsre.2014.2302212,openalex,robotics,concept,openalex_bulk_robotics,,66,teleoperation; limitation,2026-06-12T18:57:17Z,21.502,22.502
doi:10.1007/s00422-018-0750-5,Bipedal robotic walking control derived from analysis of human locomotion,"This paper proposes the design of a bipedal robotic controller where the function between the sensory input and motor output is treated as a black box derived from human data. In order to achieve this, we investigated the causal relationship between ground contact information from the feet and leg muscle activity n human walking and calculated filter functions which transform sensory signals to motor actions. A minimal, nonlinear, and robust control system was created and subsequently analysed by applying it to our bipedal robot RunBot III without any central pattern generators or precise trajectory control. The results demonstrate that our controller can generate stable robotic walking. This indicates that complex locomotion patterns can result from a simple model based on reflexes and supports the premise that human-derived control strategies have potential applications in robotics or ",2018,Biological Cybernetics,Lin Meng; Catherine Macleod; Bernd Porr; H. Gollee,10.1007/s00422-018-0750-5,,https://doi.org/10.1007/s00422-018-0750-5,openalex,energy based model robot learning,concept,ebm,,14,,2026-06-12T18:26:24Z,21.354,22.354
doi:10.1002/rcs.70069,An Adaptive Shared Control Frame and Feedback Rendering in Interactive Robot‐Assisted Surgical Manipulation,"ABSTRACT Background In an unstructured environment where real‐time human decision is essential, shared control allows collaboration between humans and robotic systems, combining advantages of both. However, existing control methods are challenged with precision loss, inconsistency and interference from unconscious human inputs. Methods An adaptive anisotropic control frame is presented, enabling interaction both operational and tactical levels. Using predefined trajectory, a dynamic weight function is proposed to allow the human operator to override. Movement along preferred direction is encouraged and compensated, providing accurate real‐time tracking performance. Haptic feedback during shared control is evaluated and optimised. Results Experiments validate that the raised method can achieve a tracking precision of under milling payload, with sensible feedback to the operator. The overr",2025,The International Journal of Medical Robotics and Computer Assisted Surgery,Hao Ren; Li Zhichao; Qingyuan Wu; Xiaodong Ma; Dan Wu,10.1002/rcs.70069,,https://doi.org/10.1002/rcs.70069,crossref,robot world models manipulation,concept,world_models,,,robot world model,2026-06-12T15:07:36Z,21.350,21.350
doi:10.1108/aa-12-2021-0174,A human activity-aware shared control solution for medical human–robot interaction,"Purpose The purpose of this paper is to develop a human activity-aware adaptive shared control solution for human–robot interaction in surgical operation. Hands-on control and teleoperation are two main procedures switched frequently in teleoperated minimally invasive surgery (MIS). The detailed human activity in the procedures can be defined and recognized using the sensor information. In this paper, a novel continuous adaptive shared control method is proposed for manipulators with Cartesian impedance control in the surgical scenario. Design/methodology/approach A human activity-aware shared control solution by adjusting the weight function is introduced to achieve smooth transition among different human activities, including hands-on control and teleoperation. Instead of introducing various controllers and switching among them during the surgical procedures, the proposed solution inte",2022,Assembly Automation,Hang Su; Wen Qi; Yunus Schmirander; Salih Ertug Ovur; Shuting Cai; Xiaoming Xiong,10.1108/aa-12-2021-0174,,https://doi.org/10.1108/aa-12-2021-0174,openalex,robotics,concept,openalex_bulk_robotics,,74,impedance control; teleoperation; human robot interaction,2026-06-12T18:57:17Z,21.259,21.259
doi:10.1016/j.procir.2018.01.026,Human robot collaboration - using kinect v2 for ISO/TS 15066 speed and separation monitoring,"The use of industrial robots within assembly workstations where human and robot should be able to collaborate or even cooperate involve high safety requirements. One out of four possibilities outlined in the current technical specification ISO/TS 15066 for ensuring safety is speed and separation monitoring. Here the robot motion speed in- or decreases dynamically depending on the distance between operator and robot. This paper introduces an approach of a speed and separation monitoring system with the help of a time of flight sensing. After introducing this safety ensuring method, a Microsoft Kinect V2 is used to continuously detect human worker within a shared workspace. With the help of the robots joint angles from the robot control it is possible to compute the distances between all robot joints and the human worker. The shortest distance, which is at the same the critical distance ti",2018,Procedia CIRP,Martin J. Rosenstrauch; Tessa J. Pannen; Jörg Krüger,10.1016/j.procir.2018.01.026,,https://doi.org/10.1016/j.procir.2018.01.026,openalex,robotics,concept,openalex_bulk_robotics,,43,industrial robot,2026-06-12T18:57:17Z,21.242,21.242
doi:10.1109/acc.2014.6859352,Blending of human and obstacle avoidance control for a high speed mobile robot,"Humans remain in the loop in teleoperation because they have some knowledge that the robot they are controlling does not. At the same time teleoperated robots can be programmed to be very good at many tasks, such as avoiding obstacles. Therefore, sharing control between a human and semi-autonomous behaviors on a robot has great potential. This paper presents a model predictive control (MPC) shared control framework for blending human inputs with autonomous behavior inputs. This work adds consideration of how the human input differs from that of an autonomous controller in addition to threat of collision. The framework is applied to a high speed differential drive robot moving through an obstacle field. Preliminary tests by the authors compared the MPC shared control framework to switching obstacle avoidance on/off and the proposed MPC shared control gives the human up to 26% more control",2014,,Justin Storms; Dawn M. Tilbury,10.1109/acc.2014.6859352,,https://doi.org/10.1109/acc.2014.6859352,openalex,robotics,concept,openalex_bulk_robotics,,36,model predictive control; teleoperation,2026-06-12T18:57:17Z,21.205,22.205
doi:10.1109/icra48891.2023.10161228,WE-Filter: Adaptive Acceptance Criteria for Filter-based Shared Autonomy,"Filter-based shared control aims to accept and augment an operator's ability to control a robot. Current solutions accept actions based on their direction aligning with the robot's optimal policy. These strategies reject a human's small corrective actions if they conflict with the robot's direction and accept too aggressive actions as long as they are consistent with the robot's direction. Such strategies may cause task failures and the operator's feeling of loss of control. To close the gap, we propose WE-Filter, which has flexible, adaptive criteria allowing the operator's small corrective actions and tempering too aggressive ones. Inspired by classical work-energy impact problems between two dynamic, interactive bodies, both inputs' properties (direction and magnitude) are inherently considered, creating intuitive, adaptive bounds to accept sensible actions. The model identifies behav",2023,,Michael Bowman; Xiaoli Zhang,10.1109/icra48891.2023.10161228,,https://doi.org/10.1109/icra48891.2023.10161228,openalex,energy based policy robotics,concept,ebm,,2,,2026-06-12T18:43:24Z,21.199,23.199
doi:10.1108/ir-10-2019-0217,Human–robot shared control for humanoid manipulator trajectory planning,"Purpose This paper aims to propose an intuitive shared control strategy to control a humanoid manipulator that can fully combine the advantages of humans and machines to produce a stronger intelligent form. Design/methodology/approach The working space of an operator’s arm and that of a manipulator are matched, and a genetic algorithm that limits the position of the manipulator’s elbow joint is used to find the optimal solution. Then, the mapping of the operator’s action to that of manipulators is realized. The controls of the human and robot are integrated. First, the current action of the operator is input. Second, the target object is predicted according to the maximum entropy hypothesis. Third, the joint angle of the manipulator is interpolated based on time. Finally, the confidence and weight of the current moment are calculated. Findings The modified weight adjustment method is the",2020,Industrial Robot: the international journal of robotics research and application,Yuanchao Zhu; Canjun Yang; Qianxiao Wei; Xin Wu; Wei Yang,10.1108/ir-10-2019-0217,,https://doi.org/10.1108/ir-10-2019-0217,crossref,robot world model failure planning,hostile,failure,,21,robot world model; robot world model failure,2026-06-12T15:07:36Z,21.196,25.196
doi:10.1109/tmech.2022.3157852,Human–Robot Shared Control Based on Locally Weighted Intent Prediction for a Teleoperated Hydraulic Manipulator System,"Human–robot shared control provides a promising opportunity to improve operational safety and efficiency for a teleoperated hydraulic manipulator system that works in unstructured environments, such as rescue response and underwater exploration. However, the poor dynamic of the heavy-duty manipulator (e.g., oscillation tendency and response delay) brings a challenging problem on intent prediction and effective assistance. To overcome this problem, a blended shared control method is proposed via locally weighted intent prediction. First, a task learning method from demonstration is presented by task-based action primitives with the Bayesian nonparametric clustering to extract subgoals of the remote arm trajectory, especially a locally weighted chattering cancellation method is proposed to reduce unintended action primitives due to velocity fluctuations. A dynamic intent prediction method ",2022,IEEE/ASME Transactions on Mechatronics,Shaqi Luo; Min Cheng; Ruqi Ding; Feng Wang; Bing Xu; Bingkui Chen,10.1109/tmech.2022.3157852,,https://doi.org/10.1109/tmech.2022.3157852,openalex,robotics,concept,openalex_bulk_robotics,,64,,2026-06-12T18:57:17Z,21.187,21.187
doi:10.1145/3568162.3578623,"""No, to the Right"" -- Online Language Corrections for Robotic Manipulation via Shared Autonomy","Systems for language-guided human-robot interaction must satisfy two key desiderata for broad adoption: adaptivity and learning efficiency. Unfortunately, existing instruction-following agents cannot adapt, lacking the ability to incorporate online natural language supervision, and even if they could, require hundreds of demonstrations to learn even simple policies. In this work, we address these problems by presenting Language-Informed Latent Actions with Corrections (LILAC), a framework for incorporating and adapting to natural language corrections - ""to the right,"" or ""no, towards the book"" - online, during execution. We explore rich manipulation domains within a shared autonomy paradigm. Instead of discrete turn-taking between a human and robot, LILAC splits agency between the human and robot: language is an input to a learned model that produces a meaningful, low-dimensional control",2023,arXiv,Yuchen Cui; Siddharth Karamcheti; Raj Palleti; Nidhya Shivakumar; Percy Liang; Dorsa Sadigh,10.1145/3568162.3578623,2301.02555v1,http://arxiv.org/abs/2301.02555v1,arxiv,robot world models manipulation,concept,world_models,,,robot world model; human robot interaction,2026-06-12T14:45:03Z,21.150,21.150
doi:10.1126/scirobotics.adi8852,"Estimating human joint moments unifies exoskeleton control, reducing user effort","Robotic lower-limb exoskeletons can augment human mobility, but current systems require extensive, context-specific considerations, limiting their real-world viability. Here, we present a unified exoskeleton control framework that autonomously adapts assistance on the basis of instantaneous user joint moment estimates from a temporal convolutional network (TCN). When deployed on our hip exoskeleton, the TCN achieved an average root mean square error of 0.142 newton-meters per kilogram across 35 ambulatory conditions without any user-specific calibration. Further, the unified controller significantly reduced user metabolic cost and lower-limb positive work during level-ground and incline walking compared with walking without wearing the exoskeleton. This advancement bridges the gap between in-lab exoskeleton technology and real-world human ambulation, making exoskeleton control technology",2024,Science Robotics,Dean D. Molinaro; Inseung Kang; Aaron J. Young,10.1126/scirobotics.adi8852,,https://doi.org/10.1126/scirobotics.adi8852,crossref,robotics,concept,crossref_bulk_robotics,,108,,2026-06-12T19:29:26Z,21.146,22.146
doi:10.1109/telepresence63209.2024.10841639,Augmenting Robot Teleoperation with Shared Autonomy via Model Predictive Control,,2024,2024 IEEE Conference on Telepresence,Rolif Lima; Somdeb Saha; Vismay Vakharia; Vighnesh Vatsal; Kaushik Das,10.1109/telepresence63209.2024.10841639,,https://doi.org/10.1109/telepresence63209.2024.10841639,crossref,teleoperation data robot foundation model,concept,human_data,,3,robot foundation model; model predictive control; teleoperation,2026-06-12T14:45:03Z,21.093,22.093
doi:10.1109/lra.2017.2651368,A Method for Derivation of Robot Task-Frame Control Authority from Repeated Sensory Observations,"In this letter, we propose a novel method that enables the robot to autonomously devise an appropriate control strategy from human demonstrations without a prior knowledge of the demonstrated task. The method is primarily based on observing the patterns and consistency in the observed dataset. This is obtained through a demonstration setting that uses a motion capture system, a force sensor, and muscle activity measurements. The variables (position and force) in the collected dataset are then segmented and analysed for each axis of the observed task frame separately. While checking several conditions based on the consistency, value range, and magnitude of repeated observations, the appropriate controller (i.e., position or force) is delegated to each axis of the task frame. In the final stage, the method also checks for a correlation between variables and muscle activity patterns to dete",2017,IEEE Robotics and Automation Letters,Luka Peternel; Leonel Rozo; Darwin G. Caldwell; Arash Ajoudani,10.1109/lra.2017.2651368,,https://doi.org/10.1109/lra.2017.2651368,openalex,robotics,concept,openalex_bulk_robotics,,25,impedance control; human demonstration,2026-06-12T18:57:17Z,21.079,21.079
doi:10.1108/ir-08-2018-0172,Incorporating artificial skin signals in the constraint-based reactive control of human–robot collaborative manipulation tasks,Purpose The purpose of this paper is to develop a control strategy for human–robot collaborative manipulation tasks that can deal with proximity signals from 373 interconnected cells of an artificial skin. Design/methodology/approach The robot and the operator accomplish an industrial task while interacting in a shared workspace. The robot controller detects and avoids collisions based on the information from the artificial skin. Conflicting constraints can be handled by prioritizing between hard and soft constraints or by weighing the different constraints. Findings Weak soft constraints (low weight) are specified to command the robot to move along a nominal path with constant velocity. Stronger soft constraints (higher weight) prevent collisions by means of either moving the end effector backward along the path or circumventing an obstacle. The proposed approach is validated experiment,2019,Industrial Robot: the international journal of robotics research and application,Cristian Alejandro Vergara; Gianni Borghesan; Erwin Aertbeliën; Joris De Schutter,10.1108/ir-08-2018-0172,,https://doi.org/10.1108/ir-08-2018-0172,crossref,robot world models manipulation,concept,world_models,,4,robot world model,2026-06-12T15:07:36Z,20.955,20.955
doi:10.1016/j.net.2024.06.005,Nonlinear Model Predictive Control (NMPC) based shared autonomy for bilateral teleoperation in CFETR Remote Handling,,2024,Nuclear Engineering and Technology,Jun Zhang; Xuanchen Zhang; Yong Cheng; Yang Cheng; Qiong Zhang; Kun Lu,10.1016/j.net.2024.06.005,,https://doi.org/10.1016/j.net.2024.06.005,crossref,teleoperation data robot foundation model,concept,human_data,,2,robot foundation model; model predictive control; teleoperation,2026-06-12T15:07:36Z,20.949,21.949
doi:10.1109/cdc45484.2021.9682961,A Barrier Pair Method for Safe Human-Robot Shared Autonomy,,2021,2021 60th IEEE Conference on Decision and Control (CDC),Binghan He; Mahsa Ghasemi; Ufuk Topcu; Luis Sentis,10.1109/cdc45484.2021.9682961,,https://doi.org/10.1109/cdc45484.2021.9682961,crossref,control barrier functions robot learning,anti_myopia,control,,2,control barrier function,2026-06-12T15:07:36Z,20.949,23.949
doi:10.4476/77105,Towards a principle for the human supervisory control of robot weapons,"The aim is to explore the delicate balance between human reasoning and the legal requirements for the appropriate supervisory control of robot weapons. We start by examining the limitations of automatic versus aided target recognition and then review some of the relevant psychological literature on reasoning. A new framework is introduced that reframes autonomy/semi-autonomy in terms of levels of supervisory control. This allows for greater transparency in command and control and the allocation of responsibility. Finally, so-called, human supervised autonomy is assessed in terms of the supervisory control framework. Keywords: autonomous weapons, supervisory control, robot weapons, international humanitarian law, reasoning In a world where computing is taking us to new levels of automation, we must ensure that the decision to kill remains firmly under human control. Most new technological",2014,Politica & Società,Noel Sharkey,10.4476/77105,,https://doi.org/10.4476/77105,openalex,robotics,concept,openalex_bulk_robotics,,19,limitation,2026-06-12T18:57:17Z,20.898,21.898
doi:10.3389/frobt.2022.799522,Human Factors Considerations and Metrics in Shared Space Human-Robot Collaboration: A Systematic Review,"The degree of successful human-robot collaboration is dependent on the joint consideration of robot factors (RF) and human factors (HF). Depending on the state of the operator, a change in a robot factor, such as the behavior or level of autonomy, can be perceived differently and affect how the operator chooses to interact with and utilize the robot. This interaction can affect system performance and safety in dynamic ways. The theory of human factors in human-automation interaction has long been studied; however, the formal investigation of these HFs in shared space human-robot collaboration (HRC) and the potential interactive effects between covariate HFs (HF-HF) and HF-RF in shared space collaborative robotics requires additional investigation. Furthermore, methodological applications to measure or manipulate these factors can provide insights into contextual effects and potential for",2022,Frontiers in Robotics and AI,Sarah Hopko; Jingkun Wang; Ranjana Mehta,10.3389/frobt.2022.799522,,https://doi.org/10.3389/frobt.2022.799522,crossref,state space model robot policy,concept,architecture,,139,state space model robot policy,2026-06-12T15:07:36Z,20.871,20.871
arxiv:2510.10206v1,It Takes Two: Learning Interactive Whole-Body Control Between Humanoid Robots,"The true promise of humanoid robotics lies beyond single-agent autonomy: two or more humanoids must engage in physically grounded, socially meaningful whole-body interactions that echo the richness of human social interaction. However, single-humanoid methods suffer from the isolation issue, ignoring inter-agent dynamics and causing misaligned contacts, interpenetrations, and unrealistic motions. To address this, we present Harmanoid , a dual-humanoid motion imitation framework that transfers interacting human motions to two robots while preserving both kinematic fidelity and physical realism. Harmanoid comprises two key components: (i) contact-aware motion retargeting, which restores inter-body coordination by aligning SMPL contacts with robot vertices, and (ii) interaction-driven motion controller, which leverages interaction-specific rewards to enforce coordinated keypoints and physic",2025,arXiv,Zuhong Liu; Junhao Ge; Minhao Xiong; Jiahao Gu; Bowei Tang; Wei Jing; Siheng Chen,,2510.10206v1,http://arxiv.org/abs/2510.10206v1,arxiv,whole body manipulation humanoid,concept,humanoid,,,humanoid robot,2026-06-12T14:45:03Z,20.850,20.850
doi:10.1184/r1/6555074.v1,Human-Robot Teams for Large-Scale Assembly,"Construction and assembly are complex and arduous tasks, especially when performed in hazardous environments such as in orbit, on the Moon, or on Mars. Effective assembly of structures in such environments, where human labor is expensive and scarce, can be facilitated by the use of heterogeneous robotic teams. Over the past five years, we have developed the architectural framework and tools to coordinate robotic assembly teams, as well as to incorporate the unique skills of remote human operators using an approach that allows authority to “slide” between autonomy and human control at a fine degree of granularity. We have used this approach in several assembly scenarios, and have quantified the gains in reliability and efficiency over both purely autonomous and purely teleoperation approaches.",2018,Figshare,Reid Simmons; Sanjiv Singh; Frederik W. Heger; Laura M. Hiatt; Seth Koterba; Nik A. Melchior; Brennan Sellner,10.1184/r1/6555074.v1,,https://doi.org/10.1184/r1/6555074.v1,openalex,robotics,concept,openalex_bulk_robotics,,16,teleoperation,2026-06-12T18:57:17Z,20.767,20.767
doi:10.1109/acc.2001.945693,Application of shared control strategy in the design of a robotic device,A new paradigm in the design and control of assistive robotic devices is the notion of Shared Control. Shared control devices can be categorized as a class of robotics where both the human and mechanism are in direct cooperation in accomplishing a given task. The information and power are distributed and interconnected between the agents. This way one may be able to accomplish tasks which takes advantage of the information and power capabilities of both agents. This paper presents an application of the above concept in the design of a surgical tool which is used in the minimally-invasive surgery. The paper presents a summary of the design integration and performance analysis of such concept.,2001,,Shahram Payandeh,10.1109/acc.2001.945693,,https://doi.org/10.1109/acc.2001.945693,openalex,robotics,concept,openalex_bulk_robotics,,14,assistive robot,2026-06-12T18:57:17Z,20.754,20.754
arxiv:1910.02910v2,Scaled Autonomy: Enabling Human Operators to Control Robot Fleets,"Autonomous robots often encounter challenging situations where their control policies fail and an expert human operator must briefly intervene, e.g., through teleoperation. In settings where multiple robots act in separate environments, a single human operator can manage a fleet of robots by identifying and teleoperating one robot at any given time. The key challenge is that users have limited attention: as the number of robots increases, users lose the ability to decide which robot requires teleoperation the most. Our goal is to automate this decision, thereby enabling users to supervise more robots than their attention would normally allow for. Our insight is that we can model the user's choice of which robot to control as an approximately optimal decision that maximizes the user's utility function. We learn a model of the user's preferences from observations of the user's choices in e",2019,arXiv,Gokul Swamy; Siddharth Reddy; Sergey Levine; Anca D. Dragan,,1910.02910v2,http://arxiv.org/abs/1910.02910v2,arxiv,decision transformer robotics,concept,architecture,,,decision transformer robotics; teleoperation,2026-06-12T14:45:03Z,20.650,20.650
doi:10.1145/2909824.3020252,Human-Robot Mutual Adaptation in Shared Autonomy,"Shared autonomy integrates user input with robot autonomy in order to control a robot and help the user to complete a task. Our work aims to improve the performance of such a human-robot team: the robot tries to guide the human towards an effective strategy, sometimes against the human's own preference, while still retaining his trust. We achieve this through a principled human-robot mutual adaptation formalism. We integrate a bounded-memory adaptation model of the human into a partially observable stochastic decision model, which enables the robot to adapt to an adaptable human. When the human is adaptable, the robot guides the human towards a good strategy, maybe unknown to the human in advance. When the human is stubborn and not adaptable, the robot complies with the human's preference in order to retain their trust. In the shared autonomy setting, unlike many other common human-robot",2017,arXiv,Stefanos Nikolaidis; Yu Xiang Zhu; David Hsu; Siddhartha Srinivasa,10.1145/2909824.3020252,1701.07851v1,http://arxiv.org/abs/1701.07851v1,arxiv,adaptive world action model robot,concept,wam,,,world action model; adaptive world action model,2026-06-12T14:45:03Z,20.600,20.600
doi:10.1109/iros.2012.6386171,Interactive planning of persistent trajectories for human-assisted navigation of mobile robots,"This work extends the framework of bilateral shared control of mobile robots with the aim of increasing the robot autonomy and decreasing the operator commitment. We consider persistent autonomous behaviors where a cyclic motion must be executed by the robot. The human operator is in charge of modifying online some geometric properties of the desired path. This is then autonomously processed by the robot in order to produce an actual path guaranteeing: i) tracking feasibility, ii) collision avoidance with obstacles, iii) closeness to the desired path set by the human operator, and iv) proximity to some points of interest. A force feedback is implemented to inform the human operator of the global deformation of the path rather than using the classical mismatch between desired and executed motion commands. Physically-based simulations, with human/hardware-in-the-loop and a quadrotor UAV as",2012,,Carlo Masone; Antonio Franchi; HH Bülthoff; Paolo Robuffo Giordano,10.1109/iros.2012.6386171,,https://doi.org/10.1109/iros.2012.6386171,openalex,robotics,concept,openalex_bulk_robotics,,29,,2026-06-12T18:57:17Z,20.451,21.451
doi:10.1007/s10846-023-01919-x,Shared-Control Teleoperation Paradigms on a Soft Growing Robot Manipulator,"Semi-autonomous telerobotic systems allow both humans and robots to exploit their strengths, while enabling personalized execution of a task. However, for new soft robots with degrees of freedom dissimilar to those of human operators, it is unknown how the control of a task should be divided between the human and robot. This work presents a set of interaction paradigms between a human and a soft growing robot manipulator, and demonstrates them in both real and simulated scenarios. The robot can grow and retract by eversion and inversion of its tubular body, a property we exploit to implement interaction paradigms. We implemented and tested six different paradigms of human-robot interaction, beginning with full teleoperation and gradually adding automation to various aspects of the task execution. All paradigms were demonstrated by two expert and two naive operators. Results show that hum",2021,arXiv,Fabio Stroppa; Mario Selvaggio; Nathaniel Agharese; MingLuo; Laura H. Blumenschein; Elliot W. Hawkes; Allison M. Okamura,10.1007/s10846-023-01919-x,2108.00677v2,http://arxiv.org/abs/2108.00677v2,arxiv,robot world models manipulation,concept,world_models,,,robot world model; teleoperation; human robot interaction,2026-06-12T14:45:03Z,20.400,20.400
doi:10.1109/wi-iat.2012.215,Humans-Robots Sliding Collaboration Control in Complex Environments with Adjustable Autonomy,"Autonomous agents dealing with partial knowledge about the environment are a classical subject of study for the decision making community. Moreover, such agents sometimes have to deal with unpredictable situations, which makes any previously computed behavior useless. In this paper, we address such problems using multi-human/multi-robot interactions, where the agents evolve in a complex environment and ask humans for help when they meet unpredicted situations. We introduce a model called HHP-MDP (Human Help Provider MDP), that aims at handling the difficult situations met by the agents by using the human's help. For this purpose, we show how the agents can detect difficult situations and send different types of requests to the set of humans. The model describes how a controller can handle different requests and assign agent requests to the humans by taking into account their previously l",2012,2012 IEEE/WIC/ACM International Conferences on Web Intelligence and Intelligent Agent Technology,Nicolas Côté; Arnaud Canu; Maroua Bouzid; Abdel-Iillah Mouaddib,10.1109/wi-iat.2012.215,,https://doi.org/10.1109/wi-iat.2012.215,openalex,robotics,concept,openalex_bulk_robotics,,26,,2026-06-12T18:57:17Z,20.348,21.348
doi:10.3389/frobt.2021.711388,Shared Control of a Powered Exoskeleton and Functional Electrical Stimulation Using Iterative Learning,"A hybrid exoskeleton comprising a powered exoskeleton and functional electrical stimulation (FES) is a promising technology for restoration of standing and walking functions after a neurological injury. Its shared control remains challenging due to the need to optimally distribute joint torques among FES and the powered exoskeleton while compensating for the FES-induced muscle fatigue and ensuring performance despite highly nonlinear and uncertain skeletal muscle behavior. This study develops a bi-level hierarchical control design for shared control of a powered exoskeleton and FES to overcome these challenges. A higher-level neural network–based iterative learning controller (NNILC) is derived to generate torques needed to drive the hybrid system. Then, a low-level model predictive control (MPC)-based allocation strategy optimally distributes the torque contributions between FES and the",2021,Frontiers in Robotics and AI,Vahidreza Molazadeh; Qiang Zhang; Xuefeng Bao; Brad E. Dicianno; Nitin Sharma,10.3389/frobt.2021.711388,,https://doi.org/10.3389/frobt.2021.711388,crossref,control barrier functions robot learning,anti_myopia,control,,19,control barrier function; model predictive control,2026-06-12T15:07:36Z,20.298,24.298
doi:10.1017/s0263574722000698,Trajectory planning and control of multiple mobile robot using hybrid MKH-fuzzy logic controller,"Abstract Robotics with artificial intelligence techniques have been the center of attraction among researchers as it is well equipped in the area of human intervention. Here, the krill herd (KH) optimization algorithm is modified and hybridized with a fuzzy logic controller to frame an intelligent controller for optimal trajectory planning and control of mobile robots in obscure environments. The controller is demonstrated for single and multiple robot’s trajectory planning. A Petri-net controller has also been added to avoid conflict situations in multi-robot navigation. MATLAB and V-REP software are used to simulate the work, backed with real-time experiments under laboratory conditions. The robots efficiently achieved the goals by tracing an optimal path without any collision. Trajectory length and time spent during navigation are recorded, and a good agreement between the results is ",2022,Robotica,Saroj Kumar; Dayal R. Parhi,10.1017/s0263574722000698,,https://doi.org/10.1017/s0263574722000698,crossref,hybrid systems robot control manipulation,anti_myopia,control,,12,hybrid systems,2026-06-12T15:07:36Z,20.282,23.282
doi:10.1109/ojemb.2021.3104261,"Stand-Up, Squat, Lunge, and Walk With a Robotic Knee and Ankle Prosthesis Under Shared Neural Control","Emerging robotic knee and ankle prostheses present an opportunity to restore the biomechanical function of missing biological legs, which is not possible with conventional passive prostheses. However, challenges in coordinating the robotic prosthesis movements with the user's neuromuscular system and transitioning between activities limit the real-world viability of these devices. Here we show that a shared neural control approach combining neural signals from the user's residual limb with robot control improves functional mobility in individuals with above-knee amputation. The proposed shared neural controller enables subjects to stand up and sit down under a variety of conditions, squat, lunge, walk, and seamlessly transition between activities without explicit classification of the intended movement. No other available technology can enable individuals with above-knee amputations to a",2021,IEEE Open Journal of Engineering in Medicine and Biology,Grace Hunt; Sarah Hood; Tommaso Lenzi,10.1109/ojemb.2021.3104261,,https://doi.org/10.1109/ojemb.2021.3104261,openalex,energy based model robot learning,concept,ebm,,54,,2026-06-12T18:26:24Z,20.254,21.254
doi:10.1177/0278364918768950,Admittance control for physical human–robot interaction,"This paper presents an overview of admittance control as a method of physical interaction control between machines and humans. We present an admittance controller framework and elaborate control scheme that can be used for controller design and development. Within this framework, we analyze the influence of feed-forward control, post-sensor inertia compensation, force signal filtering, additional phase lead on the motion reference, internal robot flexibility, which also relates to series elastic control, motion loop bandwidth, and the addition of virtual damping on the stability, passivity, and performance of minimal inertia rendering admittance control. We present seven design guidelines for achieving high-performance admittance controlled devices that can render low inertia, while aspiring coupled stability and proper disturbance rejection.",2018,The International Journal of Robotics Research,Arvid QL Keemink; Herman van der Kooij; Arno H. A. Stienen,10.1177/0278364918768950,,https://doi.org/10.1177/0278364918768950,openalex,energy based model robot learning,concept,ebm,,366,human robot interaction,2026-06-12T18:05:07Z,20.253,20.253
doi:10.1109/lra.2021.3098323,A Shared Control Method for Collaborative Human-Robot Plug Task,"Humans are superior to robots in performing complex assembly tasks primarily due to their dexterity and sensorimotor abilities. When humans and robots collaborate to complete an assembly task, it is critical to provide the robot with sufficiently precise manipulation capabilities and formulate a shared control method that coordinates human and robot actions. In this study, we are investigating human-robot collaboration in completing an assembly task, namely the plug task. The plug task, motivated by the 2015 DARPA Robotics Challenge Finals, involves inserting a plug connected with a cable into a paired socket. The human holds the socket while the robot is grasping the cable and manages to insert the plug. We estimate an initial socket pose based on human subjects' data. With the statistically calculated initial guess, the robot could act instantly from the beginning to move the plug towa",2021,IEEE Robotics and Automation Letters,Peng Chang; Rui Luo; Mehrdad Dorostian; Taskn Padr,10.1109/lra.2021.3098323,,https://doi.org/10.1109/lra.2021.3098323,openalex,robotics,concept,openalex_bulk_robotics,,13,visual servoing,2026-06-12T18:57:17Z,20.220,20.220
doi:10.3389/frobt.2023.1244656,The effect of human autonomy and robot work pace on perceived workload in human-robot collaborative assembly work,"Collaborative robots (in short: cobots) have the potential to assist workers with physically or cognitive demanding tasks. However, it is crucial to recognize that such assistance can have both positive and negative effects on job quality. A key aspect of human-robot collaboration is the interdependence between human and robotic tasks. This interdependence influences the autonomy of the operator and can impact the work pace, potentially leading to a situation where the human’s work pace becomes reliant on that of the robot. Given that autonomy and work pace are essential determinants of job quality, design decisions concerning these factors can greatly influence the overall success of a robot implementation. The impact of autonomy and work pace was systematically examined through an experimental study conducted in an industrial assembly task. 20 participants engaged in collaborative work",2023,Frontiers in Robotics and AI,Wietse van Dijk; Saskia J. Baltrusch; Ezra Dessers; Michiel P. de Looze,10.3389/frobt.2023.1244656,,https://doi.org/10.3389/frobt.2023.1244656,crossref,learning robot manipulation from human video,concept,human_data,,22,robot manipulation,2026-06-12T15:07:36Z,20.168,21.168
doi:10.1109/tnsre.2019.2958076,A Bayesian Shared Control Approach for Wheelchair Robot With Brain Machine Interface,"To enhance the performance of the brain-actuated robot system, a novel shared controller based on Bayesian approach is proposed for intelligently combining robot automatic control and brain-actuated control, which takes into account the uncertainty of robot perception, action and human control. Based on maximum a posteriori probability (MAP), this method establishes the probabilistic models of human and robot control commands to realize the optimal control of a brain-actuated shared control system. Application on an intelligent Bayesian shared control system based on steady-state visual evoked potential (SSVEP)-based brain machine interface (BMI) is presented for all-time continuous wheelchair navigation task. Moreover, to obtain more accurate brain control commands for shared controller and adapt the proposed system to the uncertainty of electroencephalogram (EEG), a hierarchical brain ",2020,IEEE Transactions on Neural Systems and Rehabilitation Engineering,Xiaoyan Deng; Zhu Liang Yu; Canguang Lin; Zhenghui Gu; Yuanqing Li,10.1109/tnsre.2019.2958076,,https://doi.org/10.1109/tnsre.2019.2958076,openalex,robotics,concept,openalex_bulk_robotics,,67,,2026-06-12T18:57:17Z,20.160,22.160
doi:10.1007/s41315-025-00421-x,Evaluating the interaction between human and paediatric robotic lower-limb exoskeleton: a model-based method,"Abstract Lower-limb exoskeletons (LLEs) have shown potential in improving motor function in patients for both clinical rehabilitation and daily life. Despite this, the development and control of pediatric exoskeletons remain notably underserved. This study focuses on a unique pediatric robotic lower limb exoskeleton (PRLLE), tailored particularly for children aged 8–12. Each leg of the robot has 5 Degrees of Freedom (DOFs)—three at the hip and one each at the knee and ankle. The interaction between the child user and the PRLLE is intricate, necessitating adherence to essential requirements of comfort, safety, and adaptability. Testing numerous prototype variations against diverse user profiles, particularly for children with neurological disorders where each child differs, is impractical. Model-based methods offer a virtual testbed that is useful in the design stage. This study uses MATL",2025,International Journal of Intelligent Robotics and Applications,Mohammadhadi Sarajchi; Konstantinos Sirlantzis,10.1007/s41315-025-00421-x,,https://doi.org/10.1007/s41315-025-00421-x,openalex,energy based model robot learning,concept,ebm,,17,limitation,2026-06-12T18:05:07Z,20.145,21.145
doi:10.1126/scirobotics.abd5186,Persuasive robots should avoid authority: The effects of formal and real authority on persuasion in human-robot interaction,"For social robots to persuade people, they should behave as peers providing positive incentives and avoid being authoritative.",2021,Science Robotics,Shane P. Saunderson; Goldie Nejat,10.1126/scirobotics.abd5186,,https://doi.org/10.1126/scirobotics.abd5186,crossref,sim to real robot manipulation,concept,sim2real,,49,robot manipulation; human robot interaction,2026-06-12T15:07:36Z,20.106,21.106
doi:10.3390/s25227008,A Multi-Policy Rapidly-Exploring Random Tree Based Mobile Robot Controller for Safe Path Planning in Human-Shared Environments,"Mobile robot path planning in static environments has been extensively studied. However, ensuring a safe path in the presence of stochastically moving humans remains a significant challenge. This work focuses on solving the pathfinding problem of a mobile robot operating in human-shared environments with unknown human motions. To prevent conflicts at the planning level, we propose a multi-policy rapidly exploring random tree (MP-RRT)-based safe pathfinding algorithm. A MP-RRT diverse path generator is developed within this framework to produce multiple diverse candidate paths, which are considered as the initial solution set. Additionally, a dynamic quadrant-based stochastic exploration mechanism is introduced for efficient environment exploration. To obtain an optimally safe path, we design a path optimization mechanism based on stochastic risk evaluation, which explicitly models human ",2025,Sensors,Jian Mi; Xianbo Zhang; Zhongjie Long; Jun Wang,10.3390/s25227008,,https://doi.org/10.3390/s25227008,crossref,energy based transformer robot policy,concept,ebm_transformer,,4,energy based transformer robot policy,2026-06-12T15:07:36Z,20.105,21.105
doi:10.1007/s10514-023-10143-3,Reinforcement learning for shared autonomy drone landings,"Abstract Novice pilots find it difficult to operate and land unmanned aerial vehicles (UAVs), due to the complex UAV dynamics, challenges in depth perception, lack of expertise with the control interface and additional disturbances from the ground effect. Therefore we propose a shared autonomy approach to assist pilots in safely landing a UAV under conditions where depth perception is difficult and safe landing zones are limited. Our approach is comprised of two modules: a perception module that encodes information onto a compressed latent representation using two RGB-D cameras and a policy module that is trained with the reinforcement learning algorithm TD3 to discern the pilot’s intent and to provide control inputs that augment the user’s input to safely land the UAV. The policy module is trained in simulation using a population of simulated users. Simulated users are sampled from a pa",2023,Autonomous Robots,Kal Backman; Dana Kulić; Hoam Chung,10.1007/s10514-023-10143-3,,https://doi.org/10.1007/s10514-023-10143-3,crossref,differentiable physics robot learning,concept,architecture,,18,differentiable physics robot learning,2026-06-12T15:07:36Z,20.072,20.072
doi:10.1177/02783649231167210,Bayesian controller fusion: Leveraging control priors in deep reinforcement learning for robotics,"We present Bayesian Controller Fusion (BCF): a hybrid control strategy that combines the strengths of traditional hand-crafted controllers and model-free deep reinforcement learning (RL). BCF thrives in the robotics domain, where reliable but suboptimal control priors exist for many tasks, but RL from scratch remains unsafe and data-inefficient. By fusing uncertainty-aware distributional outputs from each system, BCF arbitrates control between them, exploiting their respective strengths. We study BCF on two real-world robotics tasks involving navigation in a vast and long-horizon environment, and a complex reaching task that involves manipulability maximisation. For both these domains, simple handcrafted controllers exist that can solve the task at hand in a risk-averse manner but do not necessarily exhibit the optimal solution given limitations in analytical modelling, controller miscal",2023,The International Journal of Robotics Research,Krishan Rana; Vibhavari Dasagi; Jesse Haviland; Ben Talbot; Michael Milford; Niko Sünderhauf,10.1177/02783649231167210,,https://doi.org/10.1177/02783649231167210,crossref,model based reinforcement learning robotics,concept,architecture,,18,model based reinforcement learning robotics; limitation; out of distribution; deployment; long horizon,2026-06-12T15:07:36Z,20.072,26.072
doi:10.1088/1741-2552/aca35f,EMG-driven shared human-robot compliant control for in-hand object manipulation in hand prostheses,"Abstract Objective . The limited functionality of hand prostheses remains one of the main reasons behind the lack of its wide adoption by amputees. Indeed, while commercial prostheses can perform a reasonable number of grasps, they are often inadequate for manipulating the object once in hand. This lack of dexterity drastically restricts the utility of prosthetic hands. We aim at investigating a novel shared control strategy that combines autonomous control of forces exerted by a robotic hand with electromyographic (EMG) decoding to perform robust in-hand object manipulation. Approach . We conduct a three-day long longitudinal study with eight healthy subjects controlling a 16-degrees-of-freedom robotic hand to insert objects in boxes of various orientations. EMG decoding from forearm muscles enables subjects to move, proportionally and simultaneously, the fingers of the robotic hand. Th",2022,Journal of Neural Engineering,Farshad Khadivar; Vincent Mendez; Carolina Correia; Iason Batzianoulis; Aude Billard; Silvestro Micera,10.1088/1741-2552/aca35f,,https://doi.org/10.1088/1741-2552/aca35f,crossref,robot world models manipulation,concept,world_models,,14,robot world model; force control,2026-06-12T15:07:36Z,20.054,20.054
doi:10.1115/dscc2017-5071,Optimal Control of a Hydrostatic Wind Turbine Drivetrain for Efficiency Improvements,"To increase productivity of a wind power plant, the overall loss of its drivetrain should be minimized. For hydrostatic transmission wind turbine (HTSWT), aerodynamic efficiency of the rotor and the hydrostatic efficiency of pump and motor determine the overall loss. In this study, optimal control theory is utilized to develop a control law that minimizes the overall loss. A nonlinear model is considered for the drivetrain and a performance index (PI) is defined for the overall loss subject to system constraints which were then used to derive the optimal control law based on Pontryagin Minimum Principle (PMP),. Simulation results verified that the controller was able to maximize the drive-train efficiency. At very low wind speed, a trade-off is observed between aerodynamic and hydrostatic efficiency. For higher wind speed where the hydrostatic efficiency asymptotically reaches its maximu",2017,"Volume 1: Aerospace Applications; Advances in Control Design Methods; Bio Engineering Applications; Advances in Non-Linear Control; Adaptive and Intelligent Systems Control; Advances in Wind Energy Systems; Advances in Robotics; Assistive and Rehabilitation Robotics; Biomedical and Neural Systems Modeling, Diagnostics, and Control; Bio-Mechatronics and Physical Human Robot; Advanced Driver Assistance Systems and Autonomous Vehicles; Automotive Systems",Majid Deldar; Sohel Anwar,10.1115/dscc2017-5071,,https://doi.org/10.1115/dscc2017-5071,crossref,hybrid systems robot control manipulation,anti_myopia,control,,3,hybrid systems,2026-06-12T15:07:36Z,20.043,24.043
doi:10.1016/j.ifacol.2023.10.1772,Adaptive Admittance Control for Safety-Critical Physical Human Robot Collaboration,"Physical human-robot collaboration requires strict safety guarantees, due to the fact that robots and humans work in a shared workspace. This paper presents a novel control framework to handle safety-critical position-based constraints for human-robot physical interaction. The proposed methodology is based on admittance control, exponential control barrier functions (ECBFs), and quadratic program (QP) to achieve compliance during the force interaction between human and robot, while simultaneously guaranteeing safety constraints. In particular, the formulation of admittance control is formulated as a second-order nonlinear control system, and the interaction forces between humans and robots are regarded as the control input. A virtual force feedback for admittance control is provided in real-time by using the ECBFs-QP framework as a compensator of the external human forces. A safe traject",2023,IFAC-PapersOnLine,Yuzhu Sun; Mien Van; Stephen McIlvanna; Nhat Nguyen Minh; Seán McLoone; Dariusz Ceglarek,10.1016/j.ifacol.2023.10.1772,,https://doi.org/10.1016/j.ifacol.2023.10.1772,openalex,robotics,concept,openalex_bulk_robotics,,15,safety constraint; control barrier function,2026-06-12T18:57:17Z,20.036,20.036
doi:10.3389/fbioe.2022.842294,Coordination Between Partial Robotic Exoskeletons and Human Gait: A Comprehensive Review on Control Strategies,"Lower-limb robotic exoskeletons have become powerful tools to assist or rehabilitate the gait of subjects with impaired walking, even when they are designed to act only partially over the locomotor system, as in the case of unilateral or single-joint exoskeletons. These partial exoskeletons require a proper method to synchronize their assistive actions and ensure correct inter-joint coordination with the user's gait. This review analyzes the state of the art of control strategies to coordinate the assistance provided by these partial devices with the actual gait of the wearers. We have analyzed and classified the different approaches independently of the hardware implementation, describing their basis and principles. We have also reviewed the experimental validations of these devices for impaired and unimpaired walking subjects to provide the reader with a clear view of their technology ",2022,Frontiers in Bioengineering and Biotechnology,Julio S. Lora-Millán; Juan C. Moreno; Eduardo Rocón,10.3389/fbioe.2022.842294,,https://doi.org/10.3389/fbioe.2022.842294,openalex,robotics,concept,openalex_bulk_robotics,,24,,2026-06-12T18:57:17Z,20.009,20.009
doi:10.1109/icra46639.2022.9812379,Human-Robot Shared Control for Surgical Robot Based on Context-Aware Sim-to-Real Adaptation,,2022,2022 International Conference on Robotics and Automation (ICRA),Dandan Zhang; Zicong Wu; Junhong Chen; Ruiqi Zhu; Adnan Munawar; Bo Xiao; Yuan Guan; Hang Su; Wuzhou Hong; Yao Guo; Gregory S. Fischer; Benny Lo; Guang-Zhong Yang,10.1109/icra46639.2022.9812379,,https://doi.org/10.1109/icra46639.2022.9812379,crossref,sim to real robot manipulation,concept,sim2real,,51,robot manipulation; surgical robot,2026-06-12T14:45:03Z,19.976,20.976
doi:10.23919/acc60939.2024.10644297,Safe Optimal Interactions Between Automated and Human-Driven Vehicles in Mixed Traffic with Event-Triggered Control Barrier Functions,,2024,2024 American Control Conference (ACC),Anni Li; Christos G. Cassandras; Wei Xiao,10.23919/acc60939.2024.10644297,,https://doi.org/10.23919/acc60939.2024.10644297,crossref,control barrier functions robot learning,anti_myopia,control,,6,control barrier function,2026-06-12T15:07:36Z,19.973,22.973
doi:10.1109/icra57147.2024.10610956,A probabilistic approach for learning and adapting shared control skills with the human in the loop,,2024,2024 IEEE International Conference on Robotics and Automation (ICRA),Gabriel Quere; Freek Stulp; David Filliat; João Silvério,10.1109/icra57147.2024.10610956,,https://doi.org/10.1109/icra57147.2024.10610956,crossref,probabilistic robotics,anti_myopia,anti_thesis,,6,probabilistic robotics,2026-06-12T15:07:36Z,19.973,22.973
doi:10.3390/machines10121125,Design and Control of a Lower Limb Rehabilitation Robot Based on Human Motion Intention Recognition with Multi-Source Sensor Information,"The research on rehabilitation robots is gradually moving toward combining human intention recognition with control strategies to stimulate user involvement. In order to enhance the interactive performance between the robot and the human body, we propose a machine-learning-based human motion intention recognition algorithm using sensor information such as force, displacement and wheel speed. The proposed system uses the bi-directional long short-term memory (BILSTM) algorithm to recognize actions such as falling, walking, and turning, of which the accuracy rate has reached 99.61%. In addition, a radial basis function neural network adaptive sliding mode controller (RBFNNASMC) is proposed to track and control the patient’s behavioral intention and the gait of the lower limb exoskeleton and to adjust the weights of the RBF network using the adaptive law. This can achieve a dynamic estimati",2022,Machines,Pengfei Zhang; Xueshan Gao; Mingda Miao; Peng Zhao,10.3390/machines10121125,,https://doi.org/10.3390/machines10121125,openalex,energy based model robot learning,concept,ebm,,20,human robot interaction,2026-06-12T18:26:24Z,19.972,19.972
doi:10.1109/tro.2025.3548493,Human-Inspired Active Compliant and Passive Shared Control Framework for Robotic Contact-Rich Tasks in Medical Applications,,2025,IEEE Transactions on Robotics,Junling Fu; Giorgia Maimone; Elisa Iovene; Jianzhuang Zhao; Alberto Redaelli; Giancarlo Ferrigno; Elena De Momi,10.1109/tro.2025.3548493,,https://doi.org/10.1109/tro.2025.3548493,crossref,contact rich manipulation learning,concept,contact,,14,contact rich manipulation,2026-06-12T15:07:36Z,19.954,19.954
doi:10.3389/fnbot.2024.1429952,An efficient grasping shared control architecture for unpredictable and unspecified tasks,"Robot control in complex and unpredictable scenarios presents challenges such as adaptability, robustness, and human-robot interaction. These scenarios often require robots to perform tasks that involve unknown objects in unstructured environments with high levels of uncertainty. Traditional control methods, such as automatic control, may not be suitable due to their limited adaptability and reliance on prior knowledge. Human-in-the-loop method faces issues such as insufficient feedback, increased failure rates due to noise and delays, and lack of operator immersion, preventing the achievement of human-level performance. This study proposed a shared control framework to achieve a trade-off between efficiency and adaptability by combing the advantages of both teleoperation and automatic control method. The proposed approach combines the advantages of both human and automatic control metho",2024,Frontiers in Neurorobotics,Shaowen Cheng; Yongbin Jin; Yanhong Liang; Lei Jiang; Hongtao Wang,10.3389/fnbot.2024.1429952,,https://doi.org/10.3389/fnbot.2024.1429952,crossref,analytical grasping,anti_myopia,anti_thesis,,2,teleoperation; human robot interaction; robustness; analytical grasping,2026-06-12T15:07:36Z,19.949,25.949
doi:10.1109/robot.1995.525725,Variable impedance control of a robot for cooperation with a human,"Robots are expected to be human-friendly and to execute tasks in cooperation with humans. Control systems for such robots should be designed in order to adapt human characteristics. In this paper, a variable impedance control method for robot to cooperate with human is proposed. First, the human characteristics in a cooperative task between two humans are analyzed. It is confirmed that human characteristics can be expressed by a variable impedance model. Then, we make a robot and a human to execute a cooperative task. It is shown that the impedance parameters obtained in the experiment performed by two humans give the best characteristics to the robot for cooperation with the human.",2002,,Ryojun Ikeura; Hikaru Inooka,10.1109/robot.1995.525725,,https://doi.org/10.1109/robot.1995.525725,openalex,robotics,concept,openalex_bulk_robotics,,326,impedance control,2026-06-12T18:57:17Z,19.945,19.945
doi:10.1145/3544548.3581066,"“Should I Follow the Human, or Follow the Robot?” — Robots in Power Can Have More Influence Than Humans on Decision-Making","Artificially intelligent (AI) agents such as robots are increasingly delegated power in work settings, yet it remains unclear how power functions in interactions with both humans and robots, especially when they directly compete for influence. Here we present an experiment where every participant was matched with one human and one robot to perform decision-making tasks. By manipulating who has power, we created three conditions: human as leader, robot as leader, and a no-power-difference control. The results showed that the participants were significantly more influenced by the leader, regardless of whether the leader was a human or a robot. However, they generally held a more positive attitude toward the human than the robot, although they considered whichever was in power as more competent. This study illustrates the importance of power for future Human-Robot Interaction (HRI) and Huma",2023,,Yoyo Tsung-Yu Hou; Wen-Ying Lee; Malte Jung,10.1145/3544548.3581066,,https://doi.org/10.1145/3544548.3581066,openalex,robotics,concept,openalex_bulk_robotics,,25,human robot interaction,2026-06-12T18:57:17Z,19.929,19.929
doi:10.1177/00187208241272066,Human–Robot Collaboration With a Corrective Shared Controlled Robot in a Sanding Task,"OBJECTIVE: Physical and cognitive workloads and performance were studied for a corrective shared control (CSC) human-robot collaborative (HRC) sanding task. BACKGROUND: Manual sanding is physically demanding. Collaborative robots (cobots) can potentially reduce physical stress, but fully autonomous implementation has been particularly challenging due to skill, task variability, and robot limitations. CSC is an HRC method where the robot operates semi-autonomously while the human provides real-time corrections. METHODS: Twenty laboratory participants removed paint using an orbital sander, both manually and with a CSC robot. A fully automated robot was also tested. RESULTS: The CSC robot improved subjective discomfort compared to manual sanding in the upper arm by 29.5%, lower arm by 32%, hand by 36.5%, front of the shoulder by 24%, and back of the shoulder by 17.5%. Muscle fatigue measure",2024,Human Factors The Journal of the Human Factors and Ergonomics Society,Anna Konstant; Nitzan Orr; Michael Hagenow; Isabelle Gundrum; Yu Hen Hu; Bilge Mutlu; Michael Zinn; Michael Gleicher; Robert G. Radwin,10.1177/00187208241272066,,https://doi.org/10.1177/00187208241272066,openalex,robotics,concept,openalex_bulk_robotics,,7,limitation,2026-06-12T18:57:17Z,19.890,20.890
doi:10.1109/tie.2024.3401185,Dynamic Movement Primitives-Based Human Action Prediction and Shared Control for Bilateral Robot Teleoperation,,2024,IEEE Transactions on Industrial Electronics,Zhenyu Lu; Weiyong Si; Ning Wang; Chenguang Yang,10.1109/tie.2024.3401185,,https://doi.org/10.1109/tie.2024.3401185,crossref,teleoperation data robot foundation model,concept,human_data,,18,robot foundation model; teleoperation,2026-06-12T15:07:36Z,19.872,19.872
doi:10.1038/s42256-019-0093-5,Shared human–robot proportional control of a dexterous myoelectric prosthesis,,2019,Nature Machine Intelligence,Katie Z. Zhuang; Nicolas Sommer; Vincent Mendez; Saurav Aryan; Emanuele Formento; Edoardo D’Anna; Fiorenzo Artoni; Francesco Petrini; Giuseppe Granata; Giovanni Cannaviello; Wassim Raffoul; Aude Billard; Silvestro Micera,10.1038/s42256-019-0093-5,,https://doi.org/10.1038/s42256-019-0093-5,crossref,Gaussian splatting robot perception dexterous manipulation,concept,architecture_x_embodiment,,136,Gaussian splatting robot perception; dexterous manipulation,2026-06-12T15:07:36Z,19.860,19.860
doi:10.3389/fnsys.2021.669810,Trust as Extended Control: Human-Machine Interactions as Active Inference,"In order to interact seamlessly with robots, users must infer the causes of a robot's behavior-and be confident about that inference (and its predictions). Hence, trust is a necessary condition for human-robot collaboration (HRC). However, and despite its crucial role, it is still largely unknown how trust emerges, develops, and supports human relationship to technological systems. In the following paper we review the literature on trust, human-robot interaction, HRC, and human interaction at large. Early models of trust suggest that it is a trade-off between benevolence and competence; while studies of human to human interaction emphasize the role of shared behavior and mutual knowledge in the gradual building of trust. We go on to introduce a model of trust as an agent' best explanation for reliable sensory exchange with an extended motor plant or partner. This model is based on the co",2021,Frontiers in Systems Neuroscience,Félix Schoeller; Mark Miller; Roy Salomon; Karl Friston,10.3389/fnsys.2021.669810,,https://doi.org/10.3389/fnsys.2021.669810,openalex,energy based model robot learning,concept,ebm,,46,human robot interaction,2026-06-12T18:26:24Z,19.825,19.825
doi:10.1109/smc54092.2024.10831687,Teleoperated Omni-directional Dual Arm Mobile Manipulation Robotic System with Shared Control for Retail Store,"The swiftly expanding retail sector is increasingly adopting autonomous mobile robots empowered by artificial intelligence and machine learning algorithms to gain an edge in the competitive market. However, these autonomous robots encounter challenges in adapting to the dynamic nature of retail products, often struggling to operate autonomously in novel situations. In this study, we introduce an omni-directional dual-arm mobile robot specifically tailored for use in retail environments. Additionally, we propose a tele-operation method that enables shared control between the robot and a human operator. This approach utilizes a Virtual Reality (VR) motion capture system to capture the operator's commands, which are then transmitted to the robot located remotely in a retail setting. Furthermore, the robot is equipped with heterogeneous grippers on both manipulators, facilitating the handlin",2026,arXiv,Rolif Lima; Somdeb Saha; Nijil George; Vismay Vakharia; Shubham Parab; Sahil Gaonkar; Vighnesh Vatsal; Kaushik Das,10.1109/smc54092.2024.10831687,2602.23923v1,http://arxiv.org/abs/2602.23923v1,arxiv,hybrid systems robot control manipulation,anti_myopia,control,,,mobile manipulation; hybrid systems,2026-06-12T15:07:36Z,19.800,22.800
doi:10.1109/toh.2018.2810871,Stable Physical Human-Robot Interaction Using Fractional Order Admittance Control,"In the near future, humans and robots are expected to perform collaborative tasks involving physical interaction in various environments, such as homes, hospitals, and factories. Robots are good at precision, strength, and repetition, while humans are better at cognitive tasks. The concept, known as physical human-robot interaction (pHRI), takes advantage of these abilities and is highly beneficial by bringing speed, flexibility, and ergonomics to the execution of complex tasks. Current research in pHRI focuses on designing controllers and developing new methods which offer a better tradeoff between robust stability and high interaction performance. In this paper, we propose a new controller, fractional order admittance controller, for pHRI systems. The stability and transparency analyses of the new control system are performed computationally with human-in-the-loop. Impedance matching i",2018,IEEE Transactions on Haptics,Yusuf Aydın; Ozan Tokatlı; Volkan Patoğlu; Çağatay Başdoğan,10.1109/toh.2018.2810871,,https://doi.org/10.1109/toh.2018.2810871,openalex,robotics,concept,openalex_bulk_robotics,,72,human robot interaction; robustness,2026-06-12T18:57:17Z,19.795,20.795
doi:10.3389/frobt.2021.672995,Handover Control for Human-Robot and Robot-Robot Collaboration,"Modern scenarios in robotics involve human-robot collaboration or robot-robot cooperation in unstructured environments. In human-robot collaboration, the objective is to relieve humans from repetitive and wearing tasks. This is the case of a retail store, where the robot could help a clerk to refill a shelf or an elderly customer to pick an item from an uncomfortable location. In robot-robot cooperation, automated logistics scenarios, such as warehouses, distribution centers and supermarkets, often require repetitive and sequential pick and place tasks that can be executed more efficiently by exchanging objects between robots, provided that they are endowed with object handover ability. Use of a robot for passing objects is justified only if the handover operation is sufficiently intuitive for the involved humans, fluid and natural, with a speed comparable to that typical of a human-huma",2021,Frontiers in Robotics and AI,Marco Costanzo; Giuseppe De Maria; Ciro Natale,10.3389/frobt.2021.672995,,https://doi.org/10.3389/frobt.2021.672995,crossref,learning robot manipulation from human video,concept,human_data,,47,robot manipulation; human demonstration,2026-06-12T15:07:36Z,19.786,19.786
doi:10.1089/cyber.2021.29216.aga,Machines Like Us and People Like You: Toward Human–Robot Shared Experience,"In the past years, the field of collaborative robots has been developing fast, with applications ranging from health care to search and rescue, construction, entertainment, sports, and many others. However, current social robotics is still far from the general abilities we expect in a robot collaborator. This limitation is more evident when robots are faced with real-life contexts and activities occurring over long periods. In this article, we argue that human-robot collaboration is more than just being able to work side by side on complementary tasks: collaboration is a complex relational process that entails mutual understanding and reciprocal adaptation. Drawing on this assumption, we propose to shift the focus from ""human-robot interaction"" to ""human-robot shared experience."" We hold that for enabling the emergence of such shared experiential space between humans and robots, construc",2021,Cyberpsychology Behavior and Social Networking,Andrea Gaggioli; Alice Chirico; Daniele Di Lernia; Mario A. Maggioni; Clelia Malighetti; Federico Manzi; Antonella Marchetti; Davide Massaro; Francesco Rea; Domenico Rossignoli; Giulio Sandini; Daniela Villani; Brenda K. Wiederhold; Giuseppe Riva; Alessandra Sciutti,10.1089/cyber.2021.29216.aga,,https://doi.org/10.1089/cyber.2021.29216.aga,openalex,robotics,concept,openalex_bulk_robotics,,20,human robot interaction; limitation,2026-06-12T18:57:17Z,19.772,20.772
doi:10.1108/aa-10-2018-0153,Reinforcement learning for human-robot shared control,"Purpose This paper aims to propose a general framework of shared control for human–robot interaction. Design/methodology/approach Human dynamics are considered in analysis of the coupled human–robot system. Motion intentions of both human and robot are taken into account in the control objective of the robot. Reinforcement learning is developed to achieve the control objective subject to unknown dynamics of human and robot. The closed-loop system performance is discussed through a rigorous proof. Findings Simulations are conducted to demonstrate the learning capability of the proposed method and its feasibility in handling various situations. Originality/value Compared to existing works, the proposed framework combines motion intentions of both human and robot in a human–robot shared control system, without the requirement of the knowledge of human’s and robot’s dynamics.",2019,Assembly Automation,Yanan Li; Keng Peng Tee; Rui Yan; Shuzhi Sam Ge,10.1108/aa-10-2018-0153,,https://doi.org/10.1108/aa-10-2018-0153,crossref,learning robot manipulation from human video,concept,human_data,,13,robot manipulation; human robot interaction,2026-06-12T15:07:36Z,19.770,19.770
doi:10.1016/j.robot.2021.103867,Heuristic-based method for conflict discovery of shared control between humans and autonomous systems - A driving automation case study,,2021,Robotics and Autonomous Systems,Frédéric Vanderhaegen,10.1016/j.robot.2021.103867,,https://doi.org/10.1016/j.robot.2021.103867,crossref,score based policy robotics,concept,diffusion,,50,,2026-06-12T15:07:36Z,19.766,19.766
doi:10.1109/lra.2024.3438040,Trust-Preserved Human-Robot Shared Autonomy Enabled by Bayesian Relational Event Modeling,,2024,IEEE Robotics and Automation Letters,Yingke Li; Fumin Zhang,10.1109/lra.2024.3438040,,https://doi.org/10.1109/lra.2024.3438040,crossref,robotics,concept,crossref_bulk_robotics,,14,,2026-06-12T19:29:26Z,19.754,19.754
arxiv:1606.06979v1,Simultaneous Control and Human Feedback in the Training of a Robotic Agent with Actor-Critic Reinforcement Learning,"This paper contributes a preliminary report on the advantages and disadvantages of incorporating simultaneous human control and feedback signals in the training of a reinforcement learning robotic agent. While robotic human-machine interfaces have become increasingly complex in both form and function, control remains challenging for users. This has resulted in an increasing gap between user control approaches and the number of robotic motors which can be controlled. One way to address this gap is to shift some autonomy to the robot. Semi-autonomous actions of the robotic agent can then be shaped by human feedback, simplifying user control. Most prior work on agent shaping by humans has incorporated training with feedback, or has included indirect control signals. By contrast, in this paper we explore how a human can provide concurrent feedback signals and real-time myoelectric control si",2016,arXiv,Kory W. Mathewson; Patrick M. Pilarski,,1606.06979v1,http://arxiv.org/abs/1606.06979v1,arxiv,interactive robot learning human feedback,concept,hri,,,,2026-06-12T15:07:36Z,19.750,19.750
doi:10.1109/icetci57876.2023.10176869,Trajectory Planning of Autonomous Mobile Robot using Model Predictive Control in Human-Robot Shared Workspace,,2023,"2023 IEEE 3rd International Conference on Electronic Technology, Communication and Information (ICETCI)",Jieming Chen; Xiang Chen; Steven Liu,10.1109/icetci57876.2023.10176869,,https://doi.org/10.1109/icetci57876.2023.10176869,crossref,robot world model failure planning,hostile,failure,,2,robot world model; model predictive control; robot world model failure,2026-06-12T14:45:03Z,19.749,24.749
doi:10.1109/tro.2016.2581216,Goal Set Inverse Optimal Control and Iterative Replanning for Predicting Human Reaching Motions in Shared Workspaces,,2016,IEEE Transactions on Robotics,Jim Mainprice; Rafi Hayne; Dmitry Berenson,10.1109/tro.2016.2581216,,https://doi.org/10.1109/tro.2016.2581216,crossref,optimal control robot manipulation,anti_myopia,anti_thesis,,103,robot manipulation; optimal control robot manipulation,2026-06-12T15:07:36Z,19.722,23.722
doi:10.1016/j.robot.2019.01.020,Data-driven human driver lateral control models for developing haptic-shared control advanced driver assist systems,,2019,Robotics and Autonomous Systems,Kazuhide Okamoto; Panagiotis Tsiotras,10.1016/j.robot.2019.01.020,,https://doi.org/10.1016/j.robot.2019.01.020,crossref,classical control robotics,anti_myopia,anti_thesis,,30,classical control robotics,2026-06-12T15:07:36Z,19.717,23.717
doi:10.1109/tro.2022.3180885,An Energy-Based Control Architecture for Shared Autonomy,,2022,IEEE Transactions on Robotics,Federico Benzi; Federica Ferraguti; Giuseppe Riggio; Cristian Secchi,10.1109/tro.2022.3180885,,https://doi.org/10.1109/tro.2022.3180885,crossref,energy based policy robotics,concept,ebm,,30,,2026-06-12T15:07:36Z,19.717,19.717
doi:10.3390/s20216097,A Multimodal Intention Detection Sensor Suite for Shared Autonomy of Upper-Limb Robotic Prostheses,"Neurorobotic augmentation (e.g., robotic assist) is now in regular use to support individuals suffering from impaired motor functions. A major unresolved challenge, however, is the excessive cognitive load necessary for the human-machine interface (HMI). Grasp control remains one of the most challenging HMI tasks, demanding simultaneous, agile, and precise control of multiple degrees-of-freedom (DoFs) while following a specific timing pattern in the joint and human-robot task spaces. Most commercially available systems use either an indirect mode-switching configuration or a limited sequential control strategy, limiting activation to one DoF at a time. To address this challenge, we introduce a shared autonomy framework centred around a low-cost multi-modal sensor suite fusing: (a) mechanomyography (MMG) to estimate the intended muscle activation, (b) camera-based visual information for i",2020,Sensors,Marcus Gardner; C. Sebastian Mancero Castillo; Samuel Wilson; Dario Farina; Etienne Burdet; Boo Cheong Khoo; S. Farokh Atashzar; Ravi Vaidyanathan,10.3390/s20216097,,https://doi.org/10.3390/s20216097,openalex,energy based model robot learning,concept,ebm,,27,,2026-06-12T18:26:24Z,19.716,19.716
doi:10.1145/3645090,Who’s in Charge Here? A Survey on Trustworthy AI in Variable Autonomy Robotic Systems,"This article surveys the Variable Autonomy (VA) robotics literature that considers two contributory elements to Trustworthy AI: transparency and explainability. These elements should play a crucial role when designing and adopting robotic systems, especially in VA where poor or untimely adjustments of the system’s level of autonomy can lead to errors, control conflicts, user frustration, and ultimate disuse of the system. Despite this need, transparency and explainability is, to the best of our knowledge, mostly overlooked in VA robotics literature or is not considered explicitly. In this article, we aim to present and examine the most recent contributions to the VA literature concerning transparency and explainability. In addition, we propose a way of thinking about VA by breaking these two concepts down based on: the mission of the human-robot team; who the stakeholder is; what needs t",2024,ACM Computing Surveys,Leila Methnani; Manolis Chiou; Virginia Dignum; Andreas Theodorou,10.1145/3645090,,https://doi.org/10.1145/3645090,openalex,robotics,concept,openalex_bulk_robotics,,19,,2026-06-12T18:57:17Z,19.698,19.698
doi:10.1108/aa-12-2018-0264,Cooperative control of dual-arm robots in different human-robot collaborative tasks,"Purpose This paper aims to propose cooperative control strategies for dual-arm robots in different human–robot collaborative tasks in assembly processes. The authors set three different regions where robot performs different collaborative ways: “teleoperate” region, “co-carry” region and “assembly” region. Human holds the “master” arm of dual-arm robot to operate the other “follower” arm by our proposed controller in “teleoperation” region. Limited by the human arm length, “follower” arm is teleoperated by human to carry the distant object. In the “co-carry” region, “master” arm and “follower” arm cooperatively carry the object to the region close to the human. In “assembly” region, “follower” arm is used for fixing the object and “master” arm coupled with human is used for assembly. Design/methodology/approach A human moving target estimated method is proposed for decreasing efforts for",2019,Assembly Automation,Xinbo Yu; Shuang Zhang; Liang Sun; Yu Wang; Chengqian Xue; Bin Li,10.1108/aa-12-2018-0264,,https://doi.org/10.1108/aa-12-2018-0264,openalex,robotics,concept,openalex_bulk_robotics,,39,teleoperation,2026-06-12T18:57:17Z,19.694,19.694
doi:10.1109/tase.2015.2412256,Safety in human-robot collaborative manufacturing environments: Metrics and control,"New paradigms in industrial robotics no longer require physical separation between robotic manipulators and humans. Moreover, in order to optimize production, humans and robots are expected to collaborate to some extent. In this scenario, involving a shared environment between humans and robots, common motion generation algorithms might turn out to be inadequate for this purpose. This paper proposes a kinematic control strategy which enforces safety, while maintaining the maximum level of productivity of the robot. The resulting motion of the (possibly redundant) robot is obtained as an output of an optimization-based real-time algorithm in which safety is regarded as a hard constraint to be satisfied. The methodology is experimentally validated on a dual-arm concept robot with 7-DOF per arm performing a manipulation task.",2015,IEEE Transactions on Automation Science and Engineering,Andrea Maria Zanchettin; Nicola Maria Ceriani; Paolo Rocco; Hao Ding; Björn Matthias,10.1109/tase.2015.2412256,,https://doi.org/10.1109/tase.2015.2412256,openalex,robotics,concept,openalex_bulk_robotics,,391,industrial robot,2026-06-12T18:57:17Z,19.686,19.686
doi:10.1109/whc.2007.59,General Model of Human-Robot Cooperation Using a Novel Velocity Based Variable Impedance Control,"In the future, robots will have to assist human beings in the performance of several tasks. In order to achieve this goal, robots have to be able to follow human movement in a way that is transparent to the human operator. This paper presents a new method to make this cooperation more transparent. The method is based on an online variable impedance control using differentiation of the force as a natural sensor of human intention. This work will also demonstrate why velocity control should be used in the controller of a human-friendly robot rather than typical position control. The performance of the control scheme introduced here is also validated in an experimental cooperative drawing task involving a parallel manipulator and a human operator",2007,,Vincent Duchaine; Clément Gosselin,10.1109/whc.2007.59,,https://doi.org/10.1109/whc.2007.59,openalex,robotics,concept,openalex_bulk_robotics,,192,impedance control,2026-06-12T18:57:17Z,19.681,19.681
doi:10.3390/machines13080669,EMG-Driven Shared Control Architecture for Human–Robot Co-Manipulation Tasks,"The paper presents a shared control strategy that allows a human operator to physically guide the end-effector of a robotic manipulator to perform different tasks, possibly in interaction with the environment. To switch among different operational modes referring to a finite state machine algorithm, ElectroMyoGraphic (EMG) signals from the user’s arm are used to detect muscular contractions and to interact with a variable admittance control strategy. Specifically, a Support Vector Machine (SVM) classifier processes the raw EMG data to identify three classes of contractions that trigger the activation of different sets of admittance control parameters corresponding to the envisaged operational modes. The proposed architecture has been experimentally validated using a Kinova Jaco2 manipulator, equipped with force/torque sensor at the end-effector, and with a limited group of users wearing ",2025,Machines,Francesca Patriarca; Paolo Di Lillo; Filippo Arrichiello,10.3390/machines13080669,,https://doi.org/10.3390/machines13080669,crossref,robot world models manipulation,concept,world_models,,,robot world model,2026-06-12T14:45:03Z,19.650,19.650
doi:10.1109/msmc.2016.2623867,Trusted Autonomy Between Humans and Robots: Toward Human-on-the-Loop in Robotics and Autonomous Systems,"Safety, accuracy, and security have always been major concerns pertaining to the adoption of autonomous systems. Human-on-the-loop (HOTL) systems, in particular, require a high level of trust to be accepted in our daily lives. Trust translates as a human operator's willingness to rely on the actions performed by an autonomous system. Trust depends on the specific system and circumstances as well as on the environment the system is working in and the operator's background and beliefs. Achieving the trust that can lead to realizing particular objectives individually and accurately in uncertain conditions over a long period of time without human involvement has always been the main goal with autonomous systems.",2017,IEEE Systems Man and Cybernetics Magazine,Saeid Nahavandi,10.1109/msmc.2016.2623867,,https://doi.org/10.1109/msmc.2016.2623867,openalex,robotics,concept,openalex_bulk_robotics,,88,,2026-06-12T18:57:17Z,19.644,19.644
doi:10.1109/icra46639.2022.9811360,CATs: Task Planning for Shared Control of Assistive Robots with Variable Autonomy,,2022,2022 International Conference on Robotics and Automation (ICRA),Samuel Bustamante; Gabriel Quere; Daniel Leidner; Jorn Vogel; Freek Stulp,10.1109/icra46639.2022.9811360,,https://doi.org/10.1109/icra46639.2022.9811360,crossref,task and motion planning robotics,anti_myopia,classic,,7,assistive robot; motion planning; task and motion planning,2026-06-12T15:07:36Z,19.640,23.640
doi:10.1109/ssrr50563.2020.9292585,VFH+ based shared control for remotely operated mobile robots,"This paper addresses the problem of safe and efficient navigation in remotely controlled robots operating in hazardous and unstructured environments; or conducting other remote robotic tasks. A shared control method is presented which blends the commands from a VFH+ obstacle avoidance navigation module with the teleoperation commands provided by an operator via a joypad. The presented approach offers several advantages such as flexibility allowing for a straightforward adaptation of the controller's behaviour and easy integration with variable autonomy systems; as well as the ability to cope with dynamic environments. The advantages of the presented controller are demonstrated by an experimental evaluation in a disaster response scenario. More specifically, presented evidence show a clear performance increase in terms of safety and task completion time compared to a pure teleoperation ap",2020,,Pantelis Pappas; Manolis Chiou; Georgios-Theofanis Epsimos; Grigoris Nikolaou; Rustam Stolkin,10.1109/ssrr50563.2020.9292585,,https://doi.org/10.1109/ssrr50563.2020.9292585,openalex,robotics,concept,openalex_bulk_robotics,,23,teleoperation,2026-06-12T18:57:17Z,19.639,20.639
doi:10.36227/techrxiv.24018825,Experimental Evaluation of Model Predictive Mixed-Initiative Variable Autonomy Systems Applied to Human-Robot Teams,"This paper is accepted for the IEEE SMC 2023. Adjusting the level of autonomy in human-machine systems (e.g., human-robot systems) holds great potential for achieving high system performance while maintaining operator involvement. To support operators with the task of setting the proper level of autonomy, we present a novel approach to realise a Model Predictive Controller that determines the optimal LoA for each tessellation in the robot's path plan based on the estimated performance degradation due environmental adversities. We also report on an experimental evaluation of a mixed-initiative system where both the operator and the Model Predictive Controller are in charge of dynamically adjusting the level of autonomy cooperatively while performing a challenging navigational task with a mobile ground robot in a high-fidelity simulation. To this end, we conducted a user study with 15 part",,,Aniketh Ramesh; Christian Alexander Braun; Tianshu Ruan; Simon Rothfuß; Sören Hohmann; Rustam Stolkin; Manolis Chiou,10.36227/techrxiv.24018825,,https://doi.org/10.36227/techrxiv.24018825,crossref,model predictive control robot learning,anti_myopia,control,,,model predictive control,2026-06-12T15:07:36Z,19.600,24.600
doi:10.1109/iros.2018.8593526,Variable Admittance Control for Human-Robot Collaboration based on Online Neural Network Training,"In this paper, a method for variable admittance control in human-robot cooperation is proposed. A multilayer feedforward neural network is designed using the Cartesian velocity of the robot and the applied force by the operator as its inputs to modify online the virtual damping of the admittance controller. The neural network is trained online using the error backpropagation algorithm based on the error between the velocity of the minimum jerk trajectory model and the measured velocity of the robot. The performance of the proposed controller and the NN generalization ability are evaluated by conducting a point-to-point cooperative motion with multiple subjects using the KUKA LWR robot.",2018,,Abdel‐Nasser Sharkawy; Panagiotis N. Koustournpardis; Nikos Aspragathos,10.1109/iros.2018.8593526,,https://doi.org/10.1109/iros.2018.8593526,openalex,robotics,concept,openalex_bulk_robotics,,46,generalization,2026-06-12T18:57:17Z,19.575,20.575
doi:10.1109/tii.2018.2875729,Admittance Control Based on EMG-Driven Musculoskeletal Model Improves the Human–Robot Synchronization,"The synchronization of output torque is an important issue during human-robot interaction. Since the human-robot synchronization may be affected by the delay between the human's voluntary torque and the robot's assistive torque when a torque sensor is applied to detect human intention, an electromyography (EMG)-based admittance controller (EAC) was proposed to improve human-robot synchronization compared with that achieved by the use of a torque-sensing-based admittance controller (TAC). Simulations and experiments were conducted to investigate the performance of the EAC and the TAC. The simulation results indicated that the delay between the human's voluntary torque and the exoskeleton robot's assistive torque significantly degraded the performance of the human-robot cooperation movement when the TAC was used. The experimental results indicated that the jerk value, interaction torque, a",2018,IEEE Transactions on Industrial Informatics,Yu Zhuang; Shaowei Yao; Chenming Ma; Rong Song,10.1109/tii.2018.2875729,,https://doi.org/10.1109/tii.2018.2875729,openalex,robotics,concept,openalex_bulk_robotics,,91,human robot interaction,2026-06-12T18:57:17Z,19.561,19.561
doi:10.1016/j.robot.2023.104555,Shared autonomy and positive power control for powered exoskeletons,,2024,Robotics and Autonomous Systems,Benjamin Beiter; Divya Srinivasan; Alexander Leonessa,10.1016/j.robot.2023.104555,,https://doi.org/10.1016/j.robot.2023.104555,crossref,classical control robotics,anti_myopia,anti_thesis,,2,classical control robotics,2026-06-12T15:07:36Z,19.549,23.549
doi:10.21203/rs.3.rs-3418756/v1,AdaptiX - A Transitional XR Framework for Development and Evaluation of Shared Control Applications in Assistive Robotics,"Abstract With the ongoing efforts to empower people with mobility impairments and the increase in technological acceptance by the general public, assistive technologies, such as collaborative robotic arms, are gaining popularity. Yet, their widespread success is limited by usability issues, specifically the disparity between user input and software control along the autonomy continuum. To address this, shared control concepts provide opportunities to combine the targeted increase of user autonomy with a certain level of computer assistance. This paper presents the free and open-source AdaptiX XR framework for developing and evaluating shared control applications in a high-resolution simulation environment. The initial framework consists of a simulated robotic arm with an example scenario in Virtual Reality (VR), multiple standard control interfaces, and a specialized recording/replay sys",,,Max Pascher; Felix Ferdinand Goldau; Kirill Kronhardt; Udo Frese; Jens Gerken,10.21203/rs.3.rs-3418756/v1,,https://doi.org/10.21203/rs.3.rs-3418756/v1,crossref,robotics,concept,crossref_bulk_robotics,,2,assistive robot; human robot interaction; limitation,2026-06-12T19:29:26Z,19.549,21.549
doi:10.1109/icra48506.2021.9560991,Haptic Feedback Improves Human-Robot Agreement and User Satisfaction in Shared-Autonomy Teleoperation,,2021,2021 IEEE International Conference on Robotics and Automation (ICRA),Dawei Zhang; Roberto Tron; Rebecca P. Khurshid,10.1109/icra48506.2021.9560991,,https://doi.org/10.1109/icra48506.2021.9560991,crossref,teleoperation data robot foundation model,concept,human_data,,32,robot foundation model; teleoperation,2026-06-12T15:07:36Z,19.548,19.548
doi:10.3390/s20216368,Analysis of Visuo Motor Control between Dominant Hand and Non-Dominant Hand for Effective Human-Robot Collaboration,"The human-in-the-loop technology requires studies on sensory-motor characteristics of each hand for an effective human–robot collaboration. This study aims to investigate the differences in visuomotor control between the dominant (DH) and non-dominant hands in tracking a target in the three-dimensional space. We compared the circular tracking performances of the hands on the frontal plane of the virtual reality space in terms of radial position error (ΔR), phase error (Δθ), acceleration error (Δa), and dimensionless squared jerk (DSJ) at four different speeds for 30 subjects. ΔR and Δθ significantly differed at relatively high speeds (ΔR: 0.5 Hz; Δθ: 0.5, 0.75 Hz), with maximum values of ≤1% compared to the target trajectory radius. DSJ significantly differed only at low speeds (0.125, 0.25 Hz), whereas Δa significantly differed at all speeds. In summary, the feedback-control mechanism o",2020,Sensors,Hanjin Jo; Woong Choi; Geonhui Lee; Wookhyun Park; Jaehyo Kim,10.3390/s20216368,,https://doi.org/10.3390/s20216368,crossref,Gaussian splatting robot perception robot hand,concept,architecture_x_embodiment,,5,Gaussian splatting robot perception; robot hand,2026-06-12T15:07:36Z,19.546,19.546
doi:10.1109/iros40897.2019.8968494,Haptic Shared-Control Methods for Robotic Cutting under Nonholonomic Constraints,"Robot-assisted cutting is considered an important task in several fields, such as robotic surgery, nuclear decommissioning, waste management, and manufacturing. Despite the complex dexterity requirements of cutting tasks, very simple mechanically-linked master-slave manipulators still dominate many of the above fields (e.g., nuclear robotics). Moreover, even when more dexterous manipulators are available (e.g., in robot-assisted surgery), the employed systems show little or no autonomy, delegating all control to the experience of the human operator. To ameliorate this situation, we present two haptic shared-control approaches for robotic cutting. They are designed to assist the human operator by enforcing different nonholonomic-like constraints representative of the cutting kinematics. To validate our approach, we carried out a human-subject experiment in a real cutting scenario. We comp",2019,,Rahaf Rahal; Firas Abi-Farraj; Paolo Robuffo Giordano; Claudio Pacchierotti,10.1109/iros40897.2019.8968494,,https://doi.org/10.1109/iros40897.2019.8968494,openalex,robotics,concept,openalex_bulk_robotics,,27,teleoperation,2026-06-12T18:57:17Z,19.516,19.516
doi:10.3390/s17040869,A Prosthetic Hand Body Area Controller Based on Efficient Pattern Recognition Control Strategies,"Poliarticulated prosthetic hands represent a powerful tool to restore functionality and improve quality of life for upper limb amputees. Such devices offer, on the same wearable node, sensing and actuation capabilities, which are not equally supported by natural interaction and control strategies. The control in state-of-the-art solutions is still performed mainly through complex encoding of gestures in bursts of contractions of the residual forearm muscles, resulting in a non-intuitive Human-Machine Interface (HMI). Recent research efforts explore the use of myoelectric gesture recognition for innovative interaction solutions, however there persists a considerable gap between research evaluation and implementation into successful complete systems. In this paper, we present the design of a wearable prosthetic hand controller, based on intuitive gesture recognition and a custom control st",2017,Sensors,Simone Benatti; Bojan Milosevic; Elisabetta Farella; Emanuele Gruppioni; Luca Benini,10.3390/s17040869,,https://doi.org/10.3390/s17040869,openalex,energy based model robot learning,concept,ebm,,61,benchmark,2026-06-12T18:26:24Z,19.514,21.514
doi:10.1109/lra.2016.2593928,Human-in-the-Loop Optimization of Shared Autonomy in Assistive Robotics,,2017,IEEE Robotics and Automation Letters,Deepak Gopinath; Siddarth Jain; Brenna D. Argall,10.1109/lra.2016.2593928,,https://doi.org/10.1109/lra.2016.2593928,crossref,EBM transformer robotics assistive robot,concept,architecture_x_embodiment,,145,EBM transformer robotics; assistive robot,2026-06-12T15:07:36Z,19.492,19.492
doi:10.3390/s24185875,Intelligent Control System for Brain-Controlled Mobile Robot Using Self-Learning Neuro-Fuzzy Approach,"Brain-computer interface (BCI) provides direct communication and control between the human brain and physical devices. It is achieved by converting EEG signals into control commands. Such interfaces have significantly improved the lives of disabled individuals suffering from neurological disorders—such as stroke, amyotrophic lateral sclerosis (ALS), and spinal cord injury—by extending their movement range and thereby promoting self-independence. Brain-controlled mobile robots, however, often face challenges in safety and control performance due to the inherent limitations of BCIs. This paper proposes a shared control scheme for brain-controlled mobile robots by utilizing fuzzy logic to enhance safety, control performance, and robustness. The proposed scheme is developed by combining a self-learning neuro-fuzzy (SLNF) controller with an obstacle avoidance controller (OAC). The SLNF contro",2024,Sensors,Zahid Razzaq; Nihad Brahimi; Hafiz Zia Ur Rehman; Zeashan Hameed Khan,10.3390/s24185875,,https://doi.org/10.3390/s24185875,crossref,neuro symbolic robot planning,concept,architecture,,13,neuro symbolic robot planning; limitation; robustness,2026-06-12T15:07:36Z,19.470,21.470
doi:10.1145/3712712,From Novice to Skilled: RL-Based Shared Autonomy Communicating with Pilots in UAV Multi-Task Missions,"Multi-task missions for unmanned aerial vehicles (UAVs) involving inspection and landing tasks are challenging for novice pilots due to the difficulties associated with depth perception and the control interface. We propose a shared autonomy system, alongside supplementary information displays, to assist pilots to successfully complete multi-task missions without any pilot training. Our approach comprises of three modules: (1) a perception module that encodes visual information onto a latent representation, (2) a policy module that augments pilot’s actions, and (3) an information augmentation module that provides additional information to the pilot. The policy module is trained in simulation with simulated users and transferred to the real world without modification in a user study ( \(n=29\) ), alongside alternative supplementary information schemes including learnt red/green light feed",2025,ACM Transactions on Human-Robot Interaction,Kal Backman; Dana Kulić; Hoam Chung,10.1145/3712712,,https://doi.org/10.1145/3712712,crossref,learning robot manipulation from human video,concept,human_data,,4,robot manipulation,2026-06-12T15:07:36Z,19.455,20.455
doi:10.3389/frai.2025.1608014,Mutual human-robot understanding for a robot-enhanced society: the crucial development of shared embodied cognition,"The conception of autonomous, intelligent, collaborative robots has been the subject of science fiction rather than science in the second half of the previous century, with practical applications limited to industrial machines without any level of autonomous, intelligent, and collaborative capacity. The new century is facing the challenge of pressing industrial and social revolutions (4, 5, 6, …) with the prospect of infiltrating robots in every sector of human society; however, this dissemination will be possible if and only if acceptable degrees of autonomy, intelligence, and collaborative capacity can be achieved. Scientific and technological innovations are needed within a highly multidisciplinary framework, with a critical integration strategy and functional characterization that must ask a fundamental question: the design of autonomous, intelligent, collaborative robots should aim ",2025,Frontiers in Artificial Intelligence,Giulio Sandini; Alessandra Sciutti; Pietro Morasso,10.3389/frai.2025.1608014,,https://doi.org/10.3389/frai.2025.1608014,crossref,3D scene understanding robot manipulation,concept,scene_understanding,,4,robot manipulation; 3D scene understanding; human robot interaction,2026-06-12T15:07:36Z,19.455,19.455
doi:10.1109/iros47612.2022.9982249,Intention estimation from gaze and motion features for human-robot shared-control object manipulation,,2022,2022 IEEE/RSJ International Conference on Intelligent Robots and Systems (IROS),Anna Belardinelli; Anirudh Reddy Kondapally; Dirk Ruiken; Daniel Tanneberg; Tomoki Watabe,10.1109/iros47612.2022.9982249,,https://doi.org/10.1109/iros47612.2022.9982249,crossref,learning robot manipulation from human video,concept,human_data,,17,robot manipulation,2026-06-12T14:45:03Z,19.445,19.445
doi:10.1109/tsmc.2017.2706694,Coordination Control of a Dual-Arm Exoskeleton Robot Using Human Impedance Transfer Skills,"This paper has developed a coordination control method for a dual-arm exoskeleton robot based on human impedance transfer skills, where the left (master) robot arm extracts the human limb impedance stiffness and position profiles, and then transfers the information to the right (slave) arm of the exoskeleton. A computationally efficient model of the arm endpoint stiffness behavior is developed and a co-contraction index is defined using muscular activities of a dominant antagonistic muscle pair. A reference command consisting of the stiffness and position profiles of the operator is computed and realized by one robot in real-time. Considering the dynamics uncertainties of the robotic exoskeleton, an adaptive-robust impedance controller in task space is proposed to drive the slave arm tracking the desired trajectories with convergent errors. To verify the robustness of the developed appro",2017,IEEE Transactions on Systems Man and Cybernetics Systems,Bo Huang; Zhijun Li; Xinyu Wu; Arash Ajoudani; Antonio Bicchi; Junqiang Liu,10.1109/tsmc.2017.2706694,,https://doi.org/10.1109/tsmc.2017.2706694,openalex,robotics,concept,openalex_bulk_robotics,,50,impedance control; robustness,2026-06-12T18:57:17Z,19.416,20.416
doi:10.1109/robot.2009.5152664,"Safe, Stable and Intuitive Control for Physical Human-Robot Interaction","For physical human-robot interaction, safety and dependability are of utmost importance due to the potential risk a relatively powerful robot poses for human beings. From the control standpoint, it is possible to increase this level of safety by guaranteeing that the robot will never exhibit any unstable behaviour. However, stability is not the only concern in the design of a controller for such a robot. During human-robot interaction, the resulting cooperative motion should be truly intuitive and should not restrict in any way the human performance. For this purpose, we have designed a new variable admittance control law that guarantees the stability of the robot during constrained motion and also provides a very intuitive human interaction. The first characteristic is provided by the design of a stability observer while the other is based on a variable admittance control scheme that us",2009,,Vincent Duchaine; Clément Gosselin,10.1109/robot.2009.5152664,,https://doi.org/10.1109/robot.2009.5152664,openalex,robotics,concept,openalex_bulk_robotics,,111,human robot interaction,2026-06-12T18:57:17Z,19.409,19.409
arxiv:2310.05865v3,A Learning-Based Framework for Safe Human-Robot Collaboration with Multiple Backup Control Barrier Functions,"Ensuring robot safety in complex environments is a difficult task due to actuation limits, such as torque bounds. This paper presents a safety-critical control framework that leverages learning-based switching between multiple backup controllers to formally guarantee safety under bounded control inputs while satisfying driver intention. By leveraging backup controllers designed to uphold safety and input constraints, backup control barrier functions (BCBFs) construct implicitly defined control invariance sets via a feasible quadratic program (QP). However, BCBF performance largely depends on the design and conservativeness of the chosen backup controller, especially in our setting of human-driven vehicles in complex, e.g, off-road, conditions. While conservativeness can be reduced by using multiple backup controllers, determining when to switch is an open problem. Consequently, we develo",2023,arXiv,Neil C. Janwani; Ersin Daş; Thomas Touma; Skylar X. Wei; Tamas G. Molnar; Joel W. Burdick,,2310.05865v3,http://arxiv.org/abs/2310.05865v3,arxiv,classical control robotics,anti_myopia,anti_thesis,,,control barrier function; human robot interaction; classical control robotics,2026-06-12T15:07:36Z,19.400,23.400
doi:10.1109/tmrb.2023.3320520,Virtual-Fixture-Based Osteotomy Shared Control: A Framework for Human-Robot Shared Surgical Osteotomy Manipulation,,2023,IEEE Transactions on Medical Robotics and Bionics,Huanyu Tian; Zhe Han; Yang Wang; Xiaolong Zhu; Weijun Zhang; Zhengjie Wang; Changsheng Li; Xingguang Duan,10.1109/tmrb.2023.3320520,,https://doi.org/10.1109/tmrb.2023.3320520,crossref,robot world models manipulation,concept,world_models,,10,robot world model,2026-06-12T15:07:36Z,19.399,19.399
doi:10.1109/tsmca.2005.850603,Tracking Control Properties of Human–Robotic Systems Based on Impedance Control,"Human-robotic systems that include interaction between human operators and robots should be designed with careful consideration for the dynamic property and control ability of a human operator. This paper performs manual tracking control tests on a human-robotic system using an impedance-controlled robot, and investigates control characteristics of a human operator according to the robot impedance properties. Experimental results demonstrate that humans try to maintain dynamic properties of an overall system as constant as possible by adjusting their own impedance properties. Then, a new training system using a neural network for operating a human-robotic system is constructed on the basis of the experimental findings in the human tracking control properties.",2005,IEEE Transactions on Systems Man and Cybernetics - Part A Systems and Humans,Toshio Tsuji; Yoshiyuki Tanaka,10.1109/tsmca.2005.850603,,https://doi.org/10.1109/tsmca.2005.850603,openalex,robotics,concept,openalex_bulk_robotics,,107,impedance control,2026-06-12T18:57:17Z,19.391,19.391
doi:10.1098/rstb.2013.0480,Model-based hierarchical reinforcement learning and human action control,"Recent work has reawakened interest in goal-directed or ‘model-based’ choice, where decisions are based on prospective evaluation of potential action outcomes. Concurrently, there has been growing attention to the role of hierarchy in decision-making and action control. We focus here on the intersection between these two areas of interest, considering the topic of hierarchical model-based control. To characterize this form of action control, we draw on the computational framework of hierarchical reinforcement learning, using this to interpret recent empirical findings. The resulting picture reveals how hierarchical model-based mechanisms might play a special and pivotal role in human decision-making, dramatically extending the scope and complexity of human behaviour.",2014,Philosophical Transactions of the Royal Society B: Biological Sciences,Matthew Botvinick; Ari Weinstein,10.1098/rstb.2013.0480,,https://doi.org/10.1098/rstb.2013.0480,crossref,model based reinforcement learning robotics,concept,architecture,,118,model based reinforcement learning robotics,2026-06-12T15:07:36Z,19.390,20.390
doi:10.1177/02783649241272115,Sim-to-real transfer of adaptive control parameters for AUV stabilisation under current disturbance,"Learning-based adaptive control methods hold the potential to empower autonomous agents in mitigating the impact of process variations with minimal human intervention. However, their application to autonomous underwater vehicles (AUVs) has been constrained by two main challenges: (1) the presence of unknown dynamics in the form of sea current disturbances, which cannot be modelled or measured due to limited sensor capability, particularly on smaller low-cost AUVs, and (2) the nonlinearity of AUV tasks, where the controller response at certain operating points must be excessively conservative to meet specifications at other points. Deep Reinforcement Learning (DRL) offers a solution to these challenges by training versatile neural network policies. Nevertheless, the application of DRL algorithms to AUVs has been predominantly limited to simulated environments due to their inherent high sa",2025,The International Journal of Robotics Research,Thomas Chaffre; Jonathan Wheare; Andrew Lammas; Paulo Santos; Gilles Le Chenadec; Karl Sammut; Benoit Clement,10.1177/02783649241272115,,https://doi.org/10.1177/02783649241272115,crossref,robotics,concept,crossref_bulk_robotics,,15,sim to real transfer; distribution shift,2026-06-12T19:29:26Z,19.386,20.386
doi:10.1007/s11431-020-1710-y,Human-machine shared control: New avenue to dexterous prosthetic hand manipulation,,2021,Science China Technological Sciences,DaPeng Yang; Hong Liu,10.1007/s11431-020-1710-y,,https://doi.org/10.1007/s11431-020-1710-y,crossref,EBM transformer robotics dexterous manipulation,concept,architecture_x_embodiment,,22,EBM transformer robotics; dexterous manipulation,2026-06-12T15:07:36Z,19.368,19.368
doi:10.20944/preprints202604.2037.v1,Robots That Last: Long-Horizon Robotics Should Optimize Persistent Autonomy,"This position paper argues that long-horizon robotics should optimize persistent autonomy, not only longer reset-based episodes. Real deployments require robots that remain safely useful over days to months while accumulating memory, adapting to evolving human preferences, recovering from inevitable failures, and managing constrained physical and computational resources. Many embodied AI evaluations still inherit the logic of episodic reinforcement learning---where environments are frequently reset and hidden human labor is often unreported---but continuous operation exposes vulnerabilities in state continuity, resource coupling, recovery, and maintenance. Although long-term autonomy is not conceptually new, recent progress in generalist robot policies, open robot datasets, and language-conditioned control makes persistence a primary machine-learning evaluation target rather than a defer",,,Chaoyue He; Xin Zhou; Di Wang; Hong Xu; Wei Liu; Chunyan Miao,10.20944/preprints202604.2037.v1,,https://doi.org/10.20944/preprints202604.2037.v1,crossref,robotics,concept,crossref_bulk_robotics,,,benchmark; deployment; long horizon,2026-06-12T19:29:26Z,19.350,23.350
doi:10.1109/cac59555.2023.10451701,Double-loop Human-Robot Shared Control for Trajectory Tracking of an Underwater Robot,,2023,2023 China Automation Congress (CAC),Yongxu He; Yuxin Zhao; Geng Xu,10.1109/cac59555.2023.10451701,,https://doi.org/10.1109/cac59555.2023.10451701,crossref,control barrier functions robot learning,anti_myopia,control,,2,control barrier function,2026-06-12T15:07:36Z,19.349,22.349
doi:10.1515/auto-2024-0090,Towards equitable shared control,"Abstract Shared human-machine control systems are critical to realising assistive technologies that empower users to enhance their level of independence, and quality of life. In this paper, we present an overview of the state-of-the-art in equitable shared control for assistive robotics, drawing upon examples from our own work, applied to both smart wheelchair applications and the brain-machine interface domain. In particular, we focus on three themes: personalised control optimisation; understanding interactions with the environment; and supporting users to maintain control authority. Through these concepts we demonstrate the potential of equitable shared control systems and argue for future research into more dynamic policies that continue to support users as their needs evolve in the long-term.",2024,at - Automatisierungstechnik,Tom Carlson,10.1515/auto-2024-0090,,https://doi.org/10.1515/auto-2024-0090,crossref,robotics,concept,crossref_bulk_robotics,,2,assistive robot,2026-06-12T19:29:26Z,19.349,19.349
doi:10.1109/icrom54204.2021.9663515,Human-Robot Interaction Control using a Sliding Mode Controller with Disturbance Observer,,2021,2021 9th RSI International Conference on Robotics and Mechatronics (ICRoM),Mostafa Mogharabi; Iman Kardan; Aliraza Akbarzadeh,10.1109/icrom54204.2021.9663515,,https://doi.org/10.1109/icrom54204.2021.9663515,crossref,robot foundation model failure mode,hostile,failure,,2,robot foundation model; human robot interaction; failure mode,2026-06-12T15:07:36Z,19.349,23.349
doi:10.1115/1.4068083,Estimating Motor Control Difficulty in Human–Robot Fine Co-Manipulation Tasks Using Brain Activities,"Abstract Improper controller parameter settings in physical human–robot interaction (pHRI) can lead to instability, compromising both safety and system performance. This study investigates the relationship between cognitive and physical aspects of co-manipulation by leveraging electroencephalography (EEG) to predict instability in physical human–robot interaction. Using elastic net regression and deep convolutional neural networks, we estimate instability as subjects guide a robot through predefined trajectories under varying admittance control settings. Our results show that EEG signals can predict instability up to 2 s before it manifests in force data. Moreover, the deep learning-based approach significantly outperforms elastic regression, achieving a notable (∼10%) improvement in predicting the instability index. These findings highlight the potential of EEG-based monitoring for enha",2025,Journal of Computing and Information Science in Engineering,Hemanth Manjunatha; Amirhossein H. Memar; Ehsan Tarkesh Esfahani,10.1115/1.4068083,,https://doi.org/10.1115/1.4068083,crossref,robot world models manipulation,concept,world_models,,1,robot world model; human robot interaction,2026-06-12T15:07:36Z,19.347,19.347
doi:10.3389/fnhum.2023.1179418,Neurorehabilitation robotics: how much control should therapists have?,"Robotic technologies for rehabilitating motor impairments from neurological injuries have been the focus of intensive research and capital investment for more than 30 years. However, these devices have failed to convincingly demonstrate greater restoration of patient function compared to conventional therapy. Nevertheless, robots have value in reducing the manual effort required for physical therapists to provide high-intensity, high-dose interventions. In most robotic systems, therapists remain outside the control loop to act as high-level supervisors, selecting and initiating robot control algorithms to achieve a therapeutic goal. The low-level physical interactions between the robot and the patient are handled by adaptive algorithms that can provide progressive therapy. In this perspective, we examine the physical therapist's role in the control of rehabilitation robotics and whether ",2023,Frontiers in Human Neuroscience,Christopher J. Hasson; Julia Manczurowsky; Emily C. Collins; Mathew Yarossi,10.3389/fnhum.2023.1179418,,https://doi.org/10.3389/fnhum.2023.1179418,openalex,robotics,concept,openalex_bulk_robotics,,15,human robot interaction; limitation; generalization,2026-06-12T18:57:17Z,19.336,21.336
doi:10.1109/arso46408.2019.8948750,On-line Motion Prediction and Adaptive Control in Human-Robot Handover Tasks,"Handover tasks are commonly seen in daily life of humans. However, it is challenging in robot applications since continuous motion prediction and adaptation is required by each participant. In this paper we present a system that allows a human operator and a robot to perform seamless and safe handover tasks in a shared work space. The proposed system consists of a human motion predictor, a motion planner and a low-level joint torque controller. The predictor generates multi-step prediction of a reaching motion based on on-line Gaussian Process regression and only requires position measurement of the hand. Depending on the prediction, the motion planner creates smooth and human-like trajectories that synchronize with the human motion. A safety-orient joint torque controller is designed on the basis of impedance control and on-line adapted by monitoring a danger index that takes prediction",2019,,Min Wu; Bertram Taetz; Ernesto Dickel Saraiva; Gabriele Bleser; Steven Liu,10.1109/arso46408.2019.8948750,,https://doi.org/10.1109/arso46408.2019.8948750,openalex,robotics,concept,openalex_bulk_robotics,,18,robot hand; impedance control,2026-06-12T18:57:17Z,19.322,19.322
doi:10.1016/j.promfg.2017.07.139,Towards Shared Autonomy for Robotic Tasks in Manufacturing,"Recently a new class of industrial robots hit the market that can be potentially used in the same environment as human co-workers (fenceless) if relevant norms are fulfilled. The concept of robots cooperating with humans has gained a lot of interest in the academia, but lacks nowadays applications in both domestic and industrial areas. In this paper, we present a platform for human robot collaboration, which allows building applications of human robot interactions in an intuitive way. Using this platform, the worker is enabled to pursue different levels of shared autonomy between human and robot. Three applications in industrial environment are demonstrated with increasing level of autonomy from coexistence to collaboration. These examples exemplify the usability of such a flexible system in the automation chain and the presented results provide strong evidence of the technological poten",2017,Procedia Manufacturing,Andreas Pichler; Sharath Chandra Akkaladevi; Markus Ikeda; Michael Hofmann; Matthias Plasch; Christian Wögerer; Gerald Fritz,10.1016/j.promfg.2017.07.139,,https://doi.org/10.1016/j.promfg.2017.07.139,openalex,robotics,concept,openalex_bulk_robotics,,40,industrial robot; human robot interaction,2026-06-12T18:57:17Z,19.307,19.307
doi:10.1177/02783649261428595,Variable stiffness for shared authority control in robotic walkers,"This paper presents a robotic solution to assist older adults with mild cognitive impairments in navigation. The system is based on a passive robotic walker, called FriWalk, which features actuated front steering wheels. Its key contribution is a guidance mechanism designed to follow a path while maintaining the user’s freedom of movement. When the user strays from the path, the system becomes rigid to ensure safe realignment. When the user’s movements are closely aligned with the path, the walker switches to ‘vehicle compliance mode’, allowing shared control through adjustable stiffness. In this mode, the system provides minimal interference, giving the user full control when s/he is very close to the planned path. However, as the user’s deviation increases, the walker gradually stiffens to keep the user on track. The paper includes theoretical validation of this mechanism, as well as s",2026,The International Journal of Robotics Research,Marco Andreetto; Placido Falqueto; Stefano Divan; Daniele Fontanelli; Luigi Palopoli,10.1177/02783649261428595,,https://doi.org/10.1177/02783649261428595,crossref,robotics,concept,crossref_bulk_robotics,,,,2026-06-12T19:29:26Z,19.300,19.300
doi:10.1007/s12369-026-01376-0,A Shared-Control Framework for A Human-Robot Front-Following Behaviour in Unknown Dynamic Environments,"Abstract We present a modular framework for enabling a mobile robot to follow a user from the front inside unknown, dynamic and relatively obstacle-laden environments. This behaviour is developed in the context of robotic assistance and rehabilitation for people with mobility impairments. The system incorporates shared-control coupled to an efficient local planner with an intention-reading algorithm recognizing the user intent in undecidable path branches. The components and interconnections are discussed in detail. Field trials with real users are presented, showing that the assistive functionality of the framework encourages users to walk closer to their natural pattern, as compared to an approach with no intelligent features. Preliminary observations suggest that the assistive mode may reduce the cognitive effort required from users. Furthermore, the success rate of the system in iden",2026,International Journal of Social Robotics,George Moustris; Costas Tzafestas,10.1007/s12369-026-01376-0,,https://doi.org/10.1007/s12369-026-01376-0,crossref,robotics,concept,crossref_bulk_robotics,,,,2026-06-12T19:29:26Z,19.300,19.300
doi:10.1038/s41598-018-23792-7,An Inverse Optimal Control Approach to Explain Human Arm Reaching Control Based on Multiple Internal Models,"Human motor control is highly efficient in generating accurate and appropriate motor behavior for a multitude of tasks. This paper examines how kinematic and dynamic properties of the musculoskeletal system are controlled to achieve such efficiency. Even though recent studies have shown that the human motor control relies on multiple models, how the central nervous system (CNS) controls this combination is not fully addressed. In this study, we utilize an Inverse Optimal Control (IOC) framework in order to find the combination of those internal models and how this combination changes for different reaching tasks. We conducted an experiment where participants executed a comprehensive set of free-space reaching motions. The results show that there is a trade-off between kinematics and dynamics based controllers depending on the reaching task. In addition, this trade-off depends on the init",2018,Scientific Reports,Ozgur S. Oguz; Zhehua Zhou; Stefan Glasauer; Dirk Wollherr,10.1038/s41598-018-23792-7,,https://doi.org/10.1038/s41598-018-23792-7,openalex,energy based model robot learning,concept,ebm,,26,,2026-06-12T18:26:24Z,19.298,20.298
doi:10.1108/ria-04-2024-0088,SGR-AutoLap: Surgical gesture recognition-based autonomous laparoscope control for human-robot shared control in semi-autonomous minimally invasive surgical robot,"Purpose This paper aims to investigate the problem of vision based autonomous laparoscope control, which can serve as the primary function for semi-autonomous minimally invasive surgical robot system. Providing the surgical gesture recognition information is a fundamental key component for enabling intelligent context-aware assistance in autonomous laparoscope control task. While significant advances have been made in recent years, how to effectively carry out the efficient integration of surgical gesture recognition and autonomous laparoscope control algorithms for robotic assisted minimally invasive surgical robot system is still an open and challenging topic. Design/methodology/approach The authors demonstrate a novel surgeon in-loop semi-autonomous robotic-assisted minimally invasive surgery framework by integrating the surgical gesture recognition and autonomous laparoscope control ",2025,Robotic Intelligence and Automation,Yanwen Sun; Xiaojing Shi; Shixun Zhai; Kaige Zhang; Bo Pan; Yili Fu,10.1108/ria-04-2024-0088,,https://doi.org/10.1108/ria-04-2024-0088,crossref,Gaussian splatting robot perception surgical robot,concept,architecture_x_embodiment,,1,Gaussian splatting robot perception; surgical robot,2026-06-12T15:07:36Z,19.297,19.297
doi:10.1109/icra55743.2025.11127529,Continuous Wrist Control on the Hannes Prosthesis: A Vision-Based Shared Autonomy Framework,,2025,2025 IEEE International Conference on Robotics and Automation (ICRA),Federico Vasile; Elisa Maiettini; Giulia Pasquale; Nicolò Boccardo; Lorenzo Natale,10.1109/icra55743.2025.11127529,,https://doi.org/10.1109/icra55743.2025.11127529,crossref,robotics,concept,crossref_bulk_robotics,,3,,2026-06-12T19:29:26Z,19.293,19.293
doi:10.1109/biorob49111.2020.9224464,Human-Robot Interaction: Controller Design and Stability,"In this paper we derive the control parameter gains required to guarantee a stable human-robot interaction (HRI). One goal in HRI research field is to reduce the robot mechanical impedance and enable humans to easily manipulate the robot. Force feedback is an effective way to reduce robot inertia and friction, but stability is paramount especially when interacting with humans. This paper discusses gains and stability boundaries. The phase response of the open loop transfer function that represents the human robot interaction is used to derive the gains. The environment is modeled as a second-order spring-mass-damper system. The stability boundaries correspond to the region when the phase response of the transfer function becomes greater than -180° at all frequencies. This enables the system to interact stably regardless of the environment second-order system parameters. One of the intere",2020,,Satoshi Nishimura; Ronnapee Chaichaowarat; Hermano Igo Krebs,10.1109/biorob49111.2020.9224464,,https://doi.org/10.1109/biorob49111.2020.9224464,openalex,robotics,concept,openalex_bulk_robotics,,23,human robot interaction,2026-06-12T18:57:17Z,19.289,19.289
doi:10.1109/thms.2018.2884719,Human Adaptation to Human–Robot Shared Control,,2019,IEEE Transactions on Human-Machine Systems,Negin Amirshirzad; Asiye Kumru; Erhan Oztop,10.1109/thms.2018.2884719,,https://doi.org/10.1109/thms.2018.2884719,crossref,online adaptation robot learning,concept,adaptation,,42,online adaptation,2026-06-12T15:07:36Z,19.281,19.281
arxiv:2204.11116v3,Human-Robot Shared Control for Surgical Robot Based on Context-Aware Sim-to-Real Adaptation,"Human-robot shared control, which integrates the advantages of both humans and robots, is an effective approach to facilitate efficient surgical operation. Learning from demonstration (LfD) techniques can be used to automate some of the surgical subtasks for the construction of the shared control framework. However, a sufficient amount of data is required for the robot to learn the manoeuvres. Using a surgical simulator to collect data is a less resource-demanding approach. With sim-to-real adaptation, the manoeuvres learned from a simulator can be transferred to a physical robot. To this end, we propose a sim-to-real adaptation method to construct a human-robot shared control framework for robotic surgery. In this paper, a desired trajectory is generated from a simulator using LfD method, while dynamic motion primitives (DMPs) based method is used to transfer the desired trajectory from",2022,arXiv,Dandan Zhang; Zicong Wu; Junhong Chen; Ruiqi Zhu; Adnan Munawar; Bo Xiao; Yuan Guan; Hang Su; Wuzhou Hong; Yao Guo; Gregory S. Fischer; Benny Lo; Guang-Zhong Yang,,2204.11116v3,http://arxiv.org/abs/2204.11116v3,arxiv,EBM transformer robotics surgical robot,concept,architecture_x_embodiment,,,EBM transformer robotics; surgical robot; teleoperation,2026-06-12T15:07:36Z,19.250,20.250
doi:10.1007/s11431-022-2205-9,Human-robot shared control system based on 3D point cloud and teleoperation,,2023,Science China Technological Sciences,ChenGuang Yang; Ying Zhang; GuanYi Zhao; Long Cheng,10.1007/s11431-022-2205-9,,https://doi.org/10.1007/s11431-022-2205-9,crossref,teleoperation data robot foundation model,concept,human_data,,7,robot foundation model; teleoperation,2026-06-12T15:07:36Z,19.240,19.240
doi:10.1109/smc.2018.00148,Trust of Humans in Supervisory Control of Swarm Robots with Varied Levels of Autonomy,"In this paper, we study trust-related human factors in supervisory control of swarm robots with varied levels of autonomy (LOA) in a target foraging task. We compare three LOAs: manual, mixed-initiative (MI), and fully autonomous LOA. In the manual LOA, the human operator chooses headings for a flocking swarm, issuing new headings as needed. In the fully autonomous LOA, the swarm is redirected automatically by changing headings using a search algorithm. In the mixed-initiative LOA, if performance declines, control is switched from human to swarm or swarm to human. The result of this work extends the current knowledge on human factors in swarm supervisory control. Specifically, the finding that the relationship between trust and performance improved for passively monitoring operators (i.e., improved situation awareness in higher LOAs) is particularly novel in its contradiction of earlier ",2018,,Changjoo Nam; Huao Li; Shen Li; Michael Lewis; Katia Sycara,10.1109/smc.2018.00148,,https://doi.org/10.1109/smc.2018.00148,openalex,robotics,concept,openalex_bulk_robotics,,22,,2026-06-12T18:57:17Z,19.218,19.218
doi:10.1109/iros.2016.7759147,Human-robot shared workspace collaboration via hindsight optimization,"Our human-robot collaboration research aims to improve the fluency and efficiency of interactions between humans and robots when executing a set of tasks in a shared workspace. During human-robot collaboration, a robot and a user must often complete a disjoint set of tasks that use an overlapping set of objects, without using the same object simultaneously. A key challenge is deciding what task the robot should perform next in order to facilitate fluent and efficient collaboration. Most prior work does so by first predicting the human's intended goal, and then selecting actions given that goal. However, it is often difficult, and sometimes impossible, to infer the human's exact goal in real time, and this serial predict-then-act method is not adaptive to changes in human goals. In this paper, we present a system for inferring a probability distribution over human goals, and producing ass",2016,,Stefania Pellegrinelli; Henny Admoni; Shervin Javdani; Siddhartha S Srinivasa,10.1109/iros.2016.7759147,,https://doi.org/10.1109/iros.2016.7759147,openalex,robotics,concept,openalex_bulk_robotics,,50,,2026-06-12T18:57:17Z,19.216,19.216
doi:10.1109/icra57147.2024.10611642,Human Robot Shared Control in Surgery: A Performance Assessment,,2024,2024 IEEE International Conference on Robotics and Automation (ICRA),Longrui Chen; Zhaoyang Jacopo Hu; Yanpei Huang; Etienne Burdet; Ferdinando Rodriguez y Baena,10.1109/icra57147.2024.10611642,,https://doi.org/10.1109/icra57147.2024.10611642,crossref,robotics,concept,crossref_bulk_robotics,,4,,2026-06-12T19:29:26Z,19.205,19.205
arxiv:2505.05773v1,Human-Robot Collaboration for the Remote Control of Mobile Humanoid Robots with Torso-Arm Coordination,"Recently, many humanoid robots have been increasingly deployed in various facilities, including hospitals and assisted living environments, where they are often remotely controlled by human operators. Their kinematic redundancy enhances reachability and manipulability, enabling them to navigate complex, cluttered environments and perform a wide range of tasks. However, this redundancy also presents significant control challenges, particularly in coordinating the movements of the robot's macro-micro structure (torso and arms). Therefore, we propose various human-robot collaborative (HRC) methods for coordinating the torso and arm of remotely controlled mobile humanoid robots, aiming to balance autonomy and human input to enhance system efficiency and task execution. The proposed methods include human-initiated approaches, where users manually control torso movements, and robot-initiated a",2025,arXiv,Nikita Boguslavskii; Lorena Maria Genua; Zhi Li,,2505.05773v1,http://arxiv.org/abs/2505.05773v1,arxiv,EBM transformer robotics humanoid robot,concept,architecture_x_embodiment,,,EBM transformer robotics; humanoid robot,2026-06-12T15:07:36Z,19.200,19.200
doi:10.1109/iecon58223.2025.11221286,Stable Haptic Shared Autonomy for Wall Landing of Two-Wheeled Drones via Control Barrier Functions,,2025,IECON 2025 – 51st Annual Conference of the IEEE Industrial Electronics Society,Seri Tanaka; Satoshi Nakano; Gennaro Notomista; Manabu Yamada,10.1109/iecon58223.2025.11221286,,https://doi.org/10.1109/iecon58223.2025.11221286,crossref,control barrier functions robot learning,anti_myopia,control,,,control barrier function,2026-06-12T15:07:36Z,19.200,22.200
doi:10.1016/j.ifacol.2025.12.489,Human–Centered Cooperative Control Coupling Autonomous and Haptic Shared Control via Control Barrier Function,,2025,IFAC-PapersOnLine,Eito Sato; Takahiro Wada,10.1016/j.ifacol.2025.12.489,,https://doi.org/10.1016/j.ifacol.2025.12.489,crossref,control barrier functions robot learning,anti_myopia,control,,,control barrier function,2026-06-12T15:07:36Z,19.200,22.200
doi:10.1109/iros.2017.8206543,Toward torque control of a KUKA LBR IIWA for physical human-robot interaction,"In this paper we examine joint torque tracking as well as estimation of external torques for the KUKA Lightweight Robot (LBR) IIWA. To support physical human-robot interaction tasks, we need smooth estimation that allows detection of delicate external events and good control to hide inertial forces. Unfortunately a transmission nonlinearity in the motor to joint gearing injects vibrations and limits the performance of the built-in torque controller and observer. We confirm the nonlinearity to be a spatially periodic deflection between the motor and joint. Identification of this behavior allows us to generate more accurate joint position measurements. We also design a matching spatial filter to remove the vibrations from joint torque measurements. Experiments on an LBR IIWA show that compensating for the nonlinearity provides smoother external torque estimates and improves the torque trac",2017,,Vinay Chawda; Günter Niemeyer,10.1109/iros.2017.8206543,,https://doi.org/10.1109/iros.2017.8206543,openalex,robotics,concept,openalex_bulk_robotics,,32,human robot interaction,2026-06-12T18:57:17Z,19.198,19.198
doi:10.3389/fbioe.2023.1223831,Autonomous motion and control of lower limb exoskeleton rehabilitation robot,"Introduction: The lower limb exoskeleton rehabilitation robot should perform gait planning based on the patient’s motor intention and training status and provide multimodal and robust control schemes in the control strategy to enhance patient participation. Methods: This paper proposes an adaptive particle swarm optimization admittance control algorithm (APSOAC), which adaptively optimizes the weights and learning factors of the PSO algorithm to avoid the problem of particle swarm falling into local optimal points. The proposed improved adaptive particle swarm algorithm adjusts the stiffness and damping parameters of the admittance control online to reduce the interaction force between the patient and the robot and adaptively plans the patient’s desired gait profile. In addition, this study proposes a dual RBF neural network adaptive sliding mode controller (DRNNASMC) to track the gait p",2023,Frontiers in Bioengineering and Biotechnology,Xueshan Gao; Pengfei Zhang; Xuefeng Peng; Jianbo Zhao; Kaiyuan Liu; Mingda Miao; Peng Zhao; Dingji Luo; Yige Li,10.3389/fbioe.2023.1223831,,https://doi.org/10.3389/fbioe.2023.1223831,openalex,energy based model robot learning,concept,ebm,,21,human robot interaction,2026-06-12T18:26:24Z,19.196,19.196
doi:10.1109/humanoids.2018.8625047,Shared-Autonomy Control for Intuitive Bimanual Tele-Manipulation,,2018,2018 IEEE-RAS 18th International Conference on Humanoid Robots (Humanoids),Marco Laghi; Michele Maimeri; Mathieu Marchand; Clara Leparoux; Manuel Catalano; Arash Ajoudani; Antonio Bicchi,10.1109/humanoids.2018.8625047,,https://doi.org/10.1109/humanoids.2018.8625047,crossref,whole body manipulation humanoid,concept,humanoid,,53,,2026-06-12T15:07:36Z,19.194,19.194
doi:10.1049/csy2.12036,Deep reinforcement learning for shared control of mobile robots,"Abstract Shared control of mobile robots integrates manual input with auxiliary autonomous controllers to improve the overall system performance. However, prior work that seeks to find the optimal shared control ratio needs an accurate human model, which is usually challenging to obtain. In this study, the authors develop an extended Twin Delayed Deep Deterministic Policy Gradient (DDPG) (TD3X)‐based shared control framework that learns to assist a human operator in teleoperating mobile robots optimally. The robot's states, shared control ratio in the previous time step, and human's control input is used as inputs to the reinforcement learning (RL) agent, which then outputs the optimal shared control ratio between human input and autonomous controllers without knowing the human model. Noisy softmax policies are developed to make the TD3X algorithm feasible under the constraint of a share",2021,IET Cyber-Systems and Robotics,Chong Tian; Shahil Shaik; Yue Wang,10.1049/csy2.12036,,https://doi.org/10.1049/csy2.12036,crossref,model based reinforcement learning robotics,concept,architecture,,6,model based reinforcement learning robotics,2026-06-12T15:07:36Z,19.173,19.173
doi:10.1080/01691864.2020.1730238,Preliminary study of a separative shared control scheme focusing on control-authority and attention allocation for multi-limb disaster response robots,,2020,Advanced Robotics,Mitsuhiro Kamezaki; Takahiro Katano; Kui Chen; Tatsuzo Ishida; Shigeki Sugano,10.1080/01691864.2020.1730238,,https://doi.org/10.1080/01691864.2020.1730238,crossref,classical control robotics,anti_myopia,anti_thesis,,6,classical control robotics,2026-06-12T15:07:36Z,19.173,23.173
doi:10.1109/tro.2015.2419873,Continuous Role Adaptation for Human–Robot Shared Control,,2015,IEEE Transactions on Robotics,Yanan Li; Keng Peng Tee; Wei Liang Chan; Rui Yan; Yuanwei Chua; Dilip Kumar Limbu,10.1109/tro.2015.2419873,,https://doi.org/10.1109/tro.2015.2419873,crossref,online adaptation robot learning,concept,adaptation,,168,online adaptation,2026-06-12T15:07:36Z,19.165,19.165
doi:10.15607/rss.2021.xvii.036,A Quality Diversity Approach to Automatically Generating Human-Robot Interaction Scenarios in Shared Autonomy,,2021,Robotics: Science and Systems XVII,Matthew Fontaine; Stefanos Nikolaidis,10.15607/rss.2021.xvii.036,,https://doi.org/10.15607/rss.2021.xvii.036,crossref,robotics,concept,crossref_bulk_robotics,,13,human robot interaction,2026-06-12T19:29:26Z,19.120,19.120
doi:10.1109/roman.2006.314398,Who Should I Blame? Effects of Autonomy and Transparency on Attributions in Human-Robot Interaction,,2006,ROMAN 2006 - The 15th IEEE International Symposium on Robot and Human Interactive Communication,Taemie Kim; Pamela Hinds,10.1109/roman.2006.314398,,https://doi.org/10.1109/roman.2006.314398,crossref,interactive robot learning human feedback,concept,hri,,151,human robot interaction,2026-06-12T15:07:36Z,19.112,19.112
doi:10.3389/frobt.2021.725780,How to be Helpful? Supportive Behaviors and Personalization for Human-Robot Collaboration,"The field of Human-Robot Collaboration (HRC) has seen a considerable amount of progress in recent years. Thanks in part to advances in control and perception algorithms, robots have started to work in increasingly unstructured environments, where they operate side by side with humans to achieve shared tasks. However, little progress has been made toward the development of systems that are truly effective in supporting the human, proactive in their collaboration, and that can autonomously take care of part of the task. In this work, we present a collaborative system capable of assisting a human worker despite limited manipulation capabilities, incomplete model of the task, and partial observability of the environment. Our framework leverages information from a high-level, hierarchical model that is shared between the human and robot and that enables transparent synchronization between the",2022,Frontiers in Robotics and AI,Olivier Mangin; Alessandro Roncone; Brian Scassellati,10.3389/frobt.2021.725780,,https://doi.org/10.3389/frobt.2021.725780,crossref,EBM transformer robotics robot hand,concept,architecture_x_embodiment,,14,EBM transformer robotics; robot hand; partial observability,2026-06-12T15:07:36Z,19.104,19.104
doi:10.3389/frobt.2017.00058,A User Study on Personalized Stiffness Control and Task Specificity in Physical Human–Robot Interaction,"An ideal physical Human-Robot Interaction (pHRI) should offer the users robotic systems that are easy to handle, intuitive to use, ergonomic and adaptive to human habits and preferences. But the variance in the user behavior is often high and rather unpredictable which hinders the development of such systems. This article introduces a Personalized Adaptive Stiffness controller for pHRI which is calibrated for the user's force profile and validates its performance in an extensive user study with 49 participants on two different tasks. The user study compares the new scheme to conventional fixed stiffness or gravitation compensation controllers on the 7-DOF KUKA LWR IVb by employing two typical joint-manipulation tasks. The results clearly point out the importance of considering task specific parameters and human specific parameters while designing control modes for pHRI. The analysis show",2017,Frontiers in Robotics and AI,Sugeeth Gopinathan; Sonja Kristine Ötting; Jochen J. Steil,10.3389/frobt.2017.00058,,https://doi.org/10.3389/frobt.2017.00058,openalex,robotics,concept,openalex_bulk_robotics,,26,human robot interaction,2026-06-12T18:57:17Z,19.098,19.098
doi:10.1109/aim55361.2024.10637239,Assistive Control of Robot Arms via Adaptive Shared Autonomy,,2024,2024 IEEE International Conference on Advanced Intelligent Mechatronics (AIM),Umur Atan; Varun R. Bharadwaj; Chao Jiang,10.1109/aim55361.2024.10637239,,https://doi.org/10.1109/aim55361.2024.10637239,crossref,adaptive world action model robot,concept,wam,,3,world action model; adaptive world action model,2026-06-12T15:07:36Z,19.093,19.093
doi:10.3389/frobt.2022.824716,Shared Control Schemes for Middle Ear Surgery,"This paper deals with the control of a redundant cobot arm to accomplish peg-in-hole insertion tasks in the context of middle ear surgery. It mainly focuses on the development of two shared control laws that combine local measurements provided by position or force sensors with the globally observed visual information. We first investigate the two classical and well-established control modes, i.e., a position-based end-frame tele-operation controller and a comanipulation controller. Based on these two control architectures, we then propose a combination of visual feedback and position/force-based inputs in the same control scheme. In contrast to the conventional control designs where all degrees of freedom (DoF) are equally controlled, the proposed shared controllers allow teleoperation of linear/translational DoFs while the rotational ones are simultaneously handled by a vision-based con",2022,Frontiers in Robotics and AI,Jae-Hun So; Stéphane Sobucki; Jérôme Szewczyk; Naresh Marturi; Brahim Tamadazte,10.3389/frobt.2022.824716,,https://doi.org/10.3389/frobt.2022.824716,crossref,robotics,concept,crossref_bulk_robotics,,3,teleoperation,2026-06-12T19:29:26Z,19.093,20.093
doi:10.1109/tcst.2022.3222728,Adaptive Intention-Driven Variable Impedance Control for Wearable Robots With Compliant Actuators,"Understanding human motion intention is fundamental to wearable robots, which are designed to provide assistance by assessing the intention of wearers. Although modeling human motion intention during physical interaction reveals the fundamental properties of wearable robots, uncertainty and random noise are commonly neglected in existing works. This article presents an adaptive intention-driven variable impedance controller, where the online estimation of human motion intention is realized subject to physical interaction, stochastic distribution, and random disturbance. Specifically, human motion intention is estimated under a dual-channel structure and is represented as both the immediate desired position of the human limb and its predicted future position. A new variable impedance model is formulated from the estimated intention to regulate the dynamic interaction between the human and",2022,IEEE Transactions on Control Systems Technology,Yingxin Huo; Xiang Li; Xuan Zhang; Xiu Li; Dong Sun,10.1109/tcst.2022.3222728,,https://doi.org/10.1109/tcst.2022.3222728,openalex,robotics,concept,openalex_bulk_robotics,,25,impedance control,2026-06-12T18:57:17Z,19.079,20.079
doi:10.1109/icra40945.2020.9196792,Scaled Autonomy: Enabling Human Operators to Control Robot Fleets,,2020,2020 IEEE International Conference on Robotics and Automation (ICRA),Gokul Swamy; Siddharth Reddy; Sergey Levine; Anca D. Dragan,10.1109/icra40945.2020.9196792,,https://doi.org/10.1109/icra40945.2020.9196792,crossref,robotics,concept,crossref_bulk_robotics,,18,,2026-06-12T19:29:26Z,19.072,19.072
doi:10.1109/tcyb.2015.2469278,An FDES-Based Shared Control Method for Asynchronous Brain-Actuated Robot,"The asynchronous brain-computer interface (BCI) offers more natural human-machine interaction. However, it is still considered insufficient to control rapid and complex sequences of movements for a robot without any advanced control method. This paper proposes a new shared controller based on the supervisory theory of fuzzy discrete event system (FDES) for brain-actuated robot control. The developed supervisory theory allows the more reliable control mode to play a dominant role in the robot control which is beneficial to reduce misoperation and improve the robustness of the system. The experimental procedures consist of real-time direct manual control and BCI control tests from ten volunteers. Both tests have shown that the proposed method significantly improves the performance and robustness of the robotic control. In an online BCI experiment, eight of the participants successfully con",2015,IEEE Transactions on Cybernetics,Rong Liu; Yongxuan Wang; Lin Zhang,10.1109/tcyb.2015.2469278,,https://doi.org/10.1109/tcyb.2015.2469278,openalex,robotics,concept,openalex_bulk_robotics,,55,robustness,2026-06-12T18:57:17Z,19.063,20.063
doi:10.1109/biorob.2012.6290309,Dynamic switching and real-time machine learning for improved human control of assistive biomedical robots,"A general problem for human-machine interaction occurs when a machine's controllable dimensions outnumber the control channels available to its human user. In this work, we examine one prominent example of this problem: amputee switching between the multiple functions of a powered artificial limb. We propose a dynamic switching approach that learns during ongoing interaction to anticipate user behaviour, thereby presenting the most effective control option for a given context or task. Switching predictions are learned in real time using temporal difference methods and reinforcement learning, and demonstrated within the context of a robotic arm and a multifunction myoelectric controller. We find that a learned, dynamic switching order is able to out-perform the best fixed (non-adaptive) switching regime on a standard prosthetic proficiency task, increasing the number of optimal switching ",2012,,Patrick M. Pilarski; Michael R. Dawson; Thomas Degris; Jason P. Carey; Richard S. Sutton,10.1109/biorob.2012.6290309,,https://doi.org/10.1109/biorob.2012.6290309,openalex,robotics,concept,openalex_bulk_robotics,,55,,2026-06-12T18:57:17Z,19.063,19.063
doi:10.1109/tmech.2013.2294180,Development of a Laser-Range-Finder-Based Human Tracking and Control Algorithm for a Marathoner Service Robot,"This paper presents a human detection algorithm and an obstacle avoidance algorithm for a marathoner service robot (MSR) that provides a service to a marathoner while training. To be used as a MSR, the mobile robot should have the abilities to follow a running human and avoid dynamically moving obstacles in an unstructured outdoor environment. To detect a human by a laser range finder (LRF), we defined features of the human body in LRF data and employed a support vector data description method. In order to avoid moving obstacles while tracking a running person, we defined a weighted radius for each obstacle using the relative velocity between the robot and an obstacle. For smoothly bypassing obstacles without collision, a dynamic obstacle avoidance algorithm for the MSR is implemented, which directly employed a real-time position vector between the robot and the shortest path around the ",2014,IEEE/ASME Transactions on Mechatronics,Eui-Jung Jung; Jae Hoon Lee; Byung-Ju Yi; Jooyoung Park; Shin’ichi Yuta; Si‐Tae Noh,10.1109/tmech.2013.2294180,,https://doi.org/10.1109/tmech.2013.2294180,openalex,robotics,concept,openalex_bulk_robotics,,103,,2026-06-12T18:57:17Z,19.022,19.022
doi:10.1115/dscc2015-9841,Dynamic Affection-Based Motion Control of a Humanoid Robot to Collaborate With Human in Flexible Assembly in Manufacturing,"This article presents a hybrid cell for human-robot collaboration (HRC) in flexible light assembly in manufacturing and investigates the effects of the robot’s dynamic affections on human-robot interactions (HRI) and assembly performance. We develop a one human-one robot hybrid cell using a humanoid robot with affection display ability where the human and the robot collaborate to assemble few parts into a final product. Based on an optimization strategy, the assembly subtasks are optimally allocated between the human and the robot. We determine a computational dynamics model of the robot’s affections for various situations associated with the assembly. Taking inspiration from the affection dynamics, we develop an affection-based motion control strategy for the robot so that the robot can dynamically adjust its affective expressions with task situations. We develop a comprehensive evaluat",2015,"Volume 3: Multiagent Network Systems; Natural Gas and Heat Exchangers; Path Planning and Motion Control; Powertrain Systems; Rehab Robotics; Robot Manipulators; Rollover Prevention (AVS); Sensors and Actuators; Time Delay Systems; Tracking Control Systems; Uncertain Systems and Robustness; Unmanned, Ground and Surface Robotics; Vehicle Dynamics Control; Vibration and Control of Smart Structures/Mech Systems; Vibration Issues in Mechanical Systems",S. M. Mizanoor Rahman; Yue Wang,10.1115/dscc2015-9841,,https://doi.org/10.1115/dscc2015-9841,crossref,task and motion planning robotics,anti_myopia,classic,,16,humanoid robot; motion planning; task and motion planning; human robot interaction,2026-06-12T15:07:36Z,19.017,24.017
arxiv:2408.12823v1,Towards Human-Robot Teaming through Augmented Reality and Gaze-Based Attention Control,"Robots are now increasingly integrated into various real world applications and domains. In these new domains, robots are mostly employed to improve, in some ways, the work done by humans. So, the need for effective Human-Robot Teaming (HRT) capabilities grows. These capabilities usually involve the dynamic collaboration between humans and robots at different levels of involvement, leveraging the strengths of both to efficiently navigate complex situations. Crucial to this collaboration is the ability of robotic systems to adjust their level of autonomy to match the needs of the task and the human team members. This paper introduces a system designed to control attention using HRT through the use of ground robots and augmented reality (AR) technology. Traditional methods of controlling attention, such as pointing, touch, and voice commands, sometimes fall short in precision and subtlety.",2024,arXiv,Yousra Shleibik; Elijah Alabi; Christopher Reardon,,2408.12823v1,http://arxiv.org/abs/2408.12823v1,arxiv,learning robot manipulation from human video,concept,human_data,,,robot manipulation; limitation,2026-06-12T14:45:03Z,19.000,21.000
arxiv:2403.13177v2,User-customizable Shared Control for Robot Teleoperation via Virtual Reality,"Shared control can ease and enhance a human operator's ability to teleoperate robots, particularly for intricate tasks demanding fine control over multiple degrees of freedom. However, the arbitration process dictating how much autonomous assistance to administer in shared control can confuse novice operators and impede their understanding of the robot's behavior. To overcome these adverse side-effects, we propose a novel formulation of shared control that enables operators to tailor the arbitration to their unique capabilities and preferences. Unlike prior approaches to customizable shared control where users could indirectly modify the latent parameters of the arbitration function by issuing a feedback command, we instead make these parameters observable and directly editable via a virtual reality (VR) interface. We present our user-customizable shared control method for a teleoperatio",2024,arXiv,Rui Luo; Mark Zolotas; Drake Moore; Taskin Padir,,2403.13177v2,http://arxiv.org/abs/2403.13177v2,arxiv,teleoperation data robot foundation model,concept,human_data,,,robot foundation model; teleoperation,2026-06-12T14:45:03Z,19.000,19.000
doi:10.3389/frobt.2026.1797952,Transparency-optimized position–position control for human-scale bilateral teleoperation,"The position–position (P–P) architecture is a simple and inherently stable control strategy for bilateral teleoperation systems, but its transparency is fundamentally limited by robot dynamics, particularly in human-scale teleoperation, where large inertia and damping degrade operator perception in free motion. In this paper, we propose a transparency-optimized P–P control architecture that leverages estimated inverse dynamics to compensate for the leader and follower robot dynamics without relying on force/torque sensors. The proposed controller preserves the simplicity and stability of the P–P scheme while significantly improving transparency. The approach is implemented and experimentally validated on a human-scale WAM bilateral teleoperation system. Experimental results show that the proposed architecture substantially improves free-motion transparency, reducing joint position tracki",2026,Frontiers in Robotics and AI,Amir Noohian; Faezeh Haghverd; Alan Lynch; Martin Jagersand,10.3389/frobt.2026.1797952,,https://doi.org/10.3389/frobt.2026.1797952,crossref,teleoperation data robot foundation model,concept,human_data,,,robot foundation model; teleoperation,2026-06-12T14:45:03Z,19.000,19.000
doi:10.1002/acs.70052,An Adaptive Human Pilot Model With Reaction Time Delay for Enhanced Adaptive Control in Piloted Systems,"ABSTRACT Adaptive controllers have proven successful in handling uncertain dynamical systems. Yet, their integration into piloted applications remains uncommon owing to their nonlinear characteristics, which give rise to unfavorable interactions between adaptive controllers and human pilots in certain applications. To enable their safe implementation in the loop with human pilots, we introduce an adaptive human pilot model suited for predicting human interactions with adaptive controllers. This model accounts for the time delay in the pilot's response when operating on an adaptive control system, thereby facilitating the evaluation of adaptive controllers in simulation environments and guiding their design to ensure smooth pilot‐controller interactions.",2026,International Journal of Adaptive Control and Signal Processing,Abdullah Habboush; Yildiray Yildiz,10.1002/acs.70052,,https://doi.org/10.1002/acs.70052,crossref,adaptive world action model robot,concept,wam,,,world action model; adaptive world action model,2026-06-12T15:07:36Z,19.000,20.000
doi:10.1007/s12555-022-0728-x,Research on Human-robot Shared Control of Throat Swab Sampling Robot Based on Intention Estimation,,2024,"International Journal of Control, Automation and Systems",Ying-Long Chen; Fu-Jun Song; Heng-Fei Yan; Peng-Yu Zhao; Yong-Jun Gong,10.1007/s12555-022-0728-x,,https://doi.org/10.1007/s12555-022-0728-x,crossref,hybrid systems robot control manipulation,anti_myopia,control,,,hybrid systems,2026-06-12T15:07:36Z,19.000,22.000
arxiv:2107.09822v3,Bayesian Controller Fusion: Leveraging Control Priors in Deep Reinforcement Learning for Robotics,"We present Bayesian Controller Fusion (BCF): a hybrid control strategy that combines the strengths of traditional hand-crafted controllers and model-free deep reinforcement learning (RL). BCF thrives in the robotics domain, where reliable but suboptimal control priors exist for many tasks, but RL from scratch remains unsafe and data-inefficient. By fusing uncertainty-aware distributional outputs from each system, BCF arbitrates control between them, exploiting their respective strengths. We study BCF on two real-world robotics tasks involving navigation in a vast and long-horizon environment, and a complex reaching task that involves manipulability maximisation. For both these domains, simple handcrafted controllers exist that can solve the task at hand in a risk-averse manner but do not necessarily exhibit the optimal solution given limitations in analytical modelling, controller miscal",2021,arXiv,Krishan Rana; Vibhavari Dasagi; Jesse Haviland; Ben Talbot; Michael Milford; Niko Sünderhauf,,2107.09822v3,http://arxiv.org/abs/2107.09822v3,arxiv,classical control robotics,anti_myopia,anti_thesis,,,limitation; out of distribution; deployment; long horizon; classical control robotics,2026-06-12T15:07:36Z,19.000,29.000
doi:10.3389/frobt.2025.1629931,Multi-layer robotic controller for enhancing the safety of mobile robot navigation in human-centered indoor environments,"This research proposes a multi-layer navigation system for indoor mobile robots when they share space with vulnerable individuals. The primary objectives are increasing or maintaining safety measures and curtailing operational costs, emphasizing reducing reliance on intricate sensor technologies and computational resources. The developed system employs a three-tiered control approach, with each layer playing a pivotal role in the navigation process. The “online” control layer integrates a human-in-the-loop strategy, where the human operator detects missing obstacles or approaching danger through a user interface and sends a trigger to the robot’s controller. This trigger enables the system to estimate the coordinates of the danger and update the robot’s navigation path in real time, minimizing reliance on complex sensor systems. The “semi-online” control layer generates dynamic virtual b",2025,Frontiers in Robotics and AI,Karameldeen Omer; Andrea Monteriù,10.3389/frobt.2025.1629931,,https://doi.org/10.3389/frobt.2025.1629931,crossref,EBM transformer robotics multi robot system,concept,architecture_x_embodiment,,,EBM transformer robotics; multi robot system,2026-06-12T15:07:36Z,19.000,19.000
doi:10.36227/techrxiv.24018825.v1,Experimental Evaluation of Model Predictive Mixed-Initiative Variable Autonomy Systems Applied to Human-Robot Teams,"This paper is accepted for the IEEE SMC 2023. Adjusting the level of autonomy in human-machine systems (e.g., human-robot systems) holds great potential for achieving high system performance while maintaining operator involvement. To support operators with the task of setting the proper level of autonomy, we present a novel approach to realise a Model Predictive Controller that determines the optimal LoA for each tessellation in the robot’s path plan based on the estimated performance degradation due environmental adversities. We also report on an experimental evaluation of a mixed-initiative system where both the operator and the Model Predictive Controller are in charge of dynamically adjusting the level of autonomy cooperatively while performing a challenging navigational task with a mobile ground robot in a high-fidelity simulation. To this end, we conducted a user study with 15 part",,,Aniketh Ramesh; Christian Alexander Braun; Tianshu Ruan; Simon Rothfuß; Sören Hohmann; Rustam Stolkin; Manolis Chiou,10.36227/techrxiv.24018825.v1,,https://doi.org/10.36227/techrxiv.24018825.v1,crossref,robot world model,concept,architecture,,,robot world model; model predictive control,2026-06-12T15:07:36Z,19.000,21.000
doi:10.1109/acc.2015.7170891,Shared control of human and robot by approximate dynamic programming,"In this paper, a framework of human-robot shared control is developed based on finding the solution to an optimization problem. Human dynamics are taken into account in the analysis of the coupled human-robot system, and objectives of both human and robot are considered. Approximate dynamic programming is employed to solve the optimization problem in the presence of unknown human and robot dynamics. The validity of the proposed method is verified through simulation studies.",2015,,Yanan Li; Keng Peng Tee; Rui Yan; Dilip Kumar Limbu; Shuzhi Sam Ge,10.1109/acc.2015.7170891,,https://doi.org/10.1109/acc.2015.7170891,openalex,robotics,concept,openalex_bulk_robotics,,12,,2026-06-12T18:57:17Z,18.982,18.982
doi:10.1007/978-3-030-32094-2_9,A General Framework for Shared Control in Robot Teleoperation with Force and Visual Feedback,"Abstract In the last decade, the topic of human robot interaction has received increasing interest from research and industry, as robots must now interface with human users to accomplish complex tasks. In this scenario, robotics engineers are required to take the human component into account in the robot design and control. This is especially true in telerobotics, where interaction with the user plays an important role in the controlled system stability. By means of a thorough analysis and practical experiments, this contribution aims at giving a concrete idea of the aspects that need to be considered in the design of a complete control framework for teleoperated systems, that are able to seamlessly integrate with a human operator through shared control.",2020,SpringerBriefs in Applied Sciences and Technology Special Topics in Information Technology,Davide Nicolis,10.1007/978-3-030-32094-2_9,,https://doi.org/10.1007/978-3-030-32094-2_9,crossref,teleoperation data robot foundation model,concept,human_data,,6,robot foundation model; teleoperation; human robot interaction,2026-06-12T15:07:36Z,18.973,18.973
doi:10.1080/01691864.2025.2478922,Quadrupedal spine control strategies: exploring correlations between system dynamic responses and human perspectives,,2025,Advanced Robotics,Nicholas Hafner; Chaoran Liu; Carlos Ishi; Hiroshi Ishiguro,10.1080/01691864.2025.2478922,,https://doi.org/10.1080/01691864.2025.2478922,crossref,robotics,concept,crossref_bulk_robotics,,1,,2026-06-12T19:29:26Z,18.947,18.947
doi:10.1155/2020/2905841,A Novel Human-Like Control Framework for Mobile Medical Service Robot,"Recently, as a highly infectious disease of novel coronavirus (COVID-19) has swept the globe, more and more patients need to be isolated in the rooms of the hospitals, so how to deliver the meals or drugs to these infectious patients is the urgent work. It is a reliable and effective method to transport medical supplies or meals to patients using robots, but how to teach the robot to the destination and to enter the door like a human is an exciting task. In this paper, a novel human-like control framework for the mobile medical service robot is considered, where a Kinect sensor is used to manage human activity recognition to generate a designed teaching trajectory. Meanwhile, the learning technique of dynamic movement primitives (DMP) with the Gaussian mixture model (GMM) is applied to transfer the skill from humans to robots. A neural-based model predictive tracking controller is implem",2020,Complexity,Xin Zhang; Jiehao Li; Wen Qi; Xuanyi Zhou; Yingbai Hu; Hao Quan; Zhen Wang,10.1155/2020/2905841,,https://doi.org/10.1155/2020/2905841,openalex,energy based model robot learning,concept,ebm,,5,,2026-06-12T18:26:24Z,18.946,19.946
doi:10.1109/ichr.2004.1442684,Prioritized multi-objective dynamics and control of robots in human environments,"We characterize the dynamics of multiple prioritized control objectives and we present a framework that can simultaneously control these objectives by providing decoupled closed-loop dynamics within their priority level. This controller is suitable for robots that operate in human environments, where they face multiple contacts and must comply with multiple control criteria. We explore several cases including constrained hand tracking and compliant multi-objective control.",2005,,Luis Sentis; Oussama Khatib,10.1109/ichr.2004.1442684,,https://doi.org/10.1109/ichr.2004.1442684,openalex,robotics,concept,openalex_bulk_robotics,,43,,2026-06-12T18:57:17Z,18.942,18.942
doi:10.1002/rob.20416,Shared autonomy system for tracked vehicles on rough terrain based on continuous three‐dimensional terrain scanning,"Abstract Tracked vehicles are frequently used as search‐and‐rescue robots for exploring disaster areas. To enhance their ability to traverse rough terrain, some of these robots are equipped with swingable subtracks. However, manual control of such subtracks also increases the operator's workload, particularly in teleoperation with limited camera views. To eliminate this trade‐off, we have developed a shared autonomy system using an autonomous controller for subtracks that is based on continuous three‐dimensional terrain scanning. Using this system, the operator has only to specify the direction of travel to the robot, following which the robot traverses rough terrain using autonomously generated subtrack motions. In our system, real‐time terrain slices near the robot are obtained using two or three LIDAR (laser imaging detection and ranging) sensors, and these terrain slices are integrat",2011,Journal of Field Robotics,Yoshito Okada; Keiji Nagatani; Kazuya Yoshida; Satoshi Tadokoro; Tomoaki Yoshida; Eiji Koyanagi,10.1002/rob.20416,,https://doi.org/10.1002/rob.20416,crossref,neural radiance field robotics,concept,architecture,,46,neural radiance field robotics; teleoperation,2026-06-12T15:07:36Z,18.925,18.925
doi:10.1109/37.753934,Shared control framework applied to a robotic aid for the blind,"Demonstrates how the shared discrete event control system is applied to the Robotic Cane, a system which aids the visually impaired navigate through obstacle rich environments. It is also shown how the control framework operates to avoid obstacles with or without human interaction. During experiments the cane effectively helped the user to maneuver through an indoor environment. With a little practice the user could follow the direction in which the cane steered. This shows that the control mapping was defined effectively. The only command that was not very intuitive was the left and brake command used during a weak conflict. However, a different kinematic solution of the cane could achieve the turning and braking as desired. In times of strong conflict between the user input and the autonomous control command the human remained in control. The audio warning during these conflicts was ef",1999,IEEE Control Systems,P. Aigner; B. McCarragher,10.1109/37.753934,,https://doi.org/10.1109/37.753934,openalex,robotics,concept,openalex_bulk_robotics,,40,,2026-06-12T18:57:17Z,18.907,18.907
doi:10.3233/ica-180565,A self-adaptation framework based on functional knowledge for augmented autonomy in robots,"Robot control software endows robots with advanced capabilities for autonomous operation, such as navigation, object recognition or manipulation, in unstructured and dynamic environments. However, there is a steady need for more robust operation, where robots should perform complex tasks by reliabl y exploiting these novel capabilities. Mission-level resilience is required in the presence of component faults through failure recovery. To address this challenge, a novel self-adaptation framework based on functional knowledge for augmented autonomy is presented. A metacontroller is integrated on top of the robot control system, and it uses an explicit run-time model of the robot’s controller and its mission to adapt to operational changes. The model is grounded on a functional ontology that relates the robot’s mission with the robot’s architecture, and it is generated during the robot’s dev",2018,Integrated Computer-Aided Engineering,Carlos Hernández; Julita Bermejo–Alonso; Ricardo Sanz,10.3233/ica-180565,,https://doi.org/10.3233/ica-180565,openalex,robotics,concept,openalex_bulk_robotics,,44,,2026-06-12T18:57:17Z,18.903,19.903
doi:10.3390/robotics14110165,Design an Adaptive PID Control Based on RLS with a Variable Forgetting Factor for a Reconfigurable Cable-Driven Parallel Mechanism,"This paper proposes a two-layer adaptive proportional–integral–derivative (PID) controller for precise pose control of a six-degree-of-freedom cable-driven parallel robot with eight cables, specifically designed to handle dynamic changes caused by the movement of attachment points. The positions of the attachment points on the base are adjusted to avoid collisions between humans and cables, where humans and robots are working in a shared workspace. The inherent nonlinearity of the robot system was addressed using model identification based on the recursive least squares (RLS) algorithm equipped with an adaptive forgetting factor. This method enables real-time updates to the dynamic model of the robot, thereby ensuring accurate parameter estimation as the attachment points move. The combination of the PID controller and RLS algorithm enhances the system’s ability to respond effectively to",2025,Robotics,Elham Khoshbin; Martin J.-D. Otis; Ramy Meziane,10.3390/robotics14110165,,https://doi.org/10.3390/robotics14110165,crossref,score based policy robotics,concept,diffusion,,2,robustness,2026-06-12T15:07:36Z,18.899,19.899
doi:10.1109/biorob.2006.1639145,Human-Robot Shared Control for Robot-Assisted Endoscopy of the Spinal Cord,"The biomedical application this paper refers to is the neuroendoscopy of the sub-arachnoid spinal space. Such a kind of endoscopy is strongly challenging due to the tiny space to be explored and to the delicate anatomical structures which lie into it. In order to have more precision and control in catheter maneuvering, and a more efficient monitoring of medical parameters, a robotic system has been conceived. In this paper, proper strategies of human-robot shared control are introduced so as to enhance the degree of safety of the endoscopic exploration. The proposed methods are strongly based on a deep exploitation of sensorial feedbacks. In particular, the focus of the paper is on vision and pressure sensory feedbacks. The surgeon interacts with the robotic system by means of human-machine interfaces. The automatic control mainly operates at two levels; a low-level and a high-level cont",2006,,U. Bertocchi; Luca Ascari; Cesare Stefanini; Cecilia Laschi; Paolo Dario,10.1109/biorob.2006.1639145,,https://doi.org/10.1109/biorob.2006.1639145,openalex,robotics,concept,openalex_bulk_robotics,,10,,2026-06-12T18:57:17Z,18.899,18.899
doi:10.1109/iros51168.2021.9636049,Learning to Arbitrate Human and Robot Control using Disagreement between Sub-Policies,,2021,2021 IEEE/RSJ International Conference on Intelligent Robots and Systems (IROS),Yoojin Oh; Marc Toussaint; Jim Mainprice,10.1109/iros51168.2021.9636049,,https://doi.org/10.1109/iros51168.2021.9636049,crossref,learning robot manipulation from human video,concept,human_data,,8,robot manipulation,2026-06-12T15:07:36Z,18.899,18.899
doi:10.1109/icma54519.2022.9856369,Guidance Priority Adaptation in Human-Robot Shared Control,,2022,2022 IEEE International Conference on Mechatronics and Automation (ICMA),Hao Ren; Zhichao Li; Qingyuan Wu; Dan Wu,10.1109/icma54519.2022.9856369,,https://doi.org/10.1109/icma54519.2022.9856369,crossref,online adaptation robot learning,concept,adaptation,,5,online adaptation,2026-06-12T15:07:36Z,18.896,18.896
doi:10.3389/frobt.2021.540193,Comparison Between the Facial Flow Lines of Androids and Humans,"The behavior of an android robot face is difficult to predict because of the complicated interactions between many and various attributes (size, weight, and shape) of system components. Therefore, the system behavior should be analyzed after these components are assembled to improve their performance. In this study, the three-dimensional displacement distributions for the facial surfaces of two android robots were measured for the analysis. The faces of three adult males were also analyzed for comparison. The visualized displacement distributions indicated that the androids lacked two main deformation features observed in the human upper face: curved flow lines and surface undulation, where the upstream areas of the flow lines elevate. These features potentially characterize the human-likeness. These findings suggest that innovative composite motion mechanisms to control both the flow li",2021,Frontiers in Robotics and AI,Hisashi Ishihara; Saneyuki Iwanaga; Minoru Asada,10.3389/frobt.2021.540193,,https://doi.org/10.3389/frobt.2021.540193,crossref,flow matching robot policy,concept,flow,,13,,2026-06-12T15:07:36Z,18.870,18.870
doi:10.1177/10597123211066153,Human perception of intrinsically motivated autonomy in human-robot interaction,"A challenge in using robots in human-inhabited environments is to design behavior that is engaging, yet robust to the perturbations induced by human interaction. Our idea is to imbue the robot with intrinsic motivation (IM) so that it can handle new situations and appears as a genuine social other to humans and thus be of more interest to a human interaction partner. Human-robot interaction (HRI) experiments mainly focus on scripted or teleoperated robots, that mimic characteristics such as IM to control isolated behavior factors. This article presents a “robotologist” study design that allows comparing autonomously generated behaviors with each other and, for the first time, evaluates the human perception of IM-based generated behavior in robots. We conducted a within-subjects user study ( N = 24) where participants interacted with a fully autonomous Sphero BB8 robot with different beha",2022,Adaptive Behavior,Marcus M Scheunemann; Christoph Salge; Daniel Polani; Kerstin Dautenhahn,10.1177/10597123211066153,,https://doi.org/10.1177/10597123211066153,crossref,adaptive world action model robot,concept,wam,,4,world action model; adaptive world action model; human robot interaction,2026-06-12T15:07:36Z,18.855,18.855
doi:10.1007/s10846-023-01866-7,High Utility Teleoperation Framework for Legged Manipulators Through Leveraging Whole-Body Control,"Abstract Legged manipulators are a prime candidate for reducing risk to human lives through completing tasks in hazardous environments. However, controlling these systems in real-world applications requires a highly functional teleoperation framework, capable of leveraging all utility of the robot to complete tasks. In this work, such a teleoperation framework is presented, where a wearable whole-body motion capture suit is integrated with a whole-body controller specialised for teleoperation and a set of teleoperation strategies that enable the control of all main frames of the robot along with additional functions. Within the whole-body controller, all tasks and constraints can be configured dynamically due to their modularity, hence enabling seamless transitions between each teleoperation strategy. As a result, this not only enables the realisation of trajectories outside the workspac",2023,Journal of Intelligent & Robotic Systems,Joseph Humphreys; Christopher Peers; Jun Li; Yuhui Wan; Chengxu Zhou,10.1007/s10846-023-01866-7,,https://doi.org/10.1007/s10846-023-01866-7,crossref,teleoperation data robot foundation model,concept,human_data,,5,robot foundation model; teleoperation,2026-06-12T15:07:36Z,18.846,19.846
doi:10.1109/iros.1992.587324,Multisensory Shared Autonomy - A Key Issue In The Space Robot Technology Experiment ROTEX,"The space robot technology experiment ROTEX to fly with the next spacelab mission D2 in January 1993 provides a multisensory robot which is supposed to work in an autonomous mode, teleoperated by astronauts, as well as in different telerobotic ground control modes.These include on-line teleoperation and telesensorprogramming, a task-level oriented programming technique involving `learning by showing'concepts in a virtual environment. The robot's key features are its multisensory gripper and the local sensory feedback schemes which are the basis for shared autonomy. The corresponding man-machine interface concepts using a 6 dof non- force-reflecting control ball and visual feedback to the human operator are explained.Stereographic simulation on ground is supposed to predict even the sensor based path refinement on board, while realtime fusion of stereo images and laser range information h",2005,,G. Hirzinger; J. Heindl; K. Landzettel; B. Brunner,10.1109/iros.1992.587324,,https://doi.org/10.1109/iros.1992.587324,openalex,robotics,concept,openalex_bulk_robotics,,35,teleoperation,2026-06-12T18:57:17Z,18.842,18.842
doi:10.1108/ir-07-2023-0154,Sky-Worker: a heterogeneous dual-arm robot with dynamic authority assignment for live-line working,"Purpose The current difficulties of distribution network working robots are mainly in the performance and operation mode. On the one hand, high-altitude power operation tasks require high load-carrying capacity and dexterity of the robot; on the other hand, the fully autonomous mode is uncontrollable and the teleoperation mode has a high failure rate. Therefore, this study aims to design a distribution network operation robot named Sky-Worker to solve the above two problems. Design/methodology/approach The heterogeneous arms of Sky-Worker are driven by hydraulics and electric motors to solve the contradiction between high load-carrying capacity and high flexibility. A human–robot collaborative shared control architecture is built to realize real-time human intervention during autonomous operation, and control weights are dynamically assigned based on energy optimization. Findings Simulat",2024,Industrial Robot: the international journal of robotics research and application,Yanghong Li; Yahao Wang; Yutao Chen; X.W. Rong; Yuliang Zhao; Shaolei Wu; Erbao Dong,10.1108/ir-07-2023-0154,,https://doi.org/10.1108/ir-07-2023-0154,crossref,EBM transformer robotics industrial robot,concept,architecture_x_embodiment,,7,EBM transformer robotics; industrial robot; teleoperation,2026-06-12T15:07:36Z,18.840,19.840
doi:10.1109/iccr51572.2020.9344272,A Gaze Signal Based Control Method for Supernumerary Robotic Limbs,"Supernumerary Robotic Limbs (SRL) can expand the physical capabilities of humans in various tasks and working environments. To increase the operation efficiency of SRL, it is critical to acquire task and environmental information, which limits the controller. Previous research has proved that the gaze signal plays a vital role in human-robot shared manipulation. Therefore, this paper proposes a gaze information based controlling system for SRL. This system consists of the following modules: gaze information acquisition module for capturing gaze and environmental information, spacial transform module for transforming the position of gaze target to SRL working space, and SRL execution module for sending commands to SRL. The experimental results demonstrate that the proposed system could control SRL based on the human gaze. The total mean absolute error between gaze position and actual exec",2020,,Zixuan Fan; Chengyu Lin; Chenglong Fu,10.1109/iccr51572.2020.9344272,,https://doi.org/10.1109/iccr51572.2020.9344272,openalex,robotics,concept,openalex_bulk_robotics,,16,,2026-06-12T18:57:17Z,18.817,18.817
doi:10.1109/iros.2013.6696343,Cooperative human robot interaction systems: IV. Communication of shared plans with Na&#x00EF;ve humans using gaze and speech,"Cooperation 1 is at the core of human social life. In this context, two major challenges face research on humanrobot interaction: the first is to understand the underlying structure of cooperation, and the second is to build, based on this understanding, artificial agents that can successfully and safely interact with humans. Here we take a psychologically grounded and human-centered approach that addresses these two challenges. We test the hypothesis that optimal cooperation between a naïve human and a robot requires that the robot can acquire and execute a joint plan, and that it communicates this joint plan through ecologically valid modalities including spoken language, gesture and gaze. We developed a cognitive system that comprises the human-like control of social actions, the ability to acquire and express shared plans and a spoken language stage. In order to test the psychologica",2013,,Stéphane Lallée; Katharina Hamann; Jasmin Steinwender; Felix Warneken; Uriel Martienz; Hector Barron-Gonzales; Ugo Pattacini; Ilaria Gori; Maxime Petit; Giorgio Metta; Paul F. M. J. Verschure; Peter Ford Dominey,10.1109/iros.2013.6696343,,https://doi.org/10.1109/iros.2013.6696343,openalex,robotics,concept,openalex_bulk_robotics,,33,human robot interaction,2026-06-12T18:57:17Z,18.813,18.813
arxiv:2303.15972v2,Coordinated Multi-Robot Shared Autonomy Based on Scheduling and Demonstrations,"Shared autonomy methods, where a human operator and a robot arm work together, have enabled robots to complete a range of complex and highly variable tasks. Existing work primarily focuses on one human sharing autonomy with a single robot. By contrast, in this paper we present an approach for multi-robot shared autonomy that enables one operator to provide real-time corrections across two coordinated robots completing the same task in parallel. Sharing autonomy with multiple robots presents fundamental challenges. The human can only correct one robot at a time, and without coordination, the human may be left idle for long periods of time. Accordingly, we develop an approach that aligns the robot's learned motions to best utilize the human's expertise. Our key idea is to leverage Learning from Demonstration (LfD) and time warping to schedule the motions of the robots based on when they ma",2023,arXiv,Michael Hagenow; Emmanuel Senft; Nitzan Orr; Robert Radwin; Michael Gleicher; Bilge Mutlu; Dylan P. Losey; Michael Zinn,,2303.15972v2,http://arxiv.org/abs/2303.15972v2,arxiv,transformer energy based model robotics,concept,ebm_transformer,,,energy based model robotics,2026-06-12T14:45:03Z,18.800,18.800
doi:10.1177/09544119211054919,Nonlinear time delay estimation based model reference adaptive impedance control for an upper-limb human-robot interaction,"A nonlinear Time Delay Estimation (TDE) based model reference adaptive impedance controller was developed for Tarbiat Modares University Upper Limbs Rehabilitation Robot (TUERR). The proposed controller uses a stable reference impedance model, which produces desired dynamic relationship between applied force and position error for the robot End-effector to track the desired trajectory. TDE based model reference adaptive controller estimates unknown system dynamics and uncertainties, and the adaption law modifies the controller gains. Using a Lyapunov function was shown trajectory tracking errors in the overall system are bounded. In addition, a performance-based velocity profile proposed to modify the pace of trajectory planning considering the deviation from the desired path. Finally, the performance of the presented controller and rehabilitation process is experimentally investigated f",2022,"Proceedings of the Institution of Mechanical Engineers, Part H: Journal of Engineering in Medicine",Javad Omrani; Majid M Moghaddam,10.1177/09544119211054919,,https://doi.org/10.1177/09544119211054919,crossref,adaptive world action model robot,concept,wam,,8,world action model; adaptive world action model; impedance control; human robot interaction,2026-06-12T15:07:36Z,18.799,18.799
doi:10.15607/rss.2017.xiii.037,Learning Models for Shared Control of Human-Machine Systems with Unknown Dynamics,,2017,Robotics: Science and Systems XIII,Alexander Broad; Todd Murphey; Brenna Argall,10.15607/rss.2017.xiii.037,,https://doi.org/10.15607/rss.2017.xiii.037,crossref,latent dynamics model robotics,concept,architecture,,34,latent dynamics model robotics,2026-06-12T15:07:36Z,18.778,18.778
doi:10.3390/s23010295,Camera Arrangement Optimization for Workspace Monitoring in Human–Robot Collaboration,"Human-robot interaction is becoming an integral part of practice. There is a greater emphasis on safety in workplaces where a robot may bump into a worker. In practice, there are solutions that control the robot based on the potential energy in a collision or a robot re-planning the straight-line trajectory. However, a sensor system must be designed to detect obstacles across the human-robot shared workspace. So far, there is no procedure that engineers can follow in practice to deploy sensors ideally. We come up with the idea of classifying the space as an importance index, which determines what part of the workspace sensors should sense to ensure ideal obstacle sensing. Then, the ideal camera positions can be automatically found according to this classified map. Based on the experiment, the coverage of the important volume by the calculated camera position in the workspace was found to",2022,Sensors,Petr Oščádal; Tomáš Kot; Tomáš Spurný; Jiří Suder; Michal Vocetka; Libor Dobeš; Zdenko Bobovský,10.3390/s23010295,,https://doi.org/10.3390/s23010295,openalex,energy based model robot learning,concept,ebm,,6,human robot interaction,2026-06-12T18:26:24Z,18.773,18.773
doi:10.1109/icrom54204.2021.9663503,Design of an Intelligent Control System for Safe Collaboration between Human and a Robotic Manipulator,,2021,2021 9th RSI International Conference on Robotics and Mechatronics (ICRoM),Arsalan Aeini; Erfan Droudian; Armin Ghanbarzadeh; Esmaeil Najafi,10.1109/icrom54204.2021.9663503,,https://doi.org/10.1109/icrom54204.2021.9663503,crossref,robotics,concept,crossref_bulk_robotics,,6,,2026-06-12T19:29:26Z,18.773,18.773
doi:10.5555/3109848.3109856,Argumentation-based dialogue games for shared control in human-robot systems,"Dialogue can support exchange of ideas and discussion of options as a means to enable shared decision making for human-robot collaboration. However, dialogue that supports dynamic, evidence-backed exchange of ideas is a major challenge for today's human-robot systems. The work presented here investigates the application of argumentation-based dialogue games as the means to facilitate flexible interaction, including unscripted changes in initiative. Two main contributions are provided in this paper. First, a methodology for implementing multiple types of argumentation-based dialogues for human-robot interaction is detailed. This includes explanation about which types of dialogues are appropriate given the beliefs of the participants and how multiple dialogues can occur simultaneously while maintaining a consistent set of beliefs for the participants. Second, a formal definition is present",2015,Figshare,Elizabeth Sklar; Mohd Azhar,10.5555/3109848.3109856,,https://doi.org/10.5555/3109848.3109856,openalex,robotics,concept,openalex_bulk_robotics,,16,human robot interaction,2026-06-12T18:57:17Z,18.767,18.767
doi:10.1177/1729881416662788,Non-linear sliding mode control of the lower extremity exoskeleton based on human–robot cooperation,"This article presents a human–robot cooperation controller towards the lower extremity exoskeleton which aims to improve the tracking performance of the exoskeleton and reduce the human–robot interaction force. Radial basis function neural network is introduced to model the human–machine interaction which can better approximate the non-linear relationship than the general impedance model. A new method to calculate the inverse Jacobian matrix is presented. Compared to traditional damped least squares method, the novel method is proved to be able to avoid the orientation change of the velocity of the human–robot interaction point by the simulation result. This feature is very important in human–robot system. Then, an improved non-linear robust sliding mode controller is designed to promote the tracking performance considering system uncertainties and model errors, where a new non-linear in",2016,International Journal of Advanced Robotic Systems,Shiqiang Zhu; Xinglai Jin; Bin Yao; Qingcheng Chen; Xiang Pei; Zhongqiang Pan,10.1177/1729881416662788,,https://doi.org/10.1177/1729881416662788,openalex,robotics,concept,openalex_bulk_robotics,,40,human robot interaction,2026-06-12T18:57:17Z,18.757,18.757
doi:10.1007/s10846-023-01942-y,Beyond Shared Autonomy: Joint Perception and Action for Human-In-The-Loop Mobile Robot Navigation Systems,,2023,Journal of Intelligent & Robotic Systems,Hamed Bozorgi; Trung Dung Ngo,10.1007/s10846-023-01942-y,,https://doi.org/10.1007/s10846-023-01942-y,crossref,adaptive world action model robot,concept,wam,,2,world action model; adaptive world action model,2026-06-12T15:07:36Z,18.749,18.749
doi:10.5220/0012943600003822,EMG-Based Shared Control Framework for Human-Robot Co-Manipulation Tasks,,2024,"Proceedings of the 21st International Conference on Informatics in Control, Automation and Robotics",Francesca Patriarca; Paolo Di Lillo; Filippo Arrichiello,10.5220/0012943600003822,,https://doi.org/10.5220/0012943600003822,crossref,robot world models manipulation,concept,world_models,,1,robot world model,2026-06-12T14:45:03Z,18.747,18.747
doi:10.1109/icarcv63323.2024.10821556,Blended Pilot and Controller Authority Architecture for Altitude Control with VTOL Aircraft,,2024,"2024 18th International Conference on Control, Automation, Robotics and Vision (ICARCV)",Jan Belak; Martin Hromcik,10.1109/icarcv63323.2024.10821556,,https://doi.org/10.1109/icarcv63323.2024.10821556,crossref,robotics,concept,crossref_bulk_robotics,,1,,2026-06-12T19:29:26Z,18.747,18.747
doi:10.1109/tsmca.2008.923085,A Guideline for Low-Force Robotic Guidance for Enhancing Human Performance of Positioning and Trajectory Tracking: It Should Be Stiff and Appropriately Slow,"This paper considers the application of a low-force robotic manipulator to guide a human user's movements to place a tool (or the user's hand) at a predetermined position or move it along a predetermined trajectory. This application is potentially useful, e.g., skill training for humans, rehabilitation, and human-machine coordination in the manufacturing industry. A proportional-derivative (PD)-type position control can be used for this application, but the parameters for the controller should be appropriately chosen for enhancing the human performance of positioning and trajectory tracking. We hypothesize that the robot's position control should be stiff and appropriately slow, i.e., the proportional gain should be high and the time constant (the ratio of the derivative gain to the proportional gain) should be appropriately large. Such characteristic has been difficult to be realized in",2008,IEEE Transactions on Systems Man and Cybernetics - Part A Systems and Humans,Ryo Kikuuwe; Takashi Yamamoto; H. Fujimoto,10.1109/tsmca.2008.923085,,https://doi.org/10.1109/tsmca.2008.923085,openalex,robotics,concept,openalex_bulk_robotics,,27,,2026-06-12T18:57:17Z,18.716,18.716
doi:10.1007/978-3-030-19648-6_12,Shared Impedance Control Based on Reinforcement Learning in a Human-Robot Collaboration Task,,2020,Advances in Intelligent Systems and Computing Advances in Service and Industrial Robotics,Min Wu; Yanhao He; Steven Liu,10.1007/978-3-030-19648-6_12,,https://doi.org/10.1007/978-3-030-19648-6_12,crossref,model based reinforcement learning robotics,concept,architecture,,8,model based reinforcement learning robotics; impedance control,2026-06-12T15:07:36Z,18.699,18.699
doi:10.1109/icarcv57592.2022.10004306,Potential Hazard-Aware Adaptive Shared Control for Human-Robot Cooperative Driving in Unstructured Environment,,2022,"2022 17th International Conference on Control, Automation, Robotics and Vision (ICARCV)",Wenhui Huang; Yanxin Zhou; Jianhuang Li; Chen Lv,10.1109/icarcv57592.2022.10004306,,https://doi.org/10.1109/icarcv57592.2022.10004306,crossref,robotics,concept,crossref_bulk_robotics,,3,,2026-06-12T19:29:26Z,18.693,18.693
doi:10.1184/r1/6714647,"Algorithms, Implementation, and Studies on Eating with a Shared Control Robot Arm","People with upper extremity disabilities are gaining increased independence through the use of assisted devices such as wheelchair-mounted robotic arms. However, the increased capability and dexterity of these robotic arms also makes them challenging to control through accessible interfaces like joysticks, sip-and-puff, and buttons that are lower-dimensional than the control space of the robot. The potential for robotics autonomy to ease the control burden within assistive domains has been recognized for decades. While full autonomy is an option, it removes all control from the user. When this is not desired by the human, the assistive technology has, in fact, made them less able and discards useful input the human might provide. For example, the leveraging of superior user situational awareness to improve system robustness could be lost. This thesis takes an in-depth dive into how to ad",2018,Research Showcase @ Carnegie Mellon University (Carnegie Mellon University),Laura Herlant,10.1184/r1/6714647,,https://doi.org/10.1184/r1/6714647,openalex,robotics,concept,openalex_bulk_robotics,,15,deformable object manipulation; assistive robot; teleoperation; human robot interaction; robustness,2026-06-12T18:57:17Z,18.686,19.686
doi:10.1109/tsmca.2010.2084082,Computing the Effects of Operator Attention Allocation in Human Control of Multiple Robots,"In time-critical systems in which a human operator supervises multiple semiautomated tasks, failure of the operator to focus attention on high-priority tasks in a timely manner can lower the effectiveness of the system and potentially result in catastrophic consequences. These systems must integrate computer-based technologies that help the human operator place attention on the right tasks at the right times to be successful. One way to assist the operator in this process is to compute where the operator's attention should be focused and then use this computation to influence the operator's behavior. In this paper, we analyze the ability of a particular modeling method to make such computations for effective attention allocation in human-multiple-robot systems. Our results demonstrate that it is not sufficient to simply compute and dictate how operators should allocate their attention. R",2010,IEEE Transactions on Systems Man and Cybernetics - Part A Systems and Humans,Jacob W. Crandall; Mary L. Cummings; Mauro Della Penna; Paul M. A. de Jong,10.1109/tsmca.2010.2084082,,https://doi.org/10.1109/tsmca.2010.2084082,openalex,robotics,concept,openalex_bulk_robotics,,52,,2026-06-12T18:57:17Z,18.685,19.685
doi:10.1109/tamd.2012.2199754,Towards a Platform-Independent Cooperative Human Robot Interaction System: III An Architecture for Learning and Executing Actions and Shared Plans,"Robots should be capable of interacting in a cooperative and adaptive manner with their human counterparts in open-ended tasks that can change in real-time. An important aspect of the robot behavior will be the ability to acquire new knowledge of the cooperative tasks by observing and interacting with humans. The current research addresses this challenge. We present results from a cooperative human-robot interaction system that has been specifically developed for portability between different humanoid platforms, by abstraction layers at the perceptual and motor interfaces. In the perceptual domain, the resulting system is demonstrated to learn to recognize objects and to recognize actions as sequences of perceptual primitives, and to transfer this learning, and recognition, between different robotic platforms. For execution, composite actions and plans are shown to be learnt on one robot",2012,IEEE Transactions on Autonomous Mental Development,Stéphane Lallée; Ugo Pattacini; Séverin Lemaignan; Alexander Lenz; Chris Melhuish; Lorenzo Natale; Sergey Skachek; Katharina Hamann; Jasmin Steinwender; Emrah Akin Sisbot; Giorgio Metta; Julien Guitton; Rachid Alami; Matthieu Warnier; Tony Pipe; Felix Warneken; Peter Ford Dominey,10.1109/tamd.2012.2199754,,https://doi.org/10.1109/tamd.2012.2199754,openalex,robotics,concept,openalex_bulk_robotics,,52,human robot interaction,2026-06-12T18:57:17Z,18.685,18.685
doi:10.1007/978-3-319-70022-9_45,About Decisions During Human-Robot Shared Plan Achievement: Who Should Act and How?,,2017,Lecture notes in computer science,Sandra Devin; Aurélie Clodic; Rachid Alami,10.1007/978-3-319-70022-9_45,,https://doi.org/10.1007/978-3-319-70022-9_45,openalex,robotics,concept,openalex_bulk_robotics,,25,,2026-06-12T18:57:17Z,18.679,18.679
doi:10.1109/robio49542.2019.8961583,Variable Admittance Control for Human-Robot Collaboration in Robot-Assisted Orthopedic Surgery,"In recent days, orthopedic surgical robots play an increasingly important role in surgeries. Impedance/admittance control is a commonly used method for orthopedic surgical robots. In this paper, we proposed a variable admittance control method for orthopedic surgery. Instead of modifying virtual damping or mass which present in previous variable admittance control works, we present a new method by setting a dynamic reference point for virtual spring to improve operators’ boundary control ability during robot assisted orthopedic surgery. The reference point is the mean point of robot end effector trajectory in the past T period. The performance of the proposed controller was tested by conducting a cooperative experience, where all subjects were asked to finish a reaching task by using a Mini-robot.",2019,,Jiawei Liang; Yuanyuan Yang; Yu Wang; Shoubin Liu; Mu Lu; Shiqi Song; Peng Zhang,10.1109/robio49542.2019.8961583,,https://doi.org/10.1109/robio49542.2019.8961583,openalex,robotics,concept,openalex_bulk_robotics,,9,surgical robot,2026-06-12T18:57:17Z,18.651,18.651
arxiv:2406.06300v1,"Human Gaze and Head Rotation during Navigation, Exploration and Object Manipulation in Shared Environments with Robots","The human gaze is an important cue to signal intention, attention, distraction, and the regions of interest in the immediate surroundings. Gaze tracking can transform how robots perceive, understand, and react to people, enabling new modes of robot control, interaction, and collaboration. In this paper, we use gaze tracking data from a rich dataset of human motion (THÖR-MAGNI) to investigate the coordination between gaze direction and head rotation of humans engaged in various indoor activities involving navigation, interaction with objects, and collaboration with a mobile robot. In particular, we study the spread and central bias of fixations in diverse activities and examine the correlation between gaze direction and head rotation. We introduce various human motion metrics to enhance the understanding of gaze behavior in dynamic interactions. Finally, we apply semantic object labeling ",2024,arXiv,Tim Schreiter; Andrey Rudenko; Martin Magnusson; Achim J. Lilienthal,,2406.06300v1,http://arxiv.org/abs/2406.06300v1,arxiv,energy based transformer robot policy,concept,ebm_transformer,,,energy based transformer robot policy,2026-06-12T14:45:03Z,18.650,18.650
doi:10.1177/0142331207075608,Robotic airship mission path-following control based on ANN and human operator’s skill,"Robotic airships have numerous low-speed and low-altitude application potentials. Mission path following is one such application, which, however, presents an autonomy challenge. In this paper, a yawing controller, which is based on artificial neural network (ANN) and human operator skills, is proposed for mission path following of robotic airships. First, the path-following errors based on the operator’s point of view are discussed. Then, a data acquisition system is designed to collect the flight data under manual control, and the data are then processed and used for offline training and validation of a multilayer feed-forward neural network. Finally, the trained neural network is reconstructed in the flight control system for yawing control, and the experimental results confirm the effectiveness of this method. It is also shown that the ANN controller is robust even with wind disturban",2007,Transactions of the Institute of Measurement and Control,Jinjun Rao; Zhenbang Gong; Jun Luo; Zhen Jiang; Shaorong Xie; Liu Wufa,10.1177/0142331207075608,,https://doi.org/10.1177/0142331207075608,openalex,robotics,concept,openalex_bulk_robotics,,23,,2026-06-12T18:57:17Z,18.639,18.639
doi:10.1109/iros.1994.407383,Shared autonomy in a robot hand teleoperation system,"This paper considers adding autonomy to robot hands used in teleoperation systems. Currently, the finger positions of robot hands in teleoperation systems are controlled via a robot master using a Dataglove or exoskeleton. There are several difficulties with this approach: accurate calibration is hard to achieve; robot hands have different capabilities from human hands; and complex force reflection is difficult. In this paper we propose a model of hand teleoperation in which the input device commands the motions of a grasped object rather than the joint displacements of the fingers. To achieve this goal, the hand requires greater autonomy and the capability to perform high-level functions with minimal external input. Therefore, a set of general, primitive manipulation functions that can be performed automatically is defined. These elementary functions control simple rotations and transla",2002,,Paul Michelman; Peter Allen,10.1109/iros.1994.407383,,https://doi.org/10.1109/iros.1994.407383,openalex,robotics,concept,openalex_bulk_robotics,,47,robot hand; teleoperation,2026-06-12T18:57:17Z,18.636,18.636
doi:10.1002/ecj.10391,Control of human‐following robot based on cooperative positioning with an intelligent space,"Abstract This paper proposes a localization method based on interactive communication between a mobile robot and a networked laser range scanner installed in an intelligent space and achieves human‐following control of a mobile robot with the method. Generally, human tracking with cameras or laser range scanners on board the robots has been utilized for control of mobile robots to follow human walking. In addition to human tracking, mobile robots have to perform position estimation simultaneously. There are constraints in measurement for landmark detection or SLAM, because the target human walks close to the robot during human following. Thus, the proposed system considers the utilization of an intelligent environment where the sensors are distributed. The proposed system performs mutual exchange of position and heading information between the mobile robot and the networked laser range s",2011,Electronics and Communications in Japan,Kazuyuki Morioka; Yudai Oinaga; Yuichi Nakamura,10.1002/ecj.10391,,https://doi.org/10.1002/ecj.10391,openalex,robotics,concept,openalex_bulk_robotics,,22,SLAM,2026-06-12T18:57:17Z,18.618,18.618
doi:10.1109/toh.2012.36,Control of a Robot Dancer for Enhancing Haptic Human-Robot Interaction in Waltz,"Haptic interaction between a human leader and a robot follower in waltz is studied in this paper. An inverted pendulum model is used to approximate the human's body dynamics. With the feedbacks from the force sensor and laser range finders, the robot is able to estimate the human leader's state by using an extended Kalman filter (EKF). To reduce interaction force, two robot controllers, namely, admittance with virtual force controller, and inverted pendulum controller, are proposed and evaluated in experiments. The former controller failed the experiment; reasons for the failure are explained. At the same time, the use of the latter controller is validated by experiment results.",2012,IEEE Transactions on Haptics,Hongbo Wang; Kazuhiro Kosuge,10.1109/toh.2012.36,,https://doi.org/10.1109/toh.2012.36,openalex,robotics,concept,openalex_bulk_robotics,,44,force control; human robot interaction,2026-06-12T18:57:17Z,18.603,19.603
arxiv:2202.07720v2,Active Uncertainty Reduction for Human-Robot Interaction: An Implicit Dual Control Approach,"The ability to accurately predict human behavior is central to the safety and efficiency of robot autonomy in interactive settings. Unfortunately, robots often lack access to key information on which these predictions may hinge, such as people's goals, attention, and willingness to cooperate. Dual control theory addresses this challenge by treating unknown parameters of a predictive model as stochastic hidden states and inferring their values at runtime using information gathered during system operation. While able to optimally and automatically trade off exploration and exploitation, dual control is computationally intractable for general interactive motion planning, mainly due to the fundamental coupling between robot trajectory optimization and human intent inference. In this paper, we present a novel algorithmic approach to enable active uncertainty reduction for interactive motion p",2022,arXiv,Haimin Hu; Jaime F. Fisac,,2202.07720v2,http://arxiv.org/abs/2202.07720v2,arxiv,energy based policy robotics,concept,ebm,,,model predictive control; motion planning; human robot interaction,2026-06-12T14:45:03Z,18.600,21.600
arxiv:2212.05626v1,Human-Robot Team Performance Compared to Full Robot Autonomy in 16 Real-World Search and Rescue Missions: Adaptation of the DARPA Subterranean Challenge,"Human operators in human-robot teams are commonly perceived to be critical for mission success. To explore the direct and perceived impact of operator input on task success and team performance, 16 real-world missions (10 hrs) were conducted based on the DARPA Subterranean Challenge. These missions were to deploy a heterogeneous team of robots for a search task to locate and identify artifacts such as climbing rope, drills and mannequins representing human survivors. Two conditions were evaluated: human operators that could control the robot team with state-of-the-art autonomy (Human-Robot Team) compared to autonomous missions without human operator input (Robot-Autonomy). Human-Robot Teams were often in directed autonomy mode (70% of mission time), found more items, traversed more distance, covered more unique ground, and had a higher time between safety-related events. Human-Robot Team",2022,arXiv,Nicole Robinson; Jason Williams; David Howard; Brendan Tidd; Fletcher Talbot; Brett Wood; Alex Pitt; Navinda Kottege; Dana Kulić,,2212.05626v1,http://arxiv.org/abs/2212.05626v1,arxiv,energy based transformer robot policy,concept,ebm_transformer,,,energy based transformer robot policy,2026-06-12T14:45:03Z,18.600,19.600
doi:10.1109/tro.2026.3696049,Hidden Markov Model Based Shared Autonomy for Grip Strength Regulation in sEMG Driven Robot Hand Control,,2026,IEEE Transactions on Robotics,Alessandra Bernardini; Roberto Meattini; Alex Pasquali; Gianluca Laudante; Cosimo Gentile; Emanuele Gruppioni; Gianluca Palli; Claudio Melchiorri,10.1109/tro.2026.3696049,,https://doi.org/10.1109/tro.2026.3696049,crossref,energy based model robot learning,concept,ebm,,,robot hand,2026-06-12T15:07:36Z,18.600,18.600
doi:10.1145/3776734.3794536,A Human-Centred Tri-Region Shared Autonomy Framework for Adaptive and Safe Human–Robot Interaction,,2026,Companion Proceedings of the 21st ACM/IEEE International Conference on Human-Robot Interaction,Abolfazl Zaraki; Hamed Rahimi Nohooji; Maryam Banitalebi Dehkordi; Holger Voos,10.1145/3776734.3794536,,https://doi.org/10.1145/3776734.3794536,crossref,adaptive world action model robot,concept,wam,,,world action model; adaptive world action model; human robot interaction,2026-06-12T15:07:36Z,18.600,18.600
doi:10.1007/978-3-032-09427-8_3,Adaptive Shared Control for Robot Manipulator Obstacle Avoidance with Dynamic Authority Allocation,,2025,Lecture Notes in Networks and Systems AI Enabled Robotic Loco-Manipulation,Yibei Ma; Haozhou Liu; Zhangguo Yu,10.1007/978-3-032-09427-8_3,,https://doi.org/10.1007/978-3-032-09427-8_3,crossref,robot world models manipulation,concept,world_models,,,robot world model,2026-06-12T15:07:36Z,18.600,18.600
doi:10.1080/10447318.2026.2633203,Advancing Human-Robot Collaboration in Teleoperation: Comparative Evaluation of Shared Control Modalities Across Tasks and Interfaces,,2026,International Journal of Human–Computer Interaction,Dewei Zhu; Qiuli Jin; Tee Ittiphanitphong; Shuping Xiong,10.1080/10447318.2026.2633203,,https://doi.org/10.1080/10447318.2026.2633203,crossref,teleoperation data robot foundation model,concept,human_data,,,robot foundation model; teleoperation,2026-06-12T15:07:36Z,18.600,19.600
doi:10.3389/frobt.2021.729575,Identification of COM Controller of a Human in Stance Based on Motion Measurement and Phase-Space Analysis,"This article proposes a process to identify the standing stabilizer, namely, the controller in humans to keep upright posture stable against perturbations. We model the controller as a piecewise-linear feedback system, where the state of the center of mass (COM) is regulated by coordinating the whole body so as to locate the zero-moment point (ZMP) at the desired position. This was developed for humanoid robots and is possibly able to elaborate the fundamental control scheme used by humans to stabilize themselves. Difficulties lie on how to collect motion trajectories in a wide area of the state space for reliable identification and how to identify the piecewise-affine dynamical system. For the former problem, a motion measurement protocol is devised based on the theoretical phase portrait of the system. Regarding the latter problem, some clustering techniques including K -means method a",2022,Frontiers in Robotics and AI,Tomomichi Sugihara; Daishi Kaneta; Nobuyuki Murai,10.3389/frobt.2021.729575,,https://doi.org/10.3389/frobt.2021.729575,crossref,robotics,concept,crossref_bulk_robotics,,2,humanoid robot,2026-06-12T19:29:26Z,18.599,18.599
doi:10.3389/fnbot.2019.00016,Editorial: Shared Autonomy— Learning of Joint Action and Human-Robot Collaboration,,2019,Frontiers in Neurorobotics,Malte Schilling; Wolfram Burgard; Katharina Muelling; Britta Wrede; Helge Ritter,10.3389/fnbot.2019.00016,,https://doi.org/10.3389/fnbot.2019.00016,crossref,adaptive world action model robot,concept,wam,,9,world action model; adaptive world action model,2026-06-12T15:07:36Z,18.551,18.551
doi:10.5220/0007838700780087,A Fuzzy Inference Approach to Control Robot Speed in Human-robot Shared Workspaces,,2019,"Proceedings of the 16th International Conference on Informatics in Control, Automation and Robotics",Angelo Campomaggiore; Marco Costanzo; Gaetano Lettera; Ciro Natale,10.5220/0007838700780087,,https://doi.org/10.5220/0007838700780087,crossref,learning robot manipulation from human video,concept,human_data,,9,robot manipulation,2026-06-12T15:07:36Z,18.551,18.551
