uid,title,abstract,year,venue,authors,doi,arxiv_id,url,source,query,query_role,family,advisor_seed,citation_count,matched_terms,retrieved_at,relevance_score,hostile_score
doi:10.66238/ijcbs40,Safety-Critical Control for Human-Robot Interaction in Shared Workspaces using Control Barrier Functions,"The transition from isolated industrial automation to collaborative environments where humans and robots operate in shared workspaces presents significant challenges in ensuring safety without compromising operational efficiency. This paper investigates the application of Control Barrier Functions as a rigorous mathematical framework for synthesizing safety-critical controllers in human-robot interaction scenarios. Unlike traditional safety protocols that rely on stopping mechanisms or wide separation distances, the proposed approach allows for continuous, seamless operation by formally guaranteeing that the robotic system state remains within a forward-invariant safe set. We formulate the control problem as a Quadratic Program that mediates between a nominal performance-driven controller and safety constraints derived from the barrier functions. This formulation enables the system to de",2026,International Journal of Computational and Biological Sciences,James Anderson; Emily Johnson,10.66238/ijcbs40,,https://doi.org/10.66238/ijcbs40,crossref,control barrier functions robot learning,anti_myopia,control,,,safety constraint; control barrier function; human robot interaction,2026-06-12T15:07:36Z,27.300,30.300
doi:10.1115/dscc2020-3296,Adaptive Impedance Control for the Haptic Shared Driving Task Based on Nonlinear MPC,"Abstract This paper presents an adaptive haptic shared control framework wherein a driver and an automation system are physically connected through a motorized steering wheel. The automation system is modeled as an intelligent agent that is not only capable of making decisions but also monitoring the human’s behavior and adjusting its behavior accordingly. To enable the automation system to smoothly exchange the control authority with the human partner, this paper introduces a novel self-regulating impedance controller for the automation system. To determine an optimal modulation policy, a cost function is defined. The terms of the cost function are assigned to minimize the performance error and reduce the disagreement between the human and automation system. To solve the optimal control problem, we employed a nonlinear model predictive approach and used the continuation generalized mini",2020,Volume 1: Adaptive/Intelligent Sys. Control; Driver Assistance/Autonomous Tech.; Control Design Methods; Nonlinear Control; Robotics; Assistive/Rehabilitation Devices; Biomedical/Neural Systems; Building Energy Systems; Connected Vehicle Systems; Control/Estimation of Energy Systems; Control Apps.; Smart Buildings/Microgrids; Education; Human-Robot Systems; Soft Mechatronics/Robotic Components/Systems; Energy/Power Systems; Energy Storage; Estimation/Identification; Vehicle Efficiency/Emissions,Vahid Izadi; Amir H. Ghasemi,10.1115/dscc2020-3296,,https://doi.org/10.1115/dscc2020-3296,crossref,hybrid systems robot control manipulation,anti_myopia,control,,4,impedance control; hybrid systems,2026-06-12T15:07:36Z,24.105,29.105
arxiv:2107.09822v3,Bayesian Controller Fusion: Leveraging Control Priors in Deep Reinforcement Learning for Robotics,"We present Bayesian Controller Fusion (BCF): a hybrid control strategy that combines the strengths of traditional hand-crafted controllers and model-free deep reinforcement learning (RL). BCF thrives in the robotics domain, where reliable but suboptimal control priors exist for many tasks, but RL from scratch remains unsafe and data-inefficient. By fusing uncertainty-aware distributional outputs from each system, BCF arbitrates control between them, exploiting their respective strengths. We study BCF on two real-world robotics tasks involving navigation in a vast and long-horizon environment, and a complex reaching task that involves manipulability maximisation. For both these domains, simple handcrafted controllers exist that can solve the task at hand in a risk-averse manner but do not necessarily exhibit the optimal solution given limitations in analytical modelling, controller miscal",2021,arXiv,Krishan Rana; Vibhavari Dasagi; Jesse Haviland; Ben Talbot; Michael Milford; Niko Sünderhauf,,2107.09822v3,http://arxiv.org/abs/2107.09822v3,arxiv,classical control robotics,anti_myopia,anti_thesis,,,limitation; out of distribution; deployment; long horizon; classical control robotics,2026-06-12T15:07:36Z,19.000,29.000
doi:10.1007/s10846-023-02023-w,A Shared Control Approach Based on First-Order Dynamical Systems and Closed-Loop Variable Stiffness Control,"Abstract In this paper, we present a novel learning-based shared control framework. This framework deploys first-order Dynamical Systems (DS) as motion generators providing the desired reference motion, and a Variable Stiffness Dynamical Systems (VSDS) (Chen et al. 2021) for haptic guidance. We show how to shape several features of our controller in order to achieve authority allocation, local motion refinement, in addition to the inherent ability of the controller to automatically synchronize with the human state during joint task execution. We validate our approach in a teleoperated task scenario, where we also showcase the ability of our framework to deal with situations that require updating task knowledge due to possible changes in the task scenario, or changes in the environment. Finally, we conduct a user study to compare the performance of our VSDS controller for guidance generat",2023,Journal of Intelligent & Robotic Systems,Haotian Xue; Youssef Michel; Dongheui Lee,10.1007/s10846-023-02023-w,,https://doi.org/10.1007/s10846-023-02023-w,crossref,hybrid systems robot control manipulation,anti_myopia,control,,3,hybrid systems,2026-06-12T15:07:36Z,24.593,27.593
doi:10.1016/j.ifacol.2020.12.2751,Haptic Shared Control for Human-Robot Collaboration: A Game-Theoretical Approach,"Complementing human and robot capabilities is essential for many tasks, e.g. rehabilitation and collaborative manufacturing. However, it is still not clear how control between humans and robots should be shared in order to ensure efficient task execution and intuitive interaction. Game theory seems as a promising mathematical framework that allows: i) posing this challenge as a dynamic negotiation (game) among human and robot (players) and ii) solving it to obtain optimal solution. In this work, we propose a differential game-theoretic shared control approach for human-robot haptic collaboration with Nash equilibrium optimal solution. We validate the proposed approach experimentally in a scenario where human is physically coupled with a haptic device and interacts with a virtual reality to perform a trajectory tracking task.",2020,IFAC-PapersOnLine,Selma Musić; Sandra Hirche,10.1016/j.ifacol.2020.12.2751,,https://doi.org/10.1016/j.ifacol.2020.12.2751,openalex,robotics,concept,openalex_bulk_robotics,,27,,2026-06-12T18:57:17Z,27.416,27.416
arxiv:2112.00279v1,A Barrier Pair Method for Safe Human-Robot Shared Autonomy,"Shared autonomy provides a framework where a human and an automated system, such as a robot, jointly control the system's behavior, enabling an effective solution for various applications, including human-robot interaction. However, a challenging problem in shared autonomy is safety because the human input may be unknown and unpredictable, which affects the robot's safety constraints. If the human input is a force applied through physical contact with the robot, it also alters the robot's behavior to maintain safety. We address the safety issue of shared autonomy in real-time applications by proposing a two-layer control framework. In the first layer, we use the history of human input measurements to infer what the human wants the robot to do and define the robot's safety constraints according to that inference. In the second layer, we formulate a rapidly-exploring random tree of barrier",2021,arXiv,Binghan He; Mahsa Ghasemi; Ufuk Topcu; Luis Sentis,,2112.00279v1,http://arxiv.org/abs/2112.00279v1,arxiv,control barrier functions robot learning,anti_myopia,control,,,safety constraint; control barrier function; human robot interaction,2026-06-12T15:07:36Z,24.350,27.350
doi:10.1115/dscc2017-5274,Online Hybrid Model Predictive Controller Design for Cruise Control of Automobiles,"In the proposed study, a Hybrid Model Predictive Controller is introduced for cruise control of an automobile model. The presented model consists of the engine, the gearbox, and the transmission dynamics, where the aerodynamics force and elastic friction between the tires and road are taken into account. Through Piecewise Linearization of nonlinearities in the system; (torque)-(throttle)-(angular velocity) of engine and (aerodynamic drag force)-(automobile velocity), a comprehensive piecewise linear model for the system is obtained. Then combined with the switch and shift between engaged gears in gearbox, the Piecewise Affine (PWA) model for the vehicle dynamics is acquired. As far as the control design is concerned, the cruise control problem for tracking a desired speed fashion is addressed by a MPC-based controller design. The proposed control approach is based on the online model pre",2017,"Volume 1: Aerospace Applications; Advances in Control Design Methods; Bio Engineering Applications; Advances in Non-Linear Control; Adaptive and Intelligent Systems Control; Advances in Wind Energy Systems; Advances in Robotics; Assistive and Rehabilitation Robotics; Biomedical and Neural Systems Modeling, Diagnostics, and Control; Bio-Mechatronics and Physical Human Robot; Advanced Driver Assistance Systems and Autonomous Vehicles; Automotive Systems",Kaveh Merat; Jafar Abbaszadeh Chekan; Hassan Salarieh; Aria Alasty,10.1115/dscc2017-5274,,https://doi.org/10.1115/dscc2017-5274,crossref,hybrid systems robot control manipulation,anti_myopia,control,,,model predictive control; hybrid systems,2026-06-12T15:07:36Z,22.350,26.350
doi:10.1115/dscc2020-3313,Towards Explainable Co-Robots: Developing Confidence-Based Shared Control Paradigms,"Abstract In this paper, we aim to develop a shared control framework wherein the control authority is dynamically allocated between the human operator and the automation system. To this end, we have defined a shared control paradigm wherein the blending mechanism uses the confidence between a human and co-robot to allocate the control authority. To capture the confidence between the human and robot, qualitatively, a simple-but-generic model is presented wherein the confidence of human-to-robot and robot-to-human is a function of the human’s performance and robot’s performance. The computed confidence will then be used to adjust the level of autonomy between the two agents dynamically. To validate our novel framework, we propose case studies in which the steering control of a semi-automated system is shared between the human and onboard automation systems. The numerical simulations demons",2020,Volume 1: Adaptive/Intelligent Sys. Control; Driver Assistance/Autonomous Tech.; Control Design Methods; Nonlinear Control; Robotics; Assistive/Rehabilitation Devices; Biomedical/Neural Systems; Building Energy Systems; Connected Vehicle Systems; Control/Estimation of Energy Systems; Control Apps.; Smart Buildings/Microgrids; Education; Human-Robot Systems; Soft Mechatronics/Robotic Components/Systems; Energy/Power Systems; Energy Storage; Estimation/Identification; Vehicle Efficiency/Emissions,Daniel Saraphis; Vahid Izadi; Amirhossein Ghasemi,10.1115/dscc2020-3313,,https://doi.org/10.1115/dscc2020-3313,crossref,hybrid systems robot control manipulation,anti_myopia,control,,,hybrid systems,2026-06-12T15:07:36Z,23.300,26.300
doi:10.1002/rob.21671,Collaborative Autonomy between High‐level Behaviors and Human Operators for Remote Manipulation Tasks using Different Humanoid Robots,"Team ViGIR and Team Hector participated in the DARPA Robotics Challenge (DRC) Finals, held June 2015 in Pomona, California, along with 21 other teams from around the world. Both teams competed using the same high‐level software, in conjunction with independently developed low‐level software specific to their humanoid robots. On the basis of previous work on operator‐centric manipulation control at the level of affordances, we developed an approach that allows one or more human operators to share control authority with a high‐level behavior controller. This collaborative autonomy decreases the completion time of manipulation tasks, increases the reliability of the human‐robot team, and allows the operators to adjust the robotic system's autonomy on‐the‐fly. This article discusses the technical challenges we faced and overcame during our efforts to allow the human operators to interact wit",2017,Journal of Field Robotics,Alberto Romay; Stefan Kohlbrecher; Alexander Stumpf; Oskar von Stryk; Spyros Maniatopoulos; Hadas Kress‐Gazit; Philipp Schillinger; David C. Conner,10.1002/rob.21671,,https://doi.org/10.1002/rob.21671,crossref,physical reasoning robotics manipulation,concept,physical_reasoning,,21,humanoid robot,2026-06-12T15:07:36Z,26.296,26.296
doi:10.1177/02783649231167210,Bayesian controller fusion: Leveraging control priors in deep reinforcement learning for robotics,"We present Bayesian Controller Fusion (BCF): a hybrid control strategy that combines the strengths of traditional hand-crafted controllers and model-free deep reinforcement learning (RL). BCF thrives in the robotics domain, where reliable but suboptimal control priors exist for many tasks, but RL from scratch remains unsafe and data-inefficient. By fusing uncertainty-aware distributional outputs from each system, BCF arbitrates control between them, exploiting their respective strengths. We study BCF on two real-world robotics tasks involving navigation in a vast and long-horizon environment, and a complex reaching task that involves manipulability maximisation. For both these domains, simple handcrafted controllers exist that can solve the task at hand in a risk-averse manner but do not necessarily exhibit the optimal solution given limitations in analytical modelling, controller miscal",2023,The International Journal of Robotics Research,Krishan Rana; Vibhavari Dasagi; Jesse Haviland; Ben Talbot; Michael Milford; Niko Sünderhauf,10.1177/02783649231167210,,https://doi.org/10.1177/02783649231167210,crossref,model based reinforcement learning robotics,concept,architecture,,18,model based reinforcement learning robotics; limitation; out of distribution; deployment; long horizon,2026-06-12T15:07:36Z,20.072,26.072
doi:10.1109/icra40945.2020.9196941,Adaptive Authority Allocation in Shared Control of Robots Using Bayesian Filters,"In the present paper, we propose a novel system-driven adaptive shared control framework in which the autonomous system allocates the authority among the human operator and itself. Authority allocation is based on a metric derived from a Bayesian filter, which is being adapted online according to real measurements. In this way, time-varying measurement noise characteristics are incorporated. We present the stability proof for the proposed shared control architecture with adaptive authority allocation, which includes time delay in the communication channel between the operator and the robot. Furthermore, the proposed method is validated through experiments and a user-study evaluation. The obtained results indicate significant improvements in task execution compared with pure teleoperation.",2020,,Ribin Balachandran; Hrishik Mishra; Matteo Cappelli; Bernhard Weber; Cristian Secchi; Christian Ott; Alin Albu‐Schäffer,10.1109/icra40945.2020.9196941,,https://doi.org/10.1109/icra40945.2020.9196941,openalex,robotics,concept,openalex_bulk_robotics,,26,teleoperation,2026-06-12T18:57:17Z,25.048,26.048
doi:10.1002/asjc.70001,Output‐constrained adaptive optimal control for physical human–robot interaction using electromyography signals,"Abstract This paper investigates the output‐constrained control problem for physical human–robot interaction using electromyography signals. An interaction force estimation method based on surface electromyography (sEMG) signals is introduced, where random forest is provided to extract interaction force information from sEMG signals. Using sEMG, the interaction force between the robotic and human operator can be separated from that in the environment. An adaptive optimal tracking controller based on robot velocity prediction error feedback is designed, in which an asymmetric time‐varying integral barrier Lyapunov function is used to deal with dynamic spatial constraints. Finally, stability analysis is provided, and the effectiveness is verified by experiments based on a 7‐degree‐of‐freedom Franka Panda robot.",2025,Asian Journal of Control,Yan Wei; Mingshuang Hao; Kehong Jin; Xinyi Yu; Linlin Ou,10.1002/asjc.70001,,https://doi.org/10.1002/asjc.70001,crossref,optimal control robot manipulation,anti_myopia,anti_thesis,,,robot manipulation; human robot interaction; optimal control robot manipulation,2026-06-12T15:07:36Z,21.950,25.950
doi:10.3389/fnbot.2024.1429952,An efficient grasping shared control architecture for unpredictable and unspecified tasks,"Robot control in complex and unpredictable scenarios presents challenges such as adaptability, robustness, and human-robot interaction. These scenarios often require robots to perform tasks that involve unknown objects in unstructured environments with high levels of uncertainty. Traditional control methods, such as automatic control, may not be suitable due to their limited adaptability and reliance on prior knowledge. Human-in-the-loop method faces issues such as insufficient feedback, increased failure rates due to noise and delays, and lack of operator immersion, preventing the achievement of human-level performance. This study proposed a shared control framework to achieve a trade-off between efficiency and adaptability by combing the advantages of both teleoperation and automatic control method. The proposed approach combines the advantages of both human and automatic control metho",2024,Frontiers in Neurorobotics,Shaowen Cheng; Yongbin Jin; Yanhong Liang; Lei Jiang; Hongtao Wang,10.3389/fnbot.2024.1429952,,https://doi.org/10.3389/fnbot.2024.1429952,crossref,analytical grasping,anti_myopia,anti_thesis,,2,teleoperation; human robot interaction; robustness; analytical grasping,2026-06-12T15:07:36Z,19.949,25.949
doi:10.1109/lra.2021.3064449,Toward Seamless Transitions Between Shared Control and Supervised Autonomy in Robotic Assistance,"Assistive robots aim to help humans with impairments execute motor tasks in everyday household environments. Controlling the end-effector of such robots directly, for instance with a joystick, is often cumbersome. Shared control methods, like Shared Control Templates (SCTs) [1], have therefore been proposed to provide support for robotic control. Moreover, depending on factors such as workload, system trust or engagement, users may like to freely adjust the level of autonomy, for instance by letting the robot complete a task by itself. In this letter, we present a concept for adjustable autonomy in the context of robotic assistance. We extend the SCT approach with an automatic control module that allows the user to switch between Shared Control and Supervised Autonomy at any time during task execution. As both support modes use the same action representation, transitions are seamless. We",2021,IEEE Robotics and Automation Letters,Samuel Bustamante; Gabriel Quere; Katharina Hagmann; Xuwei Wu; Peter Schmaus; Jörn Vogel; Freek Stulp; Daniel Leidner,10.1109/lra.2021.3064449,,https://doi.org/10.1109/lra.2021.3064449,openalex,energy based policy robotics,concept,ebm,,21,humanoid robot; assistive robot,2026-06-12T18:05:07Z,25.796,25.796
doi:10.1002/rob.21835,Shared autonomy for low‐cost underwater vehicles,"Abstract This field report presents an overview of the development and testing of a semi‐autonomous underwater vehicle (sAUV). The work presented here is aimed at bridging the gap between current remotely operated vehicles and autonomous research platforms by developing shared autonomy capabilities for low‐cost underwater vehicles. We use commercially available components and open‐source software interfaces to provide a wider range of capabilities for underwater autonomy research at a lower cost than previously available systems. We describe the overall structure of the system, discuss its capabilities, and provide results demonstrating system performance. We place particular emphasis on shared autonomy, where a human operator is assisted in controlling an underwater tethered vehicle. We present three capabilities developed for the sAUV: (a) an assisted control mode that provides a varia",2019,Journal of Field Robotics,Nicholas Lawrance; Robert DeBortoli; Dylan Jones; Seth McCammon; Lauren Milliken; Austin Nicolai; Thane Somers; Geoffrey Hollinger,10.1002/rob.21835,,https://doi.org/10.1002/rob.21835,crossref,neural radiance field robotics,concept,architecture,,12,neural radiance field robotics; limitation; deployment,2026-06-12T15:07:36Z,23.782,25.782
doi:10.1115/1.4039145,"A Review of Intent Detection, Arbitration, and Communication Aspects of Shared Control for Physical Human–Robot Interaction","As robotic devices are applied to problems beyond traditional manufacturing and industrial settings, we find that interaction between robots and humans, especially physical interaction, has become a fast developing field. Consider the application of robotics in healthcare, where we find telerobotic devices in the operating room facilitating dexterous surgical procedures, exoskeletons in the rehabilitation domain as walking aids and upper-limb movement assist devices, and even robotic limbs that are physically integrated with amputees who seek to restore their independence and mobility. In each of these scenarios, the physical coupling between human and robot, often termed physical human robot interaction (pHRI), facilitates new human performance capabilities and creates an opportunity to explore the sharing of task execution and control between humans and robots. In this review, we provi",2018,Applied Mechanics Reviews,Dylan P. Losey; Craig G. McDonald; Edoardo Battaglia; Marcia K. O’Malley,10.1115/1.4039145,,https://doi.org/10.1115/1.4039145,openalex,energy based model robot learning,concept,ebm,,373,human robot interaction,2026-06-12T18:05:07Z,25.612,25.612
doi:10.1145/3359614,Probabilistic Human Intent Recognition for Shared Autonomy in Assistive Robotics,"Effective human-robot collaboration in shared autonomy requires reasoning about the intentions of the human partner. To provide meaningful assistance, the autonomy has to first correctly predict, or infer, the intended goal of the human collaborator. In this work, we present a mathematical formulation for intent inference during assistive teleoperation under shared autonomy. Our recursive Bayesian filtering approach models and fuses multiple non-verbal observations to probabilistically reason about the intended goal of the user without explicit communication. In addition to contextual observations, we model and incorporate the human agent’s behavior as goal-directed actions with adjustable rationality to inform intent recognition. Furthermore, we introduce a user-customized optimization of this adjustable rationality to achieve user personalization. We validate our approach with a human ",2020,ACM Transactions on Human-Robot Interaction,Siddarth Jain; Brenna Argall,10.1145/3359614,,https://doi.org/10.1145/3359614,crossref,probabilistic robotics,anti_myopia,anti_thesis,,93,assistive robot; teleoperation; limitation; probabilistic robotics,2026-06-12T15:07:36Z,21.522,25.522
doi:10.3389/fnbot.2020.567571,Toward Shared Autonomy Control Schemes for Human-Robot Systems: Action Primitive Recognition Using Eye Gaze Features,"The functional independence of individuals with upper limb impairment could be enhanced by teleoperated robots that can assist with activities of daily living. However, robot control is not always intuitive for the operator. In this work, eye gaze was leveraged as a natural way to infer human intent and advance action recognition for shared autonomy control schemes. We introduced a classifier structure for recognizing low-level action primitives that incorporates novel three-dimensional gaze-related features. We defined an action primitive as a triplet comprised of a verb, target object, and hand object. A recurrent neural network was trained to recognize a verb and target object, and was tested on three different activities. For a representative activity (making a powdered drink), the average recognition accuracy was 77% for the verb and 83% for the target object. Using a non-specific a",2020,Frontiers in Neurorobotics,Xiaoyu Wang; Alireza Haji Fathaliyan; Veronica J. Santos,10.3389/fnbot.2020.567571,,https://doi.org/10.3389/fnbot.2020.567571,openalex,energy based policy robotics,concept,ebm,,14,latency,2026-06-12T18:05:07Z,25.404,25.404
doi:10.2139/ssrn.6770199,Human–Machine Shared Control Optimization base on Model Predictive Control Safety Layer and Deep Reinforcement Learning for Unknown Environments,"Intelligent navigation of mobile robots in unknown environments has become a key enabling technology for service and logistics applications. However, in unstructured scenarios, perception noise and environmental uncertainty can significantly degrade system performance, making it a major challenge to balance safety and efficiency. In this work, we proposes a Human–Machine Shared Control method with Model Predictive Control constraints (HMSC-MPC). HMSC-MPC establishes a confidence-driven human-machine shared control mechanism that maximizes collaborative efficiency by dynamically assessing the reliability of agent decisions to regulate control weights. Simultaneously, the method introduces a composite confidence evaluation model which, by fusing epistemic uncertainty with geometric feasibility, achieves a robust quantification of policy risk. To ensure safe execution, we develop a multi-tr",,,Zhiao Cheng; Qianqian Zhang; Zerui Li; Yun-Bo Zhao; Yu Kang,10.2139/ssrn.6770199,,https://doi.org/10.2139/ssrn.6770199,crossref,model predictive control robot learning,anti_myopia,control,,,model predictive control; robustness,2026-06-12T15:07:36Z,18.250,25.250
doi:10.1108/ir-10-2019-0217,Human–robot shared control for humanoid manipulator trajectory planning,"Purpose This paper aims to propose an intuitive shared control strategy to control a humanoid manipulator that can fully combine the advantages of humans and machines to produce a stronger intelligent form. Design/methodology/approach The working space of an operator’s arm and that of a manipulator are matched, and a genetic algorithm that limits the position of the manipulator’s elbow joint is used to find the optimal solution. Then, the mapping of the operator’s action to that of manipulators is realized. The controls of the human and robot are integrated. First, the current action of the operator is input. Second, the target object is predicted according to the maximum entropy hypothesis. Third, the joint angle of the manipulator is interpolated based on time. Finally, the confidence and weight of the current moment are calculated. Findings The modified weight adjustment method is the",2020,Industrial Robot: the international journal of robotics research and application,Yuanchao Zhu; Canjun Yang; Qianxiao Wei; Xin Wu; Wei Yang,10.1108/ir-10-2019-0217,,https://doi.org/10.1108/ir-10-2019-0217,crossref,robot world model failure planning,hostile,failure,,21,robot world model; robot world model failure,2026-06-12T15:07:36Z,21.196,25.196
doi:10.1515/pjbr-2019-0002,Autonomy in surgical robots and its meaningful human control,"Abstract This article focuses on ethical issues raised by increasing levels of autonomy for surgical robots. These ethical issues are explored mainly by reference to state-ofart case studies and imminent advances in Minimally Invasive Surgery (MIS) and Microsurgery. In both area, surgicalworkspace is limited and the required precision is high. For this reason, increasing levels of robotic autonomy can make a significant difference there, and ethically justified control sharing between humans and robots must be introduced. In particular, from a responsibility and accountability perspective suitable policies for theMeaningfulHuman Control (MHC) of increasingly autonomous surgical robots are proposed. It is highlighted how MHC should be modulated in accordance with various levels of autonomy for MIS and Microsurgery robots. Moreover, finer MHC distinctions are introduced to deal with contex",2018,Paladyn Journal of Behavioral Robotics,Fanny Ficuciello; Guglielmo Tamburrini; Alberto Arezzo; Luigi Villani; Bruno Siciliano,10.1515/pjbr-2019-0002,,https://doi.org/10.1515/pjbr-2019-0002,openalex,robotics,concept,openalex_bulk_robotics,,90,surgical robot,2026-06-12T18:57:17Z,24.905,24.905
doi:10.1145/3476412,Evaluating Human–Robot Interaction Algorithms in Shared Autonomy via Quality Diversity Scenario Generation,"The growth of scale and complexity of interactions between humans and robots highlights the need for new computational methods to automatically evaluate novel algorithms and applications. Exploring diverse scenarios of humans and robots interacting in simulation can improve understanding of the robotic system and avoid potentially costly failures in real-world settings. We formulate this problem as a quality diversity (QD) problem, of which the goal is to discover diverse failure scenarios by simultaneously exploring both environments and human actions. We focus on the shared autonomy domain, in which the robot attempts to infer the goal of a human operator, and adopt the QD algorithms CMA-ME and MAP-Elites to generate scenarios for two published algorithms in this domain: shared autonomy via hindsight optimization and linear policy blending. Some of the generated scenarios confirm previ",2022,ACM Transactions on Human-Robot Interaction,Matthew C. Fontaine; Stefanos Nikolaidis,10.1145/3476412,,https://doi.org/10.1145/3476412,crossref,learning robot manipulation from human video,concept,human_data,,14,robot manipulation; human robot interaction,2026-06-12T15:07:36Z,22.754,24.754
doi:10.1109/icetci57876.2023.10176869,Trajectory Planning of Autonomous Mobile Robot using Model Predictive Control in Human-Robot Shared Workspace,,2023,"2023 IEEE 3rd International Conference on Electronic Technology, Communication and Information (ICETCI)",Jieming Chen; Xiang Chen; Steven Liu,10.1109/icetci57876.2023.10176869,,https://doi.org/10.1109/icetci57876.2023.10176869,crossref,robot world model failure planning,hostile,failure,,2,robot world model; model predictive control; robot world model failure,2026-06-12T14:45:03Z,19.749,24.749
doi:10.36227/techrxiv.24018825,Experimental Evaluation of Model Predictive Mixed-Initiative Variable Autonomy Systems Applied to Human-Robot Teams,"This paper is accepted for the IEEE SMC 2023. Adjusting the level of autonomy in human-machine systems (e.g., human-robot systems) holds great potential for achieving high system performance while maintaining operator involvement. To support operators with the task of setting the proper level of autonomy, we present a novel approach to realise a Model Predictive Controller that determines the optimal LoA for each tessellation in the robot's path plan based on the estimated performance degradation due environmental adversities. We also report on an experimental evaluation of a mixed-initiative system where both the operator and the Model Predictive Controller are in charge of dynamically adjusting the level of autonomy cooperatively while performing a challenging navigational task with a mobile ground robot in a high-fidelity simulation. To this end, we conducted a user study with 15 part",,,Aniketh Ramesh; Christian Alexander Braun; Tianshu Ruan; Simon Rothfuß; Sören Hohmann; Rustam Stolkin; Manolis Chiou,10.36227/techrxiv.24018825,,https://doi.org/10.36227/techrxiv.24018825,crossref,model predictive control robot learning,anti_myopia,control,,,model predictive control,2026-06-12T15:07:36Z,19.600,24.600
doi:10.1109/lra.2023.3287039,The Impacts of Unreliable Autonomy in Human-Robot Collaboration on Shared and Supervisory Control for Remote Manipulation,,2023,IEEE Robotics and Automation Letters,Tsung-Chi Lin; Achyuthan Unni Krishnan; Zhi Li,10.1109/lra.2023.3287039,,https://doi.org/10.1109/lra.2023.3287039,crossref,robot world models manipulation,concept,world_models,,11,robot world model,2026-06-12T15:07:36Z,24.442,24.442
doi:10.1109/icra57147.2024.10610761,Shared Autonomy via Variable Impedance Control and Virtual Potential Fields for Encoding Human Demonstrations *,,2024,2024 IEEE International Conference on Robotics and Automation (ICRA),Shail Jadav; Johannes Heidersberger; Christian Ott; Dongheui Lee,10.1109/icra57147.2024.10610761,,https://doi.org/10.1109/icra57147.2024.10610761,crossref,robotics,concept,crossref_bulk_robotics,,7,impedance control; human demonstration,2026-06-12T19:29:26Z,24.440,24.440
doi:10.3389/frobt.2021.711388,Shared Control of a Powered Exoskeleton and Functional Electrical Stimulation Using Iterative Learning,"A hybrid exoskeleton comprising a powered exoskeleton and functional electrical stimulation (FES) is a promising technology for restoration of standing and walking functions after a neurological injury. Its shared control remains challenging due to the need to optimally distribute joint torques among FES and the powered exoskeleton while compensating for the FES-induced muscle fatigue and ensuring performance despite highly nonlinear and uncertain skeletal muscle behavior. This study develops a bi-level hierarchical control design for shared control of a powered exoskeleton and FES to overcome these challenges. A higher-level neural network–based iterative learning controller (NNILC) is derived to generate torques needed to drive the hybrid system. Then, a low-level model predictive control (MPC)-based allocation strategy optimally distributes the torque contributions between FES and the",2021,Frontiers in Robotics and AI,Vahidreza Molazadeh; Qiang Zhang; Xuefeng Bao; Brad E. Dicianno; Nitin Sharma,10.3389/frobt.2021.711388,,https://doi.org/10.3389/frobt.2021.711388,crossref,control barrier functions robot learning,anti_myopia,control,,19,control barrier function; model predictive control,2026-06-12T15:07:36Z,20.298,24.298
doi:10.1142/s021984361850010x,Modeling and Path-Following Control of a Wheelchair in Human-Shared Environments,"This work presents the kinematic and dynamic modeling of a human–wheelchair system which considers that its center of mass is not located in the middle of the wheel’s axle. Furthermore, a novel motion controller is presented for a human–wheelchair system, which is capable of performing positioning and path-following tasks in human-shared environments. This controller design is based on two cascaded subsystems: a kinematic controller, and a dynamic controller that compensates the dynamics of the human–wheelchair system. Additionally, an algorithm based on fuzzy-logic is proposed and incorporated in the aforementioned path-following control for pedestrian collision avoidance. This methodology considers to quantify heuristics social rules to make a balance between modulating velocity or direction during the avoidance. Three different interference cases, commonly found during walking events,",2018,International Journal of Humanoid Robotics,Daniel Herrera; Flavio Roberti; Ricardo Carelli; Victor Andaluz; José Varela; Jessica Ortiz; Paúl Canseco,10.1142/s021984361850010x,,https://doi.org/10.1142/s021984361850010x,crossref,EBM transformer robotics humanoid robot,concept,architecture_x_embodiment,,11,EBM transformer robotics; humanoid robot,2026-06-12T15:07:36Z,24.192,24.192
doi:10.1115/dscc2017-5071,Optimal Control of a Hydrostatic Wind Turbine Drivetrain for Efficiency Improvements,"To increase productivity of a wind power plant, the overall loss of its drivetrain should be minimized. For hydrostatic transmission wind turbine (HTSWT), aerodynamic efficiency of the rotor and the hydrostatic efficiency of pump and motor determine the overall loss. In this study, optimal control theory is utilized to develop a control law that minimizes the overall loss. A nonlinear model is considered for the drivetrain and a performance index (PI) is defined for the overall loss subject to system constraints which were then used to derive the optimal control law based on Pontryagin Minimum Principle (PMP),. Simulation results verified that the controller was able to maximize the drive-train efficiency. At very low wind speed, a trade-off is observed between aerodynamic and hydrostatic efficiency. For higher wind speed where the hydrostatic efficiency asymptotically reaches its maximu",2017,"Volume 1: Aerospace Applications; Advances in Control Design Methods; Bio Engineering Applications; Advances in Non-Linear Control; Adaptive and Intelligent Systems Control; Advances in Wind Energy Systems; Advances in Robotics; Assistive and Rehabilitation Robotics; Biomedical and Neural Systems Modeling, Diagnostics, and Control; Bio-Mechatronics and Physical Human Robot; Advanced Driver Assistance Systems and Autonomous Vehicles; Automotive Systems",Majid Deldar; Sohel Anwar,10.1115/dscc2017-5071,,https://doi.org/10.1115/dscc2017-5071,crossref,hybrid systems robot control manipulation,anti_myopia,control,,3,hybrid systems,2026-06-12T15:07:36Z,20.043,24.043
doi:10.1115/dscc2015-9841,Dynamic Affection-Based Motion Control of a Humanoid Robot to Collaborate With Human in Flexible Assembly in Manufacturing,"This article presents a hybrid cell for human-robot collaboration (HRC) in flexible light assembly in manufacturing and investigates the effects of the robot’s dynamic affections on human-robot interactions (HRI) and assembly performance. We develop a one human-one robot hybrid cell using a humanoid robot with affection display ability where the human and the robot collaborate to assemble few parts into a final product. Based on an optimization strategy, the assembly subtasks are optimally allocated between the human and the robot. We determine a computational dynamics model of the robot’s affections for various situations associated with the assembly. Taking inspiration from the affection dynamics, we develop an affection-based motion control strategy for the robot so that the robot can dynamically adjust its affective expressions with task situations. We develop a comprehensive evaluat",2015,"Volume 3: Multiagent Network Systems; Natural Gas and Heat Exchangers; Path Planning and Motion Control; Powertrain Systems; Rehab Robotics; Robot Manipulators; Rollover Prevention (AVS); Sensors and Actuators; Time Delay Systems; Tracking Control Systems; Uncertain Systems and Robustness; Unmanned, Ground and Surface Robotics; Vehicle Dynamics Control; Vibration and Control of Smart Structures/Mech Systems; Vibration Issues in Mechanical Systems",S. M. Mizanoor Rahman; Yue Wang,10.1115/dscc2015-9841,,https://doi.org/10.1115/dscc2015-9841,crossref,task and motion planning robotics,anti_myopia,classic,,16,humanoid robot; motion planning; task and motion planning; human robot interaction,2026-06-12T15:07:36Z,19.017,24.017
doi:10.1109/cdc45484.2021.9682961,A Barrier Pair Method for Safe Human-Robot Shared Autonomy,,2021,2021 60th IEEE Conference on Decision and Control (CDC),Binghan He; Mahsa Ghasemi; Ufuk Topcu; Luis Sentis,10.1109/cdc45484.2021.9682961,,https://doi.org/10.1109/cdc45484.2021.9682961,crossref,control barrier functions robot learning,anti_myopia,control,,2,control barrier function,2026-06-12T15:07:36Z,20.949,23.949
doi:10.1016/j.rcim.2024.102876,A corrective shared control architecture for human–robot collaborative polishing tasks,"Human–robot collaborative polishing can integrate the capabilities of humans and automation to deal with complex polishing tasks. Traditional impedance-control-based human–robot collaboration (HRC) requires operators to physically interact with robots for a good polishing performance, which brings unsafety to operators. To address this issue, a corrective shared control architecture using haptic feedback is proposed in this paper, where the direct force-reflection is used to guarantee the exact human-intention intervention. The proposed control architecture is designed with two layers: (i) the transparency layer in which the direct force-reflection and the human–robot collaborative polishing strategy are implemented; (ii) the passivity layer in which two energy tanks are designed and endowed with master and slave sides and a coupling energy scaling policy is employed to guarantee the pas",2024,Robotics and Computer-Integrated Manufacturing,Hao Zhou; Xin Zhang; Jinguo Liu,10.1016/j.rcim.2024.102876,,https://doi.org/10.1016/j.rcim.2024.102876,openalex,energy based policy robotics,concept,ebm,,7,impedance control,2026-06-12T18:05:07Z,22.890,23.890
doi:10.1017/s0263574717000510,Obstacle avoidance control of a human-in-the-loop mobile robot system using harmonic potential fields,"SUMMARY This paper considers applications where a human agent is navigating a semi-autonomous mobile robot in an environment with obstacles. The human input to the robot can be based on a desired navigation objective, which may not be known to the robot. Additionally, the semi-autonomous robot can be programmed to ensure obstacle avoidance as it navigates the environment. A shared control architecture can be used to appropriately fuse the human and the autonomy inputs to obtain a net control input that drives the robot. In this paper, an adaptive, near-continuous control allocation function is included in the shared controller, which continuously varies the control effort exerted by the human and the autonomy based on the position of the robot relative to obstacles. The developed control allocation function facilitates the human to freely navigate the robot when away from obstacles, and ",2017,Robotica,C. Ton; Zhen Kan; S. S. Mehta,10.1017/s0263574717000510,,https://doi.org/10.1017/s0263574717000510,openalex,robotics,concept,openalex_bulk_robotics,,25,,2026-06-12T18:57:17Z,23.779,23.779
doi:10.1109/tro.2016.2581216,Goal Set Inverse Optimal Control and Iterative Replanning for Predicting Human Reaching Motions in Shared Workspaces,,2016,IEEE Transactions on Robotics,Jim Mainprice; Rafi Hayne; Dmitry Berenson,10.1109/tro.2016.2581216,,https://doi.org/10.1109/tro.2016.2581216,crossref,optimal control robot manipulation,anti_myopia,anti_thesis,,103,robot manipulation; optimal control robot manipulation,2026-06-12T15:07:36Z,19.722,23.722
doi:10.1016/j.robot.2019.01.020,Data-driven human driver lateral control models for developing haptic-shared control advanced driver assist systems,,2019,Robotics and Autonomous Systems,Kazuhide Okamoto; Panagiotis Tsiotras,10.1016/j.robot.2019.01.020,,https://doi.org/10.1016/j.robot.2019.01.020,crossref,classical control robotics,anti_myopia,anti_thesis,,30,classical control robotics,2026-06-12T15:07:36Z,19.717,23.717
doi:10.1109/icra46639.2022.9811360,CATs: Task Planning for Shared Control of Assistive Robots with Variable Autonomy,,2022,2022 International Conference on Robotics and Automation (ICRA),Samuel Bustamante; Gabriel Quere; Daniel Leidner; Jorn Vogel; Freek Stulp,10.1109/icra46639.2022.9811360,,https://doi.org/10.1109/icra46639.2022.9811360,crossref,task and motion planning robotics,anti_myopia,classic,,7,assistive robot; motion planning; task and motion planning,2026-06-12T15:07:36Z,19.640,23.640
doi:10.1016/j.robot.2023.104555,Shared autonomy and positive power control for powered exoskeletons,,2024,Robotics and Autonomous Systems,Benjamin Beiter; Divya Srinivasan; Alexander Leonessa,10.1016/j.robot.2023.104555,,https://doi.org/10.1016/j.robot.2023.104555,crossref,classical control robotics,anti_myopia,anti_thesis,,2,classical control robotics,2026-06-12T15:07:36Z,19.549,23.549
doi:10.1109/roman.2012.6343867,Human-machine interaction as key technology for driverless driving - A trajectory-based shared autonomy control approach,,2012,2012 IEEE RO-MAN: The 21st IEEE International Symposium on Robot and Human Interactive Communication,S. Gnatzig; F. Schuller; M. Lienkamp,10.1109/roman.2012.6343867,,https://doi.org/10.1109/roman.2012.6343867,crossref,interactive robot learning human feedback,concept,hri,,44,,2026-06-12T15:07:36Z,23.503,23.503
doi:10.1109/jas.2017.7510760,Cyber-physical-social system between a humanoid robot and a virtual human through a shared platform for adaptive agent ecology,"Two artificial agents (a humanoid robot and a virtual human) are enriched with various similar intelligence, autonomy, functionalities and interaction modalities. The agents are integrated in the form of a cyber-physical-social system (CPSS) through a shared communication platform to create a social ecology. In the ecology, the agents collaborate (assist each other) to perform a real-world task (search for a hidden object) for the benefits of humans. A robot-virtual human bilateral trust model is derived and a real-time trust measurement method is developed. The role of taking initiative in the collaboration is switched between the agents following a finite state machine model triggered by bilateral trust, which results in a mixedinitiative collaboration. A scheme is developed to evaluate the performance of the agents in the ecology through the CPSS. The results show that the robot and t",2017,IEEE/CAA Journal of Automatica Sinica,S. M. Mizanoor Rahman,10.1109/jas.2017.7510760,,https://doi.org/10.1109/jas.2017.7510760,openalex,robotics,concept,openalex_bulk_robotics,,56,humanoid robot,2026-06-12T18:57:17Z,22.472,23.472
doi:10.31763/ijrcs.v5i2.1844,Strategic Chess Algorithm-Based PI Controller Optimization for Load Frequency Control in Two-Area Hybrid Photovoltaic–Thermal Power Systems,"Maintaining frequency stability in hybrid renewable-integrated power systems remains a critical challenge due to the inherent variability and uncertainty of photovoltaic–thermal (PV–T) energy sources. Traditional proportional–integral (PI) controllers, optimized using conventional metaheuristic algorithms such as the Whale Optimization Algorithm (WOA), Firefly Algorithm (FA), and Salp Swarm Algorithm (SSA), often suffer from limitations including slow convergence, premature convergence to local optima, and reduced robustness under severe load disturbances. The research contribution is the development and systematic evaluation of a chess algorithm (CA)-based PI controller tuning approach for enhancing load frequency control (LFC) in hybrid PV–T systems. Unlike population-based methods, the CA employs chess-inspired strategic decision-making processes, which improve the search efficiency a",2025,International Journal of Robotics and Control Systems,Jagraphon Obma; Sitthisak Audomsi; Kittipong Ardhan; Worawat Sa-Ngiamvibool; Natpapha Chansom,10.31763/ijrcs.v5i2.1844,,https://doi.org/10.31763/ijrcs.v5i2.1844,crossref,classical control robotics,anti_myopia,anti_thesis,,2,limitation; robustness; classical control robotics,2026-06-12T15:07:36Z,15.449,23.449
arxiv:2310.05865v3,A Learning-Based Framework for Safe Human-Robot Collaboration with Multiple Backup Control Barrier Functions,"Ensuring robot safety in complex environments is a difficult task due to actuation limits, such as torque bounds. This paper presents a safety-critical control framework that leverages learning-based switching between multiple backup controllers to formally guarantee safety under bounded control inputs while satisfying driver intention. By leveraging backup controllers designed to uphold safety and input constraints, backup control barrier functions (BCBFs) construct implicitly defined control invariance sets via a feasible quadratic program (QP). However, BCBF performance largely depends on the design and conservativeness of the chosen backup controller, especially in our setting of human-driven vehicles in complex, e.g, off-road, conditions. While conservativeness can be reduced by using multiple backup controllers, determining when to switch is an open problem. Consequently, we develo",2023,arXiv,Neil C. Janwani; Ersin Daş; Thomas Touma; Skylar X. Wei; Tamas G. Molnar; Joel W. Burdick,,2310.05865v3,http://arxiv.org/abs/2310.05865v3,arxiv,classical control robotics,anti_myopia,anti_thesis,,,control barrier function; human robot interaction; classical control robotics,2026-06-12T15:07:36Z,19.400,23.400
doi:10.1109/tase.2023.3320873,Adaptive Safety-Critical Control With Uncertainty Estimation for Human–Robot Collaboration,"In advanced manufacturing, strict safety guarantees are required to allow humans and robots to work together in a shared workspace. One of the challenges in this application field is the variety and unpredictability of human behavior, leading to potential dangers for human coworkers. This paper presents a novel control framework by adopting safety-critical control and uncertainty estimation for human-robot collaboration. Additionally, to select the shortest path during collaboration, a novel quadratic penalty method is presented. The innovation of the proposed approach is that the proposed controller will prevent the robot from violating any safety constraints even in cases where humans move accidentally in a collaboration task. This is implemented by the combination of a time-varying integral barrier Lyapunov function (TVIBLF) and an adaptive exponential control barrier function (AECBF)",2023,IEEE Transactions on Automation Science and Engineering,Dianhao Zhang; Mien Van; Stephen Mcllvanna; Yuzhu Sun; Seán McLoone,10.1109/tase.2023.3320873,,https://doi.org/10.1109/tase.2023.3320873,openalex,robotics,concept,openalex_bulk_robotics,,15,safety constraint; control barrier function,2026-06-12T18:57:17Z,22.386,23.386
doi:10.20944/preprints202604.2037.v1,Robots That Last: Long-Horizon Robotics Should Optimize Persistent Autonomy,"This position paper argues that long-horizon robotics should optimize persistent autonomy, not only longer reset-based episodes. Real deployments require robots that remain safely useful over days to months while accumulating memory, adapting to evolving human preferences, recovering from inevitable failures, and managing constrained physical and computational resources. Many embodied AI evaluations still inherit the logic of episodic reinforcement learning---where environments are frequently reset and hidden human labor is often unreported---but continuous operation exposes vulnerabilities in state continuity, resource coupling, recovery, and maintenance. Although long-term autonomy is not conceptually new, recent progress in generalist robot policies, open robot datasets, and language-conditioned control makes persistence a primary machine-learning evaluation target rather than a defer",,,Chaoyue He; Xin Zhou; Di Wang; Hong Xu; Wei Liu; Chunyan Miao,10.20944/preprints202604.2037.v1,,https://doi.org/10.20944/preprints202604.2037.v1,crossref,robotics,concept,crossref_bulk_robotics,,,benchmark; deployment; long horizon,2026-06-12T19:29:26Z,19.350,23.350
doi:10.1109/icrom54204.2021.9663515,Human-Robot Interaction Control using a Sliding Mode Controller with Disturbance Observer,,2021,2021 9th RSI International Conference on Robotics and Mechatronics (ICRoM),Mostafa Mogharabi; Iman Kardan; Aliraza Akbarzadeh,10.1109/icrom54204.2021.9663515,,https://doi.org/10.1109/icrom54204.2021.9663515,crossref,robot foundation model failure mode,hostile,failure,,2,robot foundation model; human robot interaction; failure mode,2026-06-12T15:07:36Z,19.349,23.349
doi:10.1017/s0263574714000356,Kinematic modeling and control for human-robot cooperation considering different interaction roles,"SUMMARY This paper presents a novel approach for the description of physical human-robot interaction (pHRI) tasks that involve two-arm coordination, and where tasks are described by the relative pose between the human hand and the robot hand. We develop a unified kinematic model that takes into account the human-robot system from a holistic point of view, and we also propose a kinematic control strategy for pHRI that comprises different levels of shared autonomy. Since the kinematic model takes into account the complete human-robot interaction system and the kinematic control law is closed loop at the interaction level, the kinematic constraints of the task are enforced during its execution. Experiments are performed in order to validate the proposed approach, including a particular case where the robot controls the human arm by means of functional electrical stimulation (FES), which may",2014,Robotica,Bruno Vilhena Adorno; Antônio Padilha Lanari Bó; Philippe Fraisse,10.1017/s0263574714000356,,https://doi.org/10.1017/s0263574714000356,openalex,robotics,concept,openalex_bulk_robotics,,21,robot hand; human robot interaction,2026-06-12T18:57:17Z,23.296,23.296
doi:10.1017/s0263574722000698,Trajectory planning and control of multiple mobile robot using hybrid MKH-fuzzy logic controller,"Abstract Robotics with artificial intelligence techniques have been the center of attraction among researchers as it is well equipped in the area of human intervention. Here, the krill herd (KH) optimization algorithm is modified and hybridized with a fuzzy logic controller to frame an intelligent controller for optimal trajectory planning and control of mobile robots in obscure environments. The controller is demonstrated for single and multiple robot’s trajectory planning. A Petri-net controller has also been added to avoid conflict situations in multi-robot navigation. MATLAB and V-REP software are used to simulate the work, backed with real-time experiments under laboratory conditions. The robots efficiently achieved the goals by tracing an optimal path without any collision. Trajectory length and time spent during navigation are recorded, and a good agreement between the results is ",2022,Robotica,Saroj Kumar; Dayal R. Parhi,10.1017/s0263574722000698,,https://doi.org/10.1017/s0263574722000698,crossref,hybrid systems robot control manipulation,anti_myopia,control,,12,hybrid systems,2026-06-12T15:07:36Z,20.282,23.282
doi:10.3389/frobt.2024.1323980,Meaningful human control and variable autonomy in human-robot teams for firefighting,"Introduction: Humans and robots are increasingly collaborating on complex tasks such as firefighting. As robots are becoming more autonomous, collaboration in human-robot teams should be combined with meaningful human control. Variable autonomy approaches can ensure meaningful human control over robots by satisfying accountability, responsibility, and transparency. To verify whether variable autonomy approaches truly ensure meaningful human control, the concept should be operationalized to allow its measurement. So far, designers of variable autonomy approaches lack metrics to systematically address meaningful human control. Methods: Therefore, this qualitative focus group ( n = 5 experts) explored quantitative operationalizations of meaningful human control during dynamic task allocation using variable autonomy in human-robot teams for firefighting. This variable autonomy approach requi",2024,Frontiers in Robotics and AI,Ruben Verhagen; Mark A. Neerincx; Myrthe L. Tielman,10.3389/frobt.2024.1323980,,https://doi.org/10.3389/frobt.2024.1323980,openalex,robotics,concept,openalex_bulk_robotics,,15,,2026-06-12T18:57:17Z,23.236,23.236
doi:10.1109/lra.2021.3100603,Autonomy in Physical Human-Robot Interaction: A Brief Survey,"Sharing the control of a robotic system with an autonomous controller allows a human to reduce his/her cognitive and physical workload during the execution of a task. In recent years, the development of inference and learning techniques has widened the spectrum of applications of shared control (SC) approaches, leading to robotic systems that are capable of seamless adaptation of their autonomy level. In this perspective, shared autonomy (SA) can be defined as the design paradigm that enables this adapting behavior of the robotic system. This letter collects the latest results achieved by the research community in the field of SC and SA with special emphasis on physical human-robot interaction (pHRI). Architectures and methods developed for SC and SA are discussed throughout the letter, highlighting the key aspects of each methodology. A discussion about open issues concludes this letter",2021,IEEE Robotics and Automation Letters,Mario Selvaggio; Marco Cognetti; Stefanos Nikolaidis; Serena Ivaldi; Bruno Siciliano,10.1109/lra.2021.3100603,,https://doi.org/10.1109/lra.2021.3100603,openalex,robotics,concept,openalex_bulk_robotics,,190,human robot interaction,2026-06-12T18:57:17Z,23.226,23.226
doi:10.1109/icra48891.2023.10161228,WE-Filter: Adaptive Acceptance Criteria for Filter-based Shared Autonomy,"Filter-based shared control aims to accept and augment an operator's ability to control a robot. Current solutions accept actions based on their direction aligning with the robot's optimal policy. These strategies reject a human's small corrective actions if they conflict with the robot's direction and accept too aggressive actions as long as they are consistent with the robot's direction. Such strategies may cause task failures and the operator's feeling of loss of control. To close the gap, we propose WE-Filter, which has flexible, adaptive criteria allowing the operator's small corrective actions and tempering too aggressive ones. Inspired by classical work-energy impact problems between two dynamic, interactive bodies, both inputs' properties (direction and magnitude) are inherently considered, creating intuitive, adaptive bounds to accept sensible actions. The model identifies behav",2023,,Michael Bowman; Xiaoli Zhang,10.1109/icra48891.2023.10161228,,https://doi.org/10.1109/icra48891.2023.10161228,openalex,energy based policy robotics,concept,ebm,,2,,2026-06-12T18:43:24Z,21.199,23.199
doi:10.1109/tcyb.2021.3107357,Adaptive-Constrained Impedance Control for Human–Robot Co-Transportation,"Human-robot co-transportation allows for a human and a robot to perform an object transportation task cooperatively on a shared environment. This range of applications raises a great number of theoretical and practical challenges arising mainly from the unknown human-robot interaction model as well as from the difficulty of accurately model the robot dynamics. In this article, an adaptive impedance controller for human-robot co-transportation is put forward in task space. Vision and force sensing are employed to obtain the human hand position, and to measure the interaction force between the human and the robot. Using the latest developments in nonlinear control theory, we propose a robot end-effector controller to track the motion of the human partner under actuators' input constraints, unknown initial conditions, and unknown robot dynamics. The proposed adaptive impedance control algor",2021,IEEE Transactions on Cybernetics,Xinbo Yu; Bin Li; Wei He; Yanghe Feng; Long Cheng; Carlos Silvestre,10.1109/tcyb.2021.3107357,,https://doi.org/10.1109/tcyb.2021.3107357,openalex,robotics,concept,openalex_bulk_robotics,,173,impedance control; human robot interaction,2026-06-12T18:57:17Z,23.180,23.180
doi:10.1007/978-3-319-74666-1_12,Collaborative Autonomy Between High-Level Behaviors and Human Operators for Control of Complex Tasks with Different Humanoid Robots,,2018,Springer Tracts in Advanced Robotics The DARPA Robotics Challenge Finals: Humanoid Robots To The Rescue,David C. Conner; Stefan Kohlbrecher; Philipp Schillinger; Alberto Romay; Alexander Stumpf; Spyros Maniatopoulos; Hadas Kress-Gazit; Oskar von Stryk,10.1007/978-3-319-74666-1_12,,https://doi.org/10.1007/978-3-319-74666-1_12,crossref,EBM transformer robotics humanoid robot,concept,architecture_x_embodiment,,6,EBM transformer robotics; humanoid robot,2026-06-12T15:07:36Z,23.173,23.173
doi:10.1080/01691864.2020.1730238,Preliminary study of a separative shared control scheme focusing on control-authority and attention allocation for multi-limb disaster response robots,,2020,Advanced Robotics,Mitsuhiro Kamezaki; Takahiro Katano; Kui Chen; Tatsuzo Ishida; Shigeki Sugano,10.1080/01691864.2020.1730238,,https://doi.org/10.1080/01691864.2020.1730238,crossref,classical control robotics,anti_myopia,anti_thesis,,6,classical control robotics,2026-06-12T15:07:36Z,19.173,23.173
doi:10.18196/jrc.v5i1.20519,Adaptive Cruise Control of the Autonomous Vehicle Based on Sliding Mode Controller Using Arduino and Ultrasonic Sensor,"This article will focus on adaptive cruise control in autonomous automobiles. The adaptive cruise control inputs are the safety distance which determines thanks to conditions set depending on the distance value, the measured distance, the longitudinal speed of the autonomous automobile itself, the output is the desired acceleration. The objective is to follow the vehicles in front with safety, according to the distance measured by the ultrasonic sensor, and maintain a distance between the vehicles in front greater than the safety distance which we have determined. For this, we used super twisting sliding mode controller (STSMC) and non-singular terminal sliding mode controller (NTSMC) based on neural network applied to the adaptive cruise control system. The neural network is able to approximate the exponential reaching law term parameter of the NTSMC controller to compensate for uncerta",2024,Journal of Robotics and Control (JRC),Rachid Alika; El Mehdi Mellouli; El Houssaine Tissir,10.18196/jrc.v5i1.20519,,https://doi.org/10.18196/jrc.v5i1.20519,crossref,classical control robotics,anti_myopia,anti_thesis,,8,robustness; classical control robotics,2026-06-12T15:07:36Z,18.149,23.149
doi:10.2166/hydro.2025.300,Stochastic model predictive control of an irrigation canal with integrated performance-driven path planning of a measurement robot,"ABSTRACT This work proposes a stochastic model predictive control for an irrigation canal with uncertainties where a moving robot takes measurements across the canal considering criteria such as the robot’s velocity, energy consumption, and distances between the measuring spots. Tightened constraints are applied over the prediction horizon to the optimization so that the controller selects the optimal route for the robot from a control viewpoint. The simulations compare three different approaches, demonstrating that the proposed technique achieves superior results by reducing constraints violations and operational costs and ensuring more precise and reliable water level management across the canal compared to other methods.",2025,Journal of Hydroinformatics,Roza Ranjbar; Javier G. Martin; Jose M. Maestre; Lucien Etienne; Eric Duviella; Eduardo F. Camacho,10.2166/hydro.2025.300,,https://doi.org/10.2166/hydro.2025.300,crossref,robot world model failure planning,hostile,failure,,8,robot world model; model predictive control; robot world model failure,2026-06-12T15:07:36Z,18.099,23.099
doi:10.1109/toh.2020.2969662,Caring About the Human Operator: Haptic Shared Control for Enhanced User Comfort in Robotic Telemanipulation,"Haptic shared control enables a human operator and an autonomous controller to share the control of a robotic system using haptic active constraints. It has been used in robotic teleoperation for different purposes, such as navigating along paths minimizing the torques requested to the manipulator or avoiding possibly dangerous areas of the workspace. However, few works have focused on using these ideas to account for the user's comfort. In this article, we present an innovative haptic-enabled shared control approach aimed at minimizing the user's workload during a teleoperated manipulation task. Using an inverse kinematic model of the human arm and the rapid upper limb assessment (RULA) metric, the proposed approach estimates the current user's comfort online. From this measure and an a priori knowledge of the task, we then generate dynamic active constraints guiding the users towards a",2020,IEEE Transactions on Haptics,Rahaf Rahal; Giulia Matarese; Marco Gabiccini; Alessio Artoni; Domenico Prattichizzo; Paolo Robuffo Giordano; Claudio Pacchierotti,10.1109/toh.2020.2969662,,https://doi.org/10.1109/toh.2020.2969662,openalex,robotics,concept,openalex_bulk_robotics,,59,teleoperation,2026-06-12T18:57:17Z,23.097,23.097
doi:10.3390/robotics11030061,Teleoperation Control of an Underactuated Bionic Hand: Comparison between Wearable and Vision-Tracking-Based Methods,"Bionic hands have been employed in a wide range of applications, including prosthetics, robotic grasping, and human–robot interaction. However, considering the underactuated and nonlinear characteristics, as well as the mechanical structure’s backlash, achieving natural and intuitive teleoperation control of an underactuated bionic hand remains a critical issue. In this paper, the teleoperation control of an underactuated bionic hand using wearable and vision-tracking system-based methods is investigated. Firstly, the nonlinear behaviour of the bionic hand is observed and the kinematics model is formulated. Then, the wearable-glove-based and the vision-tracking-based teleoperation control frameworks are implemented, respectively. Furthermore, experiments are conducted to demonstrate the feasibility and performance of these two methods in terms of accuracy in both static and dynamic scena",2022,Robotics,Junling Fu; Massimiliano Poletti; Qingsheng Liu; Elisa Iovene; Hang Su; Giancarlo Ferrigno; Elena De Momi,10.3390/robotics11030061,,https://doi.org/10.3390/robotics11030061,crossref,vision language action model limitation robotics,hostile,failure,,14,vision language action model; teleoperation; human robot interaction; limitation,2026-06-12T15:07:36Z,18.054,23.054
doi:10.3389/fnhum.2025.1718713,Levels of shared autonomy in brain-robot interfaces: enabling multi-robot multi-human collaboration for activities of daily living,"Individuals with ALS and other severe motor impairments often rely on caregivers for daily tasks, which limits their independence and sense of control. Brain-robot interfaces (BRIs) have the potential to restore autonomy, but many existing systems are task-specific and highly automated, which reduces the users' sense of empowerment and limits opportunities to exercise autonomy. In particular, shared autonomy approaches hold promise for overcoming current BRI limitations, by balancing user control with increased robot capabilities. In this work, we introduce a collaborative BRI that integrates non-invasive EEG, EMG, and eye tracking to enable multi-user, multi-robot interaction in a shared kitchen environment with mobile manipulators. Our system modulates assistance through three levels of autonomy—Assisted Teleoperation, Shared Autonomy, and Full Automation—allowing users to retain meani",2026,Frontiers in Human Neuroscience,Hannah Douglas; Marina Di Vincenzo; Rousslan Fernand Julien Dossa; Luca Nunziante; Shivakanth Sujit; Kai Arulkumaran,10.3389/fnhum.2025.1718713,,https://doi.org/10.3389/fnhum.2025.1718713,crossref,Gaussian splatting robot perception multi robot system,concept,architecture_x_embodiment,,1,Gaussian splatting robot perception; multi robot system; teleoperation; limitation,2026-06-12T15:07:36Z,21.997,22.997
doi:10.23919/acc60939.2024.10644297,Safe Optimal Interactions Between Automated and Human-Driven Vehicles in Mixed Traffic with Event-Triggered Control Barrier Functions,,2024,2024 American Control Conference (ACC),Anni Li; Christos G. Cassandras; Wei Xiao,10.23919/acc60939.2024.10644297,,https://doi.org/10.23919/acc60939.2024.10644297,crossref,control barrier functions robot learning,anti_myopia,control,,6,control barrier function,2026-06-12T15:07:36Z,19.973,22.973
doi:10.1109/icra57147.2024.10610956,A probabilistic approach for learning and adapting shared control skills with the human in the loop,,2024,2024 IEEE International Conference on Robotics and Automation (ICRA),Gabriel Quere; Freek Stulp; David Filliat; João Silvério,10.1109/icra57147.2024.10610956,,https://doi.org/10.1109/icra57147.2024.10610956,crossref,probabilistic robotics,anti_myopia,anti_thesis,,6,probabilistic robotics,2026-06-12T15:07:36Z,19.973,22.973
doi:10.1115/dscc2018-9194,The Effects of Switching Time on Shared Human-Robot Control,"In human-robot shared control, control authority is shared between human operators and automatic systems. Switching from one state to another can make the overall system unstable, even though the stability in each state is guaranteed. This issue is investigated in simulation using a Lane Keeping Assist System (LKAS), which guides a vehicle along a lane, while allowing lane changes, if desired by the human. An interface allows a human to input a steering control signal with a joystick and provides visual feedback of lane-position. The total steering command is the combination of the LKAS control signal and the human steering input. System performance is explored as the vehicle switches among different levels of cooperation between the human and the automatic driving system. The minimum time permitted between lane changes is an important parameter. As this time is decreased, user intent an",2018,"Volume 1: Advances in Control Design Methods; Advances in Nonlinear Control; Advances in Robotics; Assistive and Rehabilitation Robotics; Automotive Dynamics and Emerging Powertrain Technologies; Automotive Systems; Bio Engineering Applications; Bio-Mechatronics and Physical Human Robot Interaction; Biomedical and Neural Systems; Biomedical and Neural Systems Modeling, Diagnostics, and Healthcare",Roberto Belotti; Karl von Ellenrieder,10.1115/dscc2018-9194,,https://doi.org/10.1115/dscc2018-9194,crossref,neural simulator robotics,concept,architecture,,,neural simulator robotics,2026-06-12T15:07:36Z,22.950,22.950
doi:10.1109/iros.2011.6094601,Human-in-the-loop: MPC for shared control of a quadruped rescue robot,"In this paper, we present a control theoretic formulation for composing human control inputs with an automatic controller for shared control of a quadruped rescue robot. The formulation utilizes a model predictive controller to guide human controlled leg positions to satisfy state constraints that correspond to static stability for the robot. A hybrid control architecture that incorporates the model predictive controller is developed to implement a gait that guarantees stable foot-placements for the robot. The algorithm is applied to a simulation of a quadruped rescue robot with human input provided through haptic joysticks.",2011,2011 IEEE/RSJ International Conference on Intelligent Robots and Systems,Rahul Chipalkatty; Hannes G. Daepp; Magnus Egerstedt; Wayne J. Book,10.1109/iros.2011.6094601,,https://doi.org/10.1109/iros.2011.6094601,openalex,robotics,concept,openalex_bulk_robotics,,39,model predictive control,2026-06-12T18:57:17Z,21.894,22.894
doi:10.3390/s111009839,A Multi-Sensorial Hybrid Control for Robotic Manipulation in Human-Robot Workspaces,"Autonomous manipulation in semi-structured environments where human operators can interact is an increasingly common task in robotic applications. This paper describes an intelligent multi-sensorial approach that solves this issue by providing a multi-robotic platform with a high degree of autonomy and the capability to perform complex tasks. The proposed sensorial system is composed of a hybrid visual servo control to efficiently guide the robot towards the object to be manipulated, an inertial motion capture system and an indoor localization system to avoid possible collisions between human operators and robots working in the same workspace, and a tactile sensor algorithm to correctly manipulate the object. The proposed controller employs the whole multi-sensorial system and combines the measurements of each one of the used sensors during two different phases considered in the robot ta",2011,Sensors,Jorge Pomares; Ivan Perea; Gabriel J. García; Carlos A. Jara; Juan A. Corrales; Fernando Torres,10.3390/s111009839,,https://doi.org/10.3390/s111009839,crossref,robot world models manipulation,concept,world_models,,9,robot world model,2026-06-12T15:07:36Z,22.851,22.851
arxiv:2512.00797v1,Transforming Monolithic Foundation Models into Embodied Multi-Agent Architectures for Human-Robot Collaboration,"Foundation models have become central to unifying perception and planning in robotics, yet real-world deployment exposes a mismatch between their monolithic assumption that a single model can handle all cognitive functions and the distributed, dynamic nature of practical service workflows. Vision-language models offer strong semantic understanding but lack embodiment-aware action capabilities while relying on hand-crafted skills. Vision-Language-Action policies enable reactive manipulation but remain brittle across embodiments, weak in geometric grounding, and devoid of proactive collaboration mechanisms. These limitations indicate that scaling a single model alone cannot deliver reliable autonomy for service robots operating in human-populated settings. To address this gap, we present InteractGen, an LLM-powered multi-agent framework that decomposes robot intelligence into specialized a",2025,arXiv,Nan Sun; Bo Mao; Yongchang Li; Chenxu Wang; Di Guo; Huaping Liu,,2512.00797v1,http://arxiv.org/abs/2512.00797v1,arxiv,robot foundation model failure mode,hostile,failure,,,robot foundation model; failure mode; limitation; deployment,2026-06-12T14:45:03Z,14.850,22.850
doi:10.1177/0278364920921935,Data-driven Koopman operators for model-based shared control of human–machine systems,"We present a data-driven shared control algorithm that can be used to improve a human operator’s control of complex dynamic machines and achieve tasks that would otherwise be challenging, or impossible, for the user on their own. Our method assumes no a priori knowledge of the system dynamics. Instead, both the dynamics and information about the user’s interaction are learned from observation through the use of a Koopman operator. Using the learned model, we define an optimization problem to compute the autonomous partner’s control policy. Finally, we dynamically allocate control authority to each partner based on a comparison of the user input and the autonomously generated control. We refer to this idea as model-based shared control (MbSC). We evaluate the efficacy of our approach with two human subjects studies consisting of 32 total participants (16 subjects in each study). The first",2020,The International Journal of Robotics Research,Alexander Broad; Ian Abraham; Todd Murphey; Brenna Argall,10.1177/0278364920921935,,https://doi.org/10.1177/0278364920921935,crossref,transformer energy based model robotics,concept,ebm_transformer,,36,energy based model robotics; data efficiency,2026-06-12T15:07:36Z,22.805,22.805
doi:10.1109/smc54092.2024.10831687,Teleoperated Omni-directional Dual Arm Mobile Manipulation Robotic System with Shared Control for Retail Store,"The swiftly expanding retail sector is increasingly adopting autonomous mobile robots empowered by artificial intelligence and machine learning algorithms to gain an edge in the competitive market. However, these autonomous robots encounter challenges in adapting to the dynamic nature of retail products, often struggling to operate autonomously in novel situations. In this study, we introduce an omni-directional dual-arm mobile robot specifically tailored for use in retail environments. Additionally, we propose a tele-operation method that enables shared control between the robot and a human operator. This approach utilizes a Virtual Reality (VR) motion capture system to capture the operator's commands, which are then transmitted to the robot located remotely in a retail setting. Furthermore, the robot is equipped with heterogeneous grippers on both manipulators, facilitating the handlin",2026,arXiv,Rolif Lima; Somdeb Saha; Nijil George; Vismay Vakharia; Shubham Parab; Sahil Gaonkar; Vighnesh Vatsal; Kaushik Das,10.1109/smc54092.2024.10831687,2602.23923v1,http://arxiv.org/abs/2602.23923v1,arxiv,hybrid systems robot control manipulation,anti_myopia,control,,,mobile manipulation; hybrid systems,2026-06-12T15:07:36Z,19.800,22.800
doi:10.1177/02783649241285051,Model-predictive optimal control of ferrofluidic microrobots in three-dimensional space,"Ferrofluid microrobots have emerged as promising tools for minimally invasive medical procedures. Their unique properties to navigate complex fluids and reach otherwise inaccessible regions of the human body have enabled new applications in targeted drug delivery, tissue engineering, and diagnostics. This paper proposes a model-predictive controller for the external magnetic manipulation of ferrofluid microrobots in three dimensions (3D). The internal optimization routine of the controller determines appropriate changes in the applied electromagnetic field to minimize the deviation between the actual and desired trajectories of the microrobot. A linear system governing locomotion is derived and used as the equality constraints of the optimization problems associated with the feedback index. In addition to ferrofluid droplets, the controller presented in this work may be applied to other ",2025,The International Journal of Robotics Research,E Olga Skowronek; Luke S Baker; Reza Ahmed; Hamid Marvi,10.1177/02783649241285051,,https://doi.org/10.1177/02783649241285051,crossref,foundation model limitation robotics,anti_myopia,anti_thesis,,2,model predictive control; limitation; foundation model limitation robotics,2026-06-12T15:07:36Z,16.799,22.799
doi:10.1177/0278364920933654,Task-based hybrid shared control for training through forceful interaction,"Despite the fact that robotic platforms can provide both consistent practice and objective assessments of users over the course of their training, there are relatively few instances where physical human–robot interaction has been significantly more effective than unassisted practice or human-mediated training. This article describes a hybrid shared control robot, which enhances task learning through kinesthetic feedback. The assistance assesses user actions using a task-specific evaluation criterion and selectively accepts or rejects them at each time instant. Through two human subject studies (total [Formula: see text]), we show that this hybrid approach of switching between full transparency and full rejection of user inputs leads to increased skill acquisition and short-term retention compared with unassisted practice. Moreover, we show that the shared control paradigm exhibits featur",2020,The International Journal of Robotics Research,Kathleen Fitzsimons; Aleksandra Kalinowska; Julius P Dewald; Todd D Murphey,10.1177/0278364920933654,,https://doi.org/10.1177/0278364920933654,crossref,robotics,concept,crossref_bulk_robotics,,16,human robot interaction,2026-06-12T19:29:26Z,21.767,22.767
doi:10.3390/s21248229,A Human-Following Motion Planning and Control Scheme for Collaborative Robots Based on Human Motion Prediction,"Human–Robot Interaction (HRI) for collaborative robots has become an active research topic recently. Collaborative robots assist human workers in their tasks and improve their efficiency. However, the worker should also feel safe and comfortable while interacting with the robot. In this paper, we propose a human-following motion planning and control scheme for a collaborative robot which supplies the necessary parts and tools to a worker in an assembly process in a factory. In our proposed scheme, a 3-D sensing system is employed to measure the skeletal data of the worker. At each sampling time of the sensing system, an optimal delivery position is estimated using the real-time worker data. At the same time, the future positions of the worker are predicted as probabilistic distributions. A Model Predictive Control (MPC)-based trajectory planner is used to calculate a robot trajectory tha",2021,Sensors,Fahad Iqbal Khawaja; Akira Kanazawa; Jun Kinugawa; Kazuhiro Kosuge,10.3390/s21248229,,https://doi.org/10.3390/s21248229,crossref,sampling based motion planning,anti_myopia,anti_thesis,,11,model predictive control; motion planning; human robot interaction; sampling based motion planning,2026-06-12T15:07:36Z,17.692,22.692
doi:10.3390/electronics11152407,Planning Collision-Free Robot Motions in a Human–Robot Shared Workspace via Mixed Reality and Sensor-Fusion Skeleton Tracking,"The paper describes a method for planning collision-free motions of an industrial manipulator that shares the workspace with human operators during a human–robot collaborative application with strict safety requirements. The proposed workflow exploits the advantages of mixed reality to insert real entities into a virtual scene, wherein the robot control command is computed and validated by simulating robot motions without risks for the human. The proposed motion planner relies on a sensor-fusion algorithm that improves the 3D perception of the humans inside the robot workspace. Such an algorithm merges the estimations of the pose of the human bones reconstructed by means of a pointcloud-based skeleton tracking algorithm with the orientation data acquired from wearable inertial measurement units (IMUs) supposed to be fixed to the human bones. The algorithm provides a final reconstruction ",2022,Electronics,Saverio Farsoni; Jacopo Rizzi; Giulia Nenna Ufondu; Marcello Bonfè,10.3390/electronics11152407,,https://doi.org/10.3390/electronics11152407,crossref,robot world model failure planning,hostile,failure,,6,robot world model; motion planning; robot world model failure,2026-06-12T15:07:36Z,17.673,22.673
doi:10.1109/iros.2018.8593766,Recursive Bayesian Human Intent Recognition in Shared-Control Robotics,"Effective human-robot collaboration in shared control requires reasoning about the intentions of the human user. In this work, we present a mathematical formulation for human intent recognition during assistive teleoperation under shared autonomy. Our recursive Bayesian filtering approach models and fuses multiple non-verbal observations to probabilistically reason about the intended goal of the user. In addition to contextual observations, we model and incorporate the human agent's behavior as goal-directed actions with adjustable rationality to inform the underlying intent. We examine human inference on robot motion and furthermore validate our approach with a human subjects study that evaluates autonomy intent inference performance under a variety of goal scenarios and tasks, by novice subjects. Results show that our approach outperforms existing solutions and demonstrates that the pr",2018,,Siddarth Jain; Brenna Argall,10.1109/iros.2018.8593766,,https://doi.org/10.1109/iros.2018.8593766,openalex,robotics,concept,openalex_bulk_robotics,,53,teleoperation,2026-06-12T18:57:17Z,22.644,22.644
doi:10.1007/s00146-021-01210-3,Should my robot know what's best for me? Human–robot interaction between user experience and ethical design,"Abstract To integrate social robots in real-life contexts, it is crucial that they are accepted by the users. Acceptance is not only related to the functionality of the robot but also strongly depends on how the user experiences the interaction. Established design principles from usability and user experience research can be applied to the realm of human–robot interaction, to design robot behavior for the comfort and well-being of the user. Focusing the design on these aspects alone, however, comes with certain ethical challenges, especially regarding the user’s privacy and autonomy. Based on an example scenario of human–robot interaction in elder care, this paper discusses how established design principles can be used in social robotic design. It then juxtaposes these with ethical considerations such as privacy and user autonomy. Combining user experience and ethical perspectives, we pr",2021,AI & Society,Nora Fronemann; Kathrin Pollmann; Wulf Loh,10.1007/s00146-021-01210-3,,https://doi.org/10.1007/s00146-021-01210-3,openalex,robotics,concept,openalex_bulk_robotics,,62,human robot interaction,2026-06-12T18:57:17Z,22.622,22.622
doi:10.1109/coase.2016.7743497,A regret-based autonomy allocation scheme for human-robot shared vision systems in collaborative assembly in manufacturing,"In human-robot collaboration (HRC) for assembly, a robot needs to use its onboard vision systems to perform many sensing tasks. The robot's observations may not be always reliable due to erroneous sensing caused by limitations of the detection systems and disturbances. Hence, additional observations made by the robot or the human co-worker seem to be necessary. However, too much human involvement may increase human workload. Hence, allocation of autonomy through switching between autonomous and manual sensing (observation) modes seems to be reasonable. Bayesian sequential decision-making may be an approach to determine the optimal allocation of these modes in the presence of sensing uncertainties. However, optimal decision-making approaches such as the Bayesian approach may not necessarily fit with human's decision style. It has been shown that human regret plays a critical role in decis",2016,,S. M. Mizanoor Rahman; Zhanrui Liao; Longsheng Jiang; Yue Wang,10.1109/coase.2016.7743497,,https://doi.org/10.1109/coase.2016.7743497,openalex,robotics,concept,openalex_bulk_robotics,,30,human robot interaction; limitation,2026-06-12T18:57:17Z,21.617,22.617
doi:10.31763/ijrcs.v5i6.2102,Integration of Hybrid Active Disturbance Rejection with Sliding Mode Control for Robust Mechanical Ventilation,"This study addresses the challenge of precise control within the human respiratory system, a complex, nonlinear, and time-varying physiological process. The research contribution is to develop and evaluate a robust hybrid controller that integrates Active Disturbance Rejection Control (ADRC) with Sliding Mode Control (SMC) to overcome the limitations of traditional control methods. The respiratory system's behavior is modeled as a state-space system, where internal and external disturbances, such as changes in lung mechanics, patient effort, and environmental factors, can significantly impact performance. We conducted a series of simulations to validate the effectiveness of the proposed controller. The hybrid ADRC-SMC controller was rigorously compared with ADRC using a nonlinear PD controller (ADRC-NPD) across various simulated scenarios. The results demonstrate that the ADRC-SMC respon",2025,International Journal of Robotics and Control Systems,Mohammed Albaker Najm Abed; Zubaidah Saleem Hasan; Ahmed Zurfi,10.31763/ijrcs.v5i6.2102,,https://doi.org/10.31763/ijrcs.v5i6.2102,crossref,classical control robotics,anti_myopia,anti_thesis,,,limitation; robustness; classical control robotics,2026-06-12T15:07:36Z,16.600,22.600
doi:10.3390/robotics14120180,Sim2Real Transfer of Imitation Learning of Motion Control for Car-like Mobile Robots Using Digital Twin Testbed,"Reliable transfer of control policies from simulation to real-world robotic systems remains a central challenge in robotics, particularly for car-like mobile robots. Digital Twin (DT) technology provides a robust framework for high-fidelity replication of physical platforms and bi-directional synchronization between virtual and real environments. In this study, a DT-based testbed is developed to train and evaluate an imitation learning (IL) control framework in which a neural network policy learns to replicate the behavior of a hybrid Model Predictive Control (MPC)–Backstepping expert controller. The DT framework ensures consistent benchmarking between simulated and physical execution, supporting a structured and safe process for policy validation and deployment. Experimental analysis demonstrates that the learned policy effectively reproduces expert behavior, achieving bounded trajector",2025,Robotics,Narges Mohaghegh; Hai Wang; Amirmehdi Yazdani,10.3390/robotics14120180,,https://doi.org/10.3390/robotics14120180,crossref,task and motion planning robotics,anti_myopia,classic,,1,model predictive control; motion planning; task and motion planning; imitation learning; benchmark; deployment,2026-06-12T15:07:36Z,14.597,22.597
doi:10.1109/tmech.2014.2309118,Frequency-Shaped Impedance Control for Safe Human–Robot Interaction in Reference Tracking Application,"In the control of industrial robots, both safety and reference tracking performance are required. For safe human-robot interaction, robots should exhibit low mechanical (or controlled) impedance so that they react to the interaction forces in a compliant manner. On the other hand, the reference tracking requires for the robots to reject exogenous disturbances, which results in an increased impedance. In order to achieve these two conflicting objectives, a frequency-shaped impedance control (FSIC) method is proposed in this paper. The proposed method utilizes the two different functionalities of the disturbance observer (DOB): a disturbance estimation function as an observer and a disturbance rejection function as a feedback controller. Namely, the DOB is utilized as an observer at the frequencies where the robots interact with humans, while it is used as a feedback controller (i.e., dist",2014,IEEE/ASME Transactions on Mechatronics,Sehoon Oh; Hanseung Woo; Kyoungchul Kong,10.1109/tmech.2014.2309118,,https://doi.org/10.1109/tmech.2014.2309118,openalex,robotics,concept,openalex_bulk_robotics,,77,industrial robot; impedance control; human robot interaction; robustness,2026-06-12T18:57:17Z,21.578,22.578
doi:10.1109/irds.2002.1043932,Characterizing efficiency of human robot interaction: a case study of shared-control teleoperation,"Human-robot interaction is becoming an increasingly important research area. In this paper, we present a theoretical characterization of interaction efficiency with an aim towards designing a human-robot system with adjustable robot autonomy. In our approach, we analyze how modifying robot control schemes for a given autonomy mode can increase system performance and decrease workload demands on the human operator. We then perform a case study of the design of a shared-control teleoperation scheme and compare interaction efficiency against a traditional manual-control teleoperation scheme.",2003,,Jacob W. Crandall; Michael A. Goodrich,10.1109/irds.2002.1043932,,https://doi.org/10.1109/irds.2002.1043932,openalex,robotics,concept,openalex_bulk_robotics,,141,teleoperation; human robot interaction,2026-06-12T18:57:17Z,22.528,22.528
doi:10.1109/tnsre.2014.2302212,Embedded Human Control of Robots Using Myoelectric Interfaces,"Myoelectric controlled interfaces have become a research interest for use in advanced prostheses, exoskeletons, and robot teleoperation. Current research focuses on improving a user's initial performance, either by training a decoding function for a specific user or implementing ""intuitive"" mapping functions as decoders. However, both approaches are limiting, with the former being subject specific, and the latter task specific. This paper proposes a paradigm shift on myoelectric interfaces by embedding the human as controller of the system to be operated. Using abstract mapping functions between myoelectric activity and control actions for a task, this study shows that human subjects are able to control an artificial system with increasing efficiency by just learning how to control it. The method efficacy is tested by using two different control tasks and four different abstract mappings",2014,IEEE Transactions on Neural Systems and Rehabilitation Engineering,Chris Wilson Antuvan; Mark Ison; Panagiotis Artemiadis,10.1109/tnsre.2014.2302212,,https://doi.org/10.1109/tnsre.2014.2302212,openalex,robotics,concept,openalex_bulk_robotics,,66,teleoperation; limitation,2026-06-12T18:57:17Z,21.502,22.502
doi:10.1007/s43154-020-00024-3,Autonomous Weapons Systems and Meaningful Human Control: Ethical and Legal Issues,"Abstract Purpose of Review To provide readers with a compact account of ongoing academic and diplomatic debates about autonomy in weapons systems, that is, about the moral and legal acceptability of letting a robotic system to unleash destructive force in warfare and take attendant life-or-death decisions without any human intervention. Recent Findings A précis of current debates is provided, which focuses on the requirement that all weapons systems, including autonomous ones, should remain under meaningful human control (MHC) in order to be ethically acceptable and lawfully employed. Main approaches to MHC are described and briefly analyzed, distinguishing between uniform, differentiated, and prudential policies for human control on weapons systems. Summary The review highlights the crucial role played by the robotics research community to start ethical and legal debates about autonomy ",2020,Current Robotics Reports,Daniele Amoroso; Guglielmo Tamburrini,10.1007/s43154-020-00024-3,,https://doi.org/10.1007/s43154-020-00024-3,crossref,robotics,concept,crossref_bulk_robotics,,63,,2026-06-12T19:29:26Z,22.429,22.429
doi:10.1142/s2301385024500286,Hierarchical MPC-based Motion Planning for Automated Vehicles in Parallel Autonomy,"Automated vehicles with parallel autonomy show advantages over fully automated vehicles and manual driving. This paper proposes a hierarchical motion planning method that mixes inputs of human drivers and the automated driving systems for automated vehicles in scenarios such as multi-lane roads and multi-intersections with dynamic obstacles. The proposed method comprises a reference path generator in the upper level and a nonlinear model predictive controller with mixed human-vehicle control in the lower level. The path planner considers dynamic obstacles, static obstacles, and human comfort to generate a reference path composed of splines with continuous curvatures in the upper level. In the lower level, the MPC generates a trajectory by tracking the reference path and optimizing the cost function containing inputs of drivers while avoiding both dynamic and static obstacles. The simulat",2024,Unmanned Systems,Zijun Cheng; Xianlin Zeng; Hao Fang; Gang Wang; Lihua Dou,10.1142/s2301385024500286,,https://doi.org/10.1142/s2301385024500286,crossref,sampling based motion planning,anti_myopia,anti_thesis,,6,model predictive control; motion planning; sampling based motion planning,2026-06-12T15:07:36Z,17.373,22.373
doi:10.1007/s00422-018-0750-5,Bipedal robotic walking control derived from analysis of human locomotion,"This paper proposes the design of a bipedal robotic controller where the function between the sensory input and motor output is treated as a black box derived from human data. In order to achieve this, we investigated the causal relationship between ground contact information from the feet and leg muscle activity n human walking and calculated filter functions which transform sensory signals to motor actions. A minimal, nonlinear, and robust control system was created and subsequently analysed by applying it to our bipedal robot RunBot III without any central pattern generators or precise trajectory control. The results demonstrate that our controller can generate stable robotic walking. This indicates that complex locomotion patterns can result from a simple model based on reflexes and supports the premise that human-derived control strategies have potential applications in robotics or ",2018,Biological Cybernetics,Lin Meng; Catherine Macleod; Bernd Porr; H. Gollee,10.1007/s00422-018-0750-5,,https://doi.org/10.1007/s00422-018-0750-5,openalex,energy based model robot learning,concept,ebm,,14,,2026-06-12T18:26:24Z,21.354,22.354
doi:10.1109/cac59555.2023.10451701,Double-loop Human-Robot Shared Control for Trajectory Tracking of an Underwater Robot,,2023,2023 China Automation Congress (CAC),Yongxu He; Yuxin Zhao; Geng Xu,10.1109/cac59555.2023.10451701,,https://doi.org/10.1109/cac59555.2023.10451701,crossref,control barrier functions robot learning,anti_myopia,control,,2,control barrier function,2026-06-12T15:07:36Z,19.349,22.349
doi:10.52783/jisem.v10i50s.10219,Self-Supervised Learning for Generalizable AI: Bridging the Gap Between Pretraining and Real-World Deployment,Representation learning received a breakthrough with self-supervised learning (SSL) because it uses big unlabeled datasets to remove the need for human annotation. The robustness of SSL models weakens quickly during real-world deployment because they struggle to perform well in domain shift situations and out-of-distribution (OOD) environments. The critical limitation of poor generalization across different environments receives a solution from this research through the creation of Causal-Contrastive Self-Supervised Learning (C2SSL) which merges contrastive learning with causal inference to discover invariant features. The main breakthrough stems from constructing causal models of data structures to make models focus on constant features while decreasing the impact of spurious pattern correlations that normally degrade generalization results. The evaluation of our method occurs in three ,2025,Journal of Information Systems Engineering and Management,Mohammed Basil Abdulkareem,10.52783/jisem.v10i50s.10219,,https://doi.org/10.52783/jisem.v10i50s.10219,crossref,real world robot learning deployment,concept,deployment,,,self supervised learning; limitation; generalization; out of distribution; robustness; ablation; deployment,2026-06-12T15:07:36Z,13.300,22.300
doi:10.3389/frobt.2021.734548,Coordinating Shared Tasks in Human-Robot Collaboration by Commands,"Human-robot collaboration is gaining more and more interest in industrial settings, as collaborative robots are considered safe and robot actions can be programmed easily by, for example, physical interaction. Despite this, robot programming mostly focuses on automated robot motions and interactive tasks or coordination between human and robot still requires additional developments. For example, the selection of which tasks or actions a robot should do next might not be known beforehand or might change at the last moment. Within a human-robot collaborative setting, the coordination of complex shared tasks, is therefore more suited to a human, where a robot would act upon requested commands.In this work we explore the utilization of commands to coordinate a shared task between a human and a robot, in a shared work space. Based on a known set of higher-level actions (e.g., pick-and-placeme",2021,Frontiers in Robotics and AI,Alexandre Angleraud; Amir Mehman Sefat; Metodi Netzev; Roel Pieters,10.3389/frobt.2021.734548,,https://doi.org/10.3389/frobt.2021.734548,crossref,EBM transformer robotics assistive robot,concept,architecture_x_embodiment,,31,EBM transformer robotics; assistive robot,2026-06-12T15:07:36Z,22.283,22.283
doi:10.1109/tsmc.2022.3216206,Analog Twin Framework for Human and AI Supervisory Control and Teleoperation of Robots,"Resource-constrained mobile robots that lack the capability to be completely autonomous can rely on a human or artificial intelligence (AI) supervisor acting at a remote site (e.g., control station or cloud) for their control. Such a supervised autonomy or cloud-based control of a robot poses high networking and computing capabilities requirements at both sites, which are not easy to achieve. This article introduces and analyzes a new analog twin (AT) framework by synchronizing mobility between two mobile robots, where one robot acts as an AT to the other robot. We devise a novel priority-based supervised bilateral teleoperation strategy for goal navigation tasks to validate the proposed framework. The practical implementation of a supervised control strategy on this framework entails a mobile robot system divided into a Master–Client scheme over a communication channel where the Client ",2022,IEEE Transactions on Systems Man and Cybernetics Systems,Nazish Tahir; Ramviyas Parasuraman,10.1109/tsmc.2022.3216206,,https://doi.org/10.1109/tsmc.2022.3216206,openalex,robotics,concept,openalex_bulk_robotics,,18,teleoperation,2026-06-12T18:57:17Z,22.272,22.272
doi:10.1109/acc.2014.6859352,Blending of human and obstacle avoidance control for a high speed mobile robot,"Humans remain in the loop in teleoperation because they have some knowledge that the robot they are controlling does not. At the same time teleoperated robots can be programmed to be very good at many tasks, such as avoiding obstacles. Therefore, sharing control between a human and semi-autonomous behaviors on a robot has great potential. This paper presents a model predictive control (MPC) shared control framework for blending human inputs with autonomous behavior inputs. This work adds consideration of how the human input differs from that of an autonomous controller in addition to threat of collision. The framework is applied to a high speed differential drive robot moving through an obstacle field. Preliminary tests by the authors compared the MPC shared control framework to switching obstacle avoidance on/off and the proposed MPC shared control gives the human up to 26% more control",2014,,Justin Storms; Dawn M. Tilbury,10.1109/acc.2014.6859352,,https://doi.org/10.1109/acc.2014.6859352,openalex,robotics,concept,openalex_bulk_robotics,,36,model predictive control; teleoperation,2026-06-12T18:57:17Z,21.205,22.205
doi:10.3389/frobt.2022.733954,Perception is Only Real When Shared: A Mathematical Model for Collaborative Shared Perception in Human-Robot Interaction,"Partners have to build a shared understanding of their environment in everyday collaborative tasks by aligning their perceptions and establishing a common ground. This is one of the aims of shared perception: revealing characteristics of the individual perception to others with whom we share the same environment. In this regard, social cognitive processes, such as joint attention and perspective-taking, form a shared perception. From a Human-Robot Interaction (HRI) perspective, robots would benefit from the ability to establish shared perception with humans and a common understanding of the environment with their partners. In this work, we wanted to assess whether a robot, considering the differences in perception between itself and its partner, could be more effective in its helping role and to what extent this improves task completion and the interaction experience. For this purpose, w",2022,Frontiers in Robotics and AI,Marco Matarese; Francesco Rea; Alessandra Sciutti,10.3389/frobt.2022.733954,,https://doi.org/10.3389/frobt.2022.733954,crossref,robot foundation model failure mode,hostile,failure,,9,robot foundation model; human robot interaction; failure mode,2026-06-12T15:07:36Z,18.201,22.201
doi:10.1109/iecon58223.2025.11221286,Stable Haptic Shared Autonomy for Wall Landing of Two-Wheeled Drones via Control Barrier Functions,,2025,IECON 2025 – 51st Annual Conference of the IEEE Industrial Electronics Society,Seri Tanaka; Satoshi Nakano; Gennaro Notomista; Manabu Yamada,10.1109/iecon58223.2025.11221286,,https://doi.org/10.1109/iecon58223.2025.11221286,crossref,control barrier functions robot learning,anti_myopia,control,,,control barrier function,2026-06-12T15:07:36Z,19.200,22.200
doi:10.1016/j.ifacol.2025.12.489,Human–Centered Cooperative Control Coupling Autonomous and Haptic Shared Control via Control Barrier Function,,2025,IFAC-PapersOnLine,Eito Sato; Takahiro Wada,10.1016/j.ifacol.2025.12.489,,https://doi.org/10.1016/j.ifacol.2025.12.489,crossref,control barrier functions robot learning,anti_myopia,control,,,control barrier function,2026-06-12T15:07:36Z,19.200,22.200
arxiv:2503.15491v1,Agreeing to Interact in Human-Robot Interaction using Large Language Models and Vision Language Models,"In human-robot interaction (HRI), the beginning of an interaction is often complex. Whether the robot should communicate with the human is dependent on several situational factors (e.g., the current human's activity, urgency of the interaction, etc.). We test whether large language models (LLM) and vision language models (VLM) can provide solutions to this problem. We compare four different system-design patterns using LLMs and VLMs, and test on a test set containing 84 human-robot situations. The test set mixes several publicly available datasets and also includes situations where the appropriate action to take is open-ended. Our results using the GPT-4o and Phi-3 Vision model indicate that LLMs and VLMs are capable of handling interaction beginnings when the desired actions are clear, however, challenge remains in the open-ended situations where the model must balance between the human",2025,arXiv,Kazuhiro Sasabuchi; Naoki Wake; Atsushi Kanehira; Jun Takamatsu; Katsushi Ikeuchi,,2503.15491v1,http://arxiv.org/abs/2503.15491v1,arxiv,vision language action model limitation robotics,hostile,failure,,,vision language action model; human robot interaction; limitation,2026-06-12T14:45:03Z,17.200,22.200
doi:10.1126/scirobotics.aat1186,Teaching robots social autonomy from in situ human guidance,"Striking the right balance between robot autonomy and human control is a core challenge in social robotics, in both technical and ethical terms. On the one hand, extended robot autonomy offers the potential for increased human productivity and for the off-loading of physical and cognitive tasks. On the other hand, making the most of human technical and social expertise, as well as maintaining accountability, is highly desirable. This is particularly relevant in domains such as medical therapy and education, where social robots hold substantial promise, but where there is a high cost to poorly performing autonomous systems, compounded by ethical concerns. We present a field study in which we evaluate SPARC (supervised progressively autonomous robot competencies), an innovative approach addressing this challenge whereby a robot progressively learns appropriate autonomous behavior from in s",2019,Science Robotics,Emmanuel Senft; Séverin Lemaignan; Paul Baxter; Madeleine Bartlett; Tony Belpaeme,10.1126/scirobotics.aat1186,,https://doi.org/10.1126/scirobotics.aat1186,openalex,energy based model robot learning,concept,ebm,,51,human demonstration; human robot interaction,2026-06-12T18:05:07Z,22.176,22.176
doi:10.1109/tnsre.2019.2958076,A Bayesian Shared Control Approach for Wheelchair Robot With Brain Machine Interface,"To enhance the performance of the brain-actuated robot system, a novel shared controller based on Bayesian approach is proposed for intelligently combining robot automatic control and brain-actuated control, which takes into account the uncertainty of robot perception, action and human control. Based on maximum a posteriori probability (MAP), this method establishes the probabilistic models of human and robot control commands to realize the optimal control of a brain-actuated shared control system. Application on an intelligent Bayesian shared control system based on steady-state visual evoked potential (SSVEP)-based brain machine interface (BMI) is presented for all-time continuous wheelchair navigation task. Moreover, to obtain more accurate brain control commands for shared controller and adapt the proposed system to the uncertainty of electroencephalogram (EEG), a hierarchical brain ",2020,IEEE Transactions on Neural Systems and Rehabilitation Engineering,Xiaoyan Deng; Zhu Liang Yu; Canguang Lin; Zhenghui Gu; Yuanqing Li,10.1109/tnsre.2019.2958076,,https://doi.org/10.1109/tnsre.2019.2958076,openalex,robotics,concept,openalex_bulk_robotics,,67,,2026-06-12T18:57:17Z,20.160,22.160
doi:10.1146/annurev-control-062420-090543,Autonomy in Surgical Robotics,"This review examines the dichotomy between automatic and autonomous behaviors in surgical robots, maps the possible levels of autonomy of these robots, and describes the primary enabling technologies that are driving research in this field. It is organized in five main sections that cover increasing levels of autonomy. At level 0, where the bulk of commercial platforms are, the robot has no decision autonomy. At level 1, the robot can provide cognitive and physical assistance to the surgeon, while at level 2, it can autonomously perform a surgical task. Level 3 comes with conditional autonomy, enabling the robot to plan a task and update planning during execution. Finally, robots at level 4 can plan and execute a sequence of surgical tasks autonomously.",2021,"Annual Review of Control, Robotics, and Autonomous Systems",Aleks Attanasio; Bruno Scaglioni; Elena De Momi; Paolo Fiorini; Pietro Valdastri,10.1146/annurev-control-062420-090543,,https://doi.org/10.1146/annurev-control-062420-090543,crossref,classical control robotics,anti_myopia,anti_thesis,,221,surgical robot; classical control robotics,2026-06-12T15:07:36Z,18.151,22.151
doi:10.1126/scirobotics.adi8852,"Estimating human joint moments unifies exoskeleton control, reducing user effort","Robotic lower-limb exoskeletons can augment human mobility, but current systems require extensive, context-specific considerations, limiting their real-world viability. Here, we present a unified exoskeleton control framework that autonomously adapts assistance on the basis of instantaneous user joint moment estimates from a temporal convolutional network (TCN). When deployed on our hip exoskeleton, the TCN achieved an average root mean square error of 0.142 newton-meters per kilogram across 35 ambulatory conditions without any user-specific calibration. Further, the unified controller significantly reduced user metabolic cost and lower-limb positive work during level-ground and incline walking compared with walking without wearing the exoskeleton. This advancement bridges the gap between in-lab exoskeleton technology and real-world human ambulation, making exoskeleton control technology",2024,Science Robotics,Dean D. Molinaro; Inseung Kang; Aaron J. Young,10.1126/scirobotics.adi8852,,https://doi.org/10.1126/scirobotics.adi8852,crossref,robotics,concept,crossref_bulk_robotics,,108,,2026-06-12T19:29:26Z,21.146,22.146
doi:10.1109/telepresence63209.2024.10841639,Augmenting Robot Teleoperation with Shared Autonomy via Model Predictive Control,,2024,2024 IEEE Conference on Telepresence,Rolif Lima; Somdeb Saha; Vismay Vakharia; Vighnesh Vatsal; Kaushik Das,10.1109/telepresence63209.2024.10841639,,https://doi.org/10.1109/telepresence63209.2024.10841639,crossref,teleoperation data robot foundation model,concept,human_data,,3,robot foundation model; model predictive control; teleoperation,2026-06-12T14:45:03Z,21.093,22.093
doi:10.1177/02783649231179753,Integrated planning and control of robotic surgical instruments for task autonomy,"Agile maneuvers are essential for robot-enabled complex tasks such as surgical procedures. Prior explorations on surgery autonomy are limited to feasibility study of completing a single task without systematically addressing generic manipulation safety across different tasks. We present an integrated planning and control framework for 6-DoF robotic instruments for pipeline automation of surgical tasks. We leverage the geometry of a robotic instrument and propose the nodal state space to represent the robot state in SE (3) space. Each elementary robot motion could be encoded by regulation of the state parameters via a dynamical system. This theoretically ensures that every in-process trajectory is globally feasible and stably reached to an admissible target, and the controller is of closed-form without computing 6-DoF inverse kinematics. Then, to plan the motion steps reliably, we propose",2023,The International Journal of Robotics Research,Fangxun Zhong; Yun-Hui Liu,10.1177/02783649231179753,,https://doi.org/10.1177/02783649231179753,crossref,task and motion planning robotics,anti_myopia,classic,,11,motion planning; task and motion planning,2026-06-12T15:07:36Z,18.092,22.092
doi:10.1109/icra46639.2022.9811853,Adaptive Impedance Controller for Human-Robot Arbitration based on Cooperative Differential Game Theory,"The problem addressed in this work is the arbitration of the role between a robot and a human during physical Human-Robot Interaction, sharing a common task. The system is modeled as a Cartesian impedance, with two separate external forces provided by the human and the robot. The problem is then reformulated as a Cooperative Differential Game, which possibly has multiple solutions on the Pareto frontier. Finally, the bargaining problem is addressed by proposing a solution depending on the interaction force, interpreted as the human will to lead or follow. This defines the arbitration law and assigns the role of leader or follower to the robot. Experiments show the feasibility and capabilities of the proposed control in managing the human-robot arbitration during a shared- trajectory following task.",2022,2022 International Conference on Robotics and Automation (ICRA),Paolo Franceschi; Nicola Pedrocchi; Manuel Beschi,10.1109/icra46639.2022.9811853,,https://doi.org/10.1109/icra46639.2022.9811853,openalex,robotics,concept,openalex_bulk_robotics,,24,impedance control; human robot interaction,2026-06-12T18:57:17Z,22.059,22.059
doi:10.1007/s12555-022-0728-x,Research on Human-robot Shared Control of Throat Swab Sampling Robot Based on Intention Estimation,,2024,"International Journal of Control, Automation and Systems",Ying-Long Chen; Fu-Jun Song; Heng-Fei Yan; Peng-Yu Zhao; Yong-Jun Gong,10.1007/s12555-022-0728-x,,https://doi.org/10.1007/s12555-022-0728-x,crossref,hybrid systems robot control manipulation,anti_myopia,control,,,hybrid systems,2026-06-12T15:07:36Z,19.000,22.000
doi:10.18466/cbayarfbe.1738853,Comparative Analysis of PID and Sliding Mode Control for a 3-DoF RRR Robot Arm,"This study presents a comparative analysis of Proportional-Integral-Derivative (PID) and Sliding Mode Control (SMC) methods applied to a custom-designed and 3D-printed 3-Degree-of-Freedom (3-DoF) Revolute-Revolute-Revolute (RRR) robotic manipulator. A central contribution of this work is the development of a dual-environment validation framework that integrates ROS Noetic with the Gazebo simulation platform, enabling seamless testing of controllers in both virtual and physical settings. This framework provides a practical pathway for bridging the gap between simulation-based evaluations and real-world experimentation, an aspect that remains underexplored in existing studies. The performance of both controllers is assessed through joint position errors, trajectory tracking accuracy, and torque demands for a cubic trajectory application. Experimental results show that while both controller",2025,Celal Bayar Üniversitesi Fen Bilimleri Dergisi,Dilara Galeli; Kamil Çetin,10.18466/cbayarfbe.1738853,,https://doi.org/10.18466/cbayarfbe.1738853,crossref,robot foundation model failure mode,hostile,failure,,1,robot foundation model; failure mode; limitation,2026-06-12T15:07:36Z,14.997,21.997
doi:10.18196/jrc.v3i6.16064,A Comparative Study Between Convolution and Optimal Backstepping Controller for Single Arm Pneumatic Artificial Muscles,"This study was based on the dynamic modeling and parameter characterization of the one-link robot arm driven by pneumatic artificial muscles. This work discusses an up-to-date control design based on the notion of a conventional and optimal backstepping controller for regulating a one-link robot arm with conflicting biceps and triceps positions supplied by pneumatic artificial muscles. The main problems found in systems that utilize pneumatic artificial muscle as actuators are primarily the large uncertainties, non-linearities, and time-varying features that severely impede movement performance in tracking control. In consideration of the uncertainty, high nonlinearity, and external disturbances that can exist during the motion. Lyapunov-based backstepping control technique was utilized to assure the stability of the system with improved dynamic performance. The bat algorithm optimizatio",2022,Journal of Robotics and Control (JRC),Amna Suri Ahmed; Saleem Khalefa Kadhim,10.18196/jrc.v3i6.16064,,https://doi.org/10.18196/jrc.v3i6.16064,crossref,classical control robotics,anti_myopia,anti_thesis,,3,classical control robotics,2026-06-12T15:07:36Z,16.993,21.993
doi:10.1016/j.net.2024.06.005,Nonlinear Model Predictive Control (NMPC) based shared autonomy for bilateral teleoperation in CFETR Remote Handling,,2024,Nuclear Engineering and Technology,Jun Zhang; Xuanchen Zhang; Yong Cheng; Yang Cheng; Qiong Zhang; Kun Lu,10.1016/j.net.2024.06.005,,https://doi.org/10.1016/j.net.2024.06.005,crossref,teleoperation data robot foundation model,concept,human_data,,2,robot foundation model; model predictive control; teleoperation,2026-06-12T15:07:36Z,20.949,21.949
